17:23:09 DEBUG : Logs will be stored at 'E:/kevin/myCode/microBlaze200-100/vitisJson/IDE.log'.
17:23:10 INFO  : Launching XSCT server: xsct.bat -n  -interactive E:\kevin\myCode\microBlaze200-100\vitisJson\temp_xsdb_launch_script.tcl
17:23:10 INFO  : Registering command handlers for Vitis TCF services
17:23:11 INFO  : Platform repository initialization has completed.
17:23:12 INFO  : XSCT server has started successfully.
17:23:12 INFO  : Successfully done setting XSCT server connection channel  
17:23:12 INFO  : plnx-install-location is set to ''
17:23:12 INFO  : Successfully done setting workspace for the tool. 
17:23:12 INFO  : Successfully done query RDI_DATADIR 
17:23:42 INFO  : Result from executing command 'getProjects': syncBlaze
17:23:42 INFO  : Result from executing command 'getPlatforms': xilinx_vck190_base_202220_1|D:/Xilinx202202/Vitis/2022.2/base_platforms/xilinx_vck190_base_202220_1/xilinx_vck190_base_202220_1.xpfm;xilinx_vck190_base_dfx_202220_1|D:/Xilinx202202/Vitis/2022.2/base_platforms/xilinx_vck190_base_dfx_202220_1/xilinx_vck190_base_dfx_202220_1.xpfm;xilinx_vmk180_base_202220_1|D:/Xilinx202202/Vitis/2022.2/base_platforms/xilinx_vmk180_base_202220_1/xilinx_vmk180_base_202220_1.xpfm;xilinx_zcu102_base_202220_1|D:/Xilinx202202/Vitis/2022.2/base_platforms/xilinx_zcu102_base_202220_1/xilinx_zcu102_base_202220_1.xpfm;xilinx_zcu102_base_dfx_202220_1|D:/Xilinx202202/Vitis/2022.2/base_platforms/xilinx_zcu102_base_dfx_202220_1/xilinx_zcu102_base_dfx_202220_1.xpfm;xilinx_zcu104_base_202220_1|D:/Xilinx202202/Vitis/2022.2/base_platforms/xilinx_zcu104_base_202220_1/xilinx_zcu104_base_202220_1.xpfm
17:25:20 INFO  : Hardware specification for platform project 'syncBlaze' is updated.
17:25:30 INFO  : Result from executing command 'getProjects': syncBlaze
17:25:30 INFO  : Result from executing command 'getPlatforms': syncBlaze|E:/kevin/myCode/microBlaze200-100/vitisJson/syncBlaze/export/syncBlaze/syncBlaze.xpfm;xilinx_vck190_base_202220_1|D:/Xilinx202202/Vitis/2022.2/base_platforms/xilinx_vck190_base_202220_1/xilinx_vck190_base_202220_1.xpfm;xilinx_vck190_base_dfx_202220_1|D:/Xilinx202202/Vitis/2022.2/base_platforms/xilinx_vck190_base_dfx_202220_1/xilinx_vck190_base_dfx_202220_1.xpfm;xilinx_vmk180_base_202220_1|D:/Xilinx202202/Vitis/2022.2/base_platforms/xilinx_vmk180_base_202220_1/xilinx_vmk180_base_202220_1.xpfm;xilinx_zcu102_base_202220_1|D:/Xilinx202202/Vitis/2022.2/base_platforms/xilinx_zcu102_base_202220_1/xilinx_zcu102_base_202220_1.xpfm;xilinx_zcu102_base_dfx_202220_1|D:/Xilinx202202/Vitis/2022.2/base_platforms/xilinx_zcu102_base_dfx_202220_1/xilinx_zcu102_base_dfx_202220_1.xpfm;xilinx_zcu104_base_202220_1|D:/Xilinx202202/Vitis/2022.2/base_platforms/xilinx_zcu104_base_202220_1/xilinx_zcu104_base_202220_1.xpfm
17:25:44 INFO  : Checking for BSP changes to sync application flags for project 'syncMain'...
17:25:55 INFO  : Connected to target on host '127.0.0.1' and port '3121'.
17:25:55 INFO  : Jtag cable 'Digilent JTAG-HS2 201706300081' is selected.
17:25:55 INFO  : 'jtag frequency' command is executed.
17:25:55 INFO  : 'targets -set -filter {jtag_cable_name =~ "Digilent JTAG-HS2 201706300081" && level==0 && jtag_device_ctx=="jsn-JTAG-HS2-201706300081-13631093-0"}' command is executed.
17:25:58 INFO  : Device configured successfully with "E:/kevin/myCode/microBlaze200-100/vitisJson/syncMain/_ide/bitstream/design_1_wrapper.bit"
17:25:58 INFO  : Context for processor 'microblaze_0' is selected.
17:25:58 INFO  : Hardware design and registers information is loaded from 'E:/kevin/myCode/microBlaze200-100/vitisJson/syncBlaze/export/syncBlaze/hw/design_1_wrapper.xsa'.
17:25:58 INFO  : 'configparams mdm-detect-bscan-mask 2' command is executed.
17:25:58 INFO  : Context for processor 'microblaze_0' is selected.
17:25:58 INFO  : System reset is completed.
17:26:01 INFO  : 'after 3000' command is executed.
17:26:01 INFO  : Context for processor 'microblaze_0' is selected.
17:26:02 INFO  : The application 'E:/kevin/myCode/microBlaze200-100/vitisJson/syncMain/Debug/syncMain.elf' is downloaded to processor 'microblaze_0'.
17:26:02 INFO  : ----------------XSDB Script----------------
connect -url tcp:127.0.0.1:3121
targets -set -filter {jtag_cable_name =~ "Digilent JTAG-HS2 201706300081" && level==0 && jtag_device_ctx=="jsn-JTAG-HS2-201706300081-13631093-0"}
fpga -file E:/kevin/myCode/microBlaze200-100/vitisJson/syncMain/_ide/bitstream/design_1_wrapper.bit
targets -set -nocase -filter {name =~ "*microblaze*#0" && bscan=="USER2" }
loadhw -hw E:/kevin/myCode/microBlaze200-100/vitisJson/syncBlaze/export/syncBlaze/hw/design_1_wrapper.xsa -regs
configparams mdm-detect-bscan-mask 2
targets -set -nocase -filter {name =~ "*microblaze*#0" && bscan=="USER2" }
rst -system
after 3000
targets -set -nocase -filter {name =~ "*microblaze*#0" && bscan=="USER2" }
dow E:/kevin/myCode/microBlaze200-100/vitisJson/syncMain/Debug/syncMain.elf
----------------End of Script----------------

17:26:02 INFO  : Context for processor 'microblaze_0' is selected.
17:26:02 INFO  : 'con' command is executed.
17:26:02 INFO  : ----------------XSDB Script (After Launch)----------------
targets -set -nocase -filter {name =~ "*microblaze*#0" && bscan=="USER2" }
con
----------------End of Script----------------

17:26:02 INFO  : Launch script is exported to file 'E:\kevin\myCode\microBlaze200-100\vitisJson\syncMain_system\_ide\scripts\systemdebugger_syncmain_system_standalone.tcl'
17:26:13 INFO  : Checking for BSP changes to sync application flags for project 'syncMain'...
17:26:25 INFO  : Disconnected from the channel tcfchan#2.
17:26:25 INFO  : Connected to target on host '127.0.0.1' and port '3121'.
17:26:25 INFO  : Jtag cable 'Digilent JTAG-HS2 201706300081' is selected.
17:26:25 INFO  : 'jtag frequency' command is executed.
17:26:25 INFO  : 'targets -set -filter {jtag_cable_name =~ "Digilent JTAG-HS2 201706300081" && level==0 && jtag_device_ctx=="jsn-JTAG-HS2-201706300081-13631093-0"}' command is executed.
17:26:28 INFO  : Device configured successfully with "E:/kevin/myCode/microBlaze200-100/vitisJson/syncMain/_ide/bitstream/design_1_wrapper.bit"
17:26:28 INFO  : Context for processor 'microblaze_0' is selected.
17:26:28 INFO  : Hardware design and registers information is loaded from 'E:/kevin/myCode/microBlaze200-100/vitisJson/syncBlaze/export/syncBlaze/hw/design_1_wrapper.xsa'.
17:26:28 INFO  : 'configparams mdm-detect-bscan-mask 2' command is executed.
17:26:28 INFO  : Context for processor 'microblaze_0' is selected.
17:26:28 INFO  : System reset is completed.
17:26:31 INFO  : 'after 3000' command is executed.
17:26:31 INFO  : Context for processor 'microblaze_0' is selected.
17:26:32 INFO  : The application 'E:/kevin/myCode/microBlaze200-100/vitisJson/syncMain/Debug/syncMain.elf' is downloaded to processor 'microblaze_0'.
17:26:32 INFO  : ----------------XSDB Script----------------
connect -url tcp:127.0.0.1:3121
targets -set -filter {jtag_cable_name =~ "Digilent JTAG-HS2 201706300081" && level==0 && jtag_device_ctx=="jsn-JTAG-HS2-201706300081-13631093-0"}
fpga -file E:/kevin/myCode/microBlaze200-100/vitisJson/syncMain/_ide/bitstream/design_1_wrapper.bit
targets -set -nocase -filter {name =~ "*microblaze*#0" && bscan=="USER2" }
loadhw -hw E:/kevin/myCode/microBlaze200-100/vitisJson/syncBlaze/export/syncBlaze/hw/design_1_wrapper.xsa -regs
configparams mdm-detect-bscan-mask 2
targets -set -nocase -filter {name =~ "*microblaze*#0" && bscan=="USER2" }
rst -system
after 3000
targets -set -nocase -filter {name =~ "*microblaze*#0" && bscan=="USER2" }
dow E:/kevin/myCode/microBlaze200-100/vitisJson/syncMain/Debug/syncMain.elf
----------------End of Script----------------

17:26:32 INFO  : Context for processor 'microblaze_0' is selected.
17:26:32 INFO  : 'con' command is executed.
17:26:32 INFO  : ----------------XSDB Script (After Launch)----------------
targets -set -nocase -filter {name =~ "*microblaze*#0" && bscan=="USER2" }
con
----------------End of Script----------------

17:26:32 INFO  : Launch script is exported to file 'E:\kevin\myCode\microBlaze200-100\vitisJson\syncMain_system\_ide\scripts\systemdebugger_syncmain_system_standalone.tcl'
17:27:52 INFO  : Bit file 'E:/kevin/myCode/microBlaze200-100/vitisJson/syncMain/_ide/bitstream/download.bit' is generated.
17:27:52 INFO  : Connected to target on host '127.0.0.1' and port '3121'.
17:27:52 INFO  : 'targets -set -filter {jtag_cable_name =~ "Digilent JTAG-HS2 201706300081" && level==0 && jtag_device_ctx=="jsn-JTAG-HS2-201706300081-13631093-0"}' command is executed.
17:27:56 INFO  : Device configured successfully with "E:/kevin/myCode/microBlaze200-100/vitisJson/syncMain/_ide/bitstream/download.bit"
17:30:33 INFO  : Connected to target on host '127.0.0.1' and port '3121'.
17:31:30 INFO  : Invoking Bootgen: bootgen -arch fpga -image E:/kevin/myCode/microBlaze200-100/vitisJson/syncMain_system/_ide/flash/bootimage.bif -w -o E:/kevin/myCode/microBlaze200-100/vitisJson/syncMain_system/_ide/flash/BOOT.bin  -interface spi
17:31:31 INFO  : Bootgen command execution is done.
10:33:19 INFO  : Disconnected from the channel tcfchan#3.
10:33:19 INFO  : Connected to target on host '127.0.0.1' and port '3121'.
10:33:20 INFO  : Jtag cable 'Digilent JTAG-HS2 201706300081' is selected.
10:33:20 INFO  : 'jtag frequency' command is executed.
10:33:20 INFO  : 'targets -set -filter {jtag_cable_name =~ "Digilent JTAG-HS2 201706300081" && level==0 && jtag_device_ctx=="jsn-JTAG-HS2-201706300081-13631093-0"}' command is executed.
10:33:23 INFO  : Device configured successfully with "E:/kevin/myCode/microBlaze200-100/vitisJson/syncMain/_ide/bitstream/download.bit"
10:33:23 INFO  : Context for processor 'microblaze_0' is selected.
10:33:23 INFO  : Hardware design and registers information is loaded from 'E:/kevin/myCode/microBlaze200-100/vitisJson/syncBlaze/export/syncBlaze/hw/design_1_wrapper.xsa'.
10:33:23 INFO  : 'configparams mdm-detect-bscan-mask 2' command is executed.
10:33:23 INFO  : Context for processor 'microblaze_0' is selected.
10:33:23 INFO  : System reset is completed.
10:33:26 INFO  : 'after 3000' command is executed.
10:33:26 INFO  : Context for processor 'microblaze_0' is selected.
10:33:26 INFO  : The application 'E:/kevin/myCode/microBlaze200-100/vitisJson/syncMain/Debug/syncMain.elf' is downloaded to processor 'microblaze_0'.
10:33:26 INFO  : ----------------XSDB Script----------------
connect -url tcp:127.0.0.1:3121
targets -set -filter {jtag_cable_name =~ "Digilent JTAG-HS2 201706300081" && level==0 && jtag_device_ctx=="jsn-JTAG-HS2-201706300081-13631093-0"}
fpga -file E:/kevin/myCode/microBlaze200-100/vitisJson/syncMain/_ide/bitstream/download.bit
targets -set -nocase -filter {name =~ "*microblaze*#0" && bscan=="USER2" }
loadhw -hw E:/kevin/myCode/microBlaze200-100/vitisJson/syncBlaze/export/syncBlaze/hw/design_1_wrapper.xsa -regs
configparams mdm-detect-bscan-mask 2
targets -set -nocase -filter {name =~ "*microblaze*#0" && bscan=="USER2" }
rst -system
after 3000
targets -set -nocase -filter {name =~ "*microblaze*#0" && bscan=="USER2" }
dow E:/kevin/myCode/microBlaze200-100/vitisJson/syncMain/Debug/syncMain.elf
----------------End of Script----------------

10:33:26 INFO  : Context for processor 'microblaze_0' is selected.
10:33:26 INFO  : 'con' command is executed.
10:33:26 INFO  : ----------------XSDB Script (After Launch)----------------
targets -set -nocase -filter {name =~ "*microblaze*#0" && bscan=="USER2" }
con
----------------End of Script----------------

10:33:26 INFO  : Launch script is exported to file 'E:\kevin\myCode\microBlaze200-100\vitisJson\syncMain_system\_ide\scripts\systemdebugger_syncmain_system_standalone.tcl'
10:33:39 INFO  : Disconnected from the channel tcfchan#4.
10:35:31 INFO  : Bit file 'E:/kevin/myCode/microBlaze200-100/vitisJson/syncMain/_ide/bitstream/download.bit' is generated.
10:35:34 INFO  : Connected to target on host '127.0.0.1' and port '3121'.
10:35:34 INFO  : 'targets -set -filter {jtag_cable_name =~ "Digilent JTAG-HS2 201706300081" && level==0 && jtag_device_ctx=="jsn-JTAG-HS2-201706300081-13631093-0"}' command is executed.
10:35:37 INFO  : Device configured successfully with "E:/kevin/myCode/microBlaze200-100/vitisJson/syncMain/_ide/bitstream/download.bit"
10:35:49 INFO  : Connected to target on host '127.0.0.1' and port '3121'.
10:36:32 INFO  : Invoking Bootgen: bootgen -arch fpga -image E:/kevin/myCode/microBlaze200-100/vitisJson/syncMain_system/_ide/flash/bootimage.bif -w -o E:/kevin/myCode/microBlaze200-100/vitisJson/syncMain_system/_ide/flash/BOOT.bin  -interface spi
10:36:35 INFO  : Bootgen command execution is done.
10:57:51 DEBUG : Logs will be stored at 'E:/kevin/myCode/microBlaze200-100/vitisJson/IDE.log'.
10:57:52 INFO  : Launching XSCT server: xsct.bat -n  -interactive E:\kevin\myCode\microBlaze200-100\vitisJson\temp_xsdb_launch_script.tcl
10:57:56 INFO  : Registering command handlers for Vitis TCF services
10:57:59 INFO  : Platform repository initialization has completed.
10:58:04 INFO  : XSCT server has started successfully.
10:58:04 INFO  : plnx-install-location is set to ''
10:58:12 INFO  : Successfully done setting XSCT server connection channel  
10:58:13 INFO  : Successfully done query RDI_DATADIR 
10:58:13 INFO  : Successfully done setting workspace for the tool. 
10:58:19 INFO  : Hardware specification for platform project 'syncBlaze' is updated.
10:58:39 INFO  : Result from executing command 'getProjects': syncBlaze
10:58:39 INFO  : Result from executing command 'getPlatforms': syncBlaze|E:/kevin/myCode/microBlaze200-100/vitisJson/syncBlaze/export/syncBlaze/syncBlaze.xpfm;xilinx_vck190_base_202220_1|D:/Xilinx202202/Vitis/2022.2/base_platforms/xilinx_vck190_base_202220_1/xilinx_vck190_base_202220_1.xpfm;xilinx_vck190_base_dfx_202220_1|D:/Xilinx202202/Vitis/2022.2/base_platforms/xilinx_vck190_base_dfx_202220_1/xilinx_vck190_base_dfx_202220_1.xpfm;xilinx_vmk180_base_202220_1|D:/Xilinx202202/Vitis/2022.2/base_platforms/xilinx_vmk180_base_202220_1/xilinx_vmk180_base_202220_1.xpfm;xilinx_zcu102_base_202220_1|D:/Xilinx202202/Vitis/2022.2/base_platforms/xilinx_zcu102_base_202220_1/xilinx_zcu102_base_202220_1.xpfm;xilinx_zcu102_base_dfx_202220_1|D:/Xilinx202202/Vitis/2022.2/base_platforms/xilinx_zcu102_base_dfx_202220_1/xilinx_zcu102_base_dfx_202220_1.xpfm;xilinx_zcu104_base_202220_1|D:/Xilinx202202/Vitis/2022.2/base_platforms/xilinx_zcu104_base_202220_1/xilinx_zcu104_base_202220_1.xpfm
10:58:43 INFO  : Checking for BSP changes to sync application flags for project 'syncMain'...
10:58:55 INFO  : Connected to target on host '127.0.0.1' and port '3121'.
10:59:13 INFO  : ----------------XSDB Script----------------
connect -url tcp:127.0.0.1:3121
----------------End of Script----------------

10:59:13 ERROR : Could not find FPGA device on the board for connection 'Local'.


Troubleshooting hints:
1. Check whether board is connected to system properly.
2. In case of zynq board, check whether Digilent/Xilinx cable switch settings are correct.
3. If you are using Xilinx Platform Cable USB, ensure that status LED is green.
10:59:57 INFO  : Connected to target on host '127.0.0.1' and port '3121'.
11:00:15 INFO  : ----------------XSDB Script----------------
connect -url tcp:127.0.0.1:3121
----------------End of Script----------------

11:00:15 ERROR : Could not find FPGA device on the board for connection 'Local'.


Troubleshooting hints:
1. Check whether board is connected to system properly.
2. In case of zynq board, check whether Digilent/Xilinx cable switch settings are correct.
3. If you are using Xilinx Platform Cable USB, ensure that status LED is green.
11:00:45 INFO  : Checking for BSP changes to sync application flags for project 'syncMain'...
11:00:50 INFO  : Connected to target on host '127.0.0.1' and port '3121'.
11:00:51 INFO  : Jtag cable 'Digilent JTAG-HS2 201706300081' is selected.
11:00:51 INFO  : 'jtag frequency' command is executed.
11:00:51 INFO  : 'targets -set -filter {jtag_cable_name =~ "Digilent JTAG-HS2 201706300081" && level==0 && jtag_device_ctx=="jsn-JTAG-HS2-201706300081-13631093-0"}' command is executed.
11:00:54 INFO  : Device configured successfully with "E:/kevin/myCode/microBlaze200-100/vitisJson/syncMain/_ide/bitstream/download.bit"
11:00:54 INFO  : Context for processor 'microblaze_0' is selected.
11:00:54 INFO  : Hardware design and registers information is loaded from 'E:/kevin/myCode/microBlaze200-100/vitisJson/syncBlaze/export/syncBlaze/hw/design_1_wrapper.xsa'.
11:00:54 INFO  : 'configparams mdm-detect-bscan-mask 2' command is executed.
11:00:54 INFO  : Context for processor 'microblaze_0' is selected.
11:00:54 INFO  : System reset is completed.
11:00:57 INFO  : 'after 3000' command is executed.
11:00:57 INFO  : Context for processor 'microblaze_0' is selected.
11:00:57 INFO  : The application 'E:/kevin/myCode/microBlaze200-100/vitisJson/syncMain/Debug/syncMain.elf' is downloaded to processor 'microblaze_0'.
11:00:57 INFO  : ----------------XSDB Script----------------
connect -url tcp:127.0.0.1:3121
targets -set -filter {jtag_cable_name =~ "Digilent JTAG-HS2 201706300081" && level==0 && jtag_device_ctx=="jsn-JTAG-HS2-201706300081-13631093-0"}
fpga -file E:/kevin/myCode/microBlaze200-100/vitisJson/syncMain/_ide/bitstream/download.bit
targets -set -nocase -filter {name =~ "*microblaze*#0" && bscan=="USER2" }
loadhw -hw E:/kevin/myCode/microBlaze200-100/vitisJson/syncBlaze/export/syncBlaze/hw/design_1_wrapper.xsa -regs
configparams mdm-detect-bscan-mask 2
targets -set -nocase -filter {name =~ "*microblaze*#0" && bscan=="USER2" }
rst -system
after 3000
targets -set -nocase -filter {name =~ "*microblaze*#0" && bscan=="USER2" }
dow E:/kevin/myCode/microBlaze200-100/vitisJson/syncMain/Debug/syncMain.elf
----------------End of Script----------------

11:00:58 INFO  : Context for processor 'microblaze_0' is selected.
11:00:58 INFO  : 'con' command is executed.
11:00:58 INFO  : ----------------XSDB Script (After Launch)----------------
targets -set -nocase -filter {name =~ "*microblaze*#0" && bscan=="USER2" }
con
----------------End of Script----------------

11:00:58 INFO  : Launch script is exported to file 'E:\kevin\myCode\microBlaze200-100\vitisJson\syncMain_system\_ide\scripts\systemdebugger_syncmain_system_standalone.tcl'
11:36:59 INFO  : Checking for BSP changes to sync application flags for project 'syncMain'...
11:37:10 INFO  : Disconnected from the channel tcfchan#2.
11:37:10 INFO  : Connected to target on host '127.0.0.1' and port '3121'.
11:37:10 INFO  : Jtag cable 'Digilent JTAG-HS2 201706300081' is selected.
11:37:10 INFO  : 'jtag frequency' command is executed.
11:37:10 INFO  : 'targets -set -filter {jtag_cable_name =~ "Digilent JTAG-HS2 201706300081" && level==0 && jtag_device_ctx=="jsn-JTAG-HS2-201706300081-13631093-0"}' command is executed.
11:37:13 INFO  : Device configured successfully with "E:/kevin/myCode/microBlaze200-100/vitisJson/syncMain/_ide/bitstream/download.bit"
11:37:13 INFO  : Context for processor 'microblaze_0' is selected.
11:37:13 INFO  : Hardware design and registers information is loaded from 'E:/kevin/myCode/microBlaze200-100/vitisJson/syncBlaze/export/syncBlaze/hw/design_1_wrapper.xsa'.
11:37:13 INFO  : 'configparams mdm-detect-bscan-mask 2' command is executed.
11:37:13 INFO  : Context for processor 'microblaze_0' is selected.
11:37:13 INFO  : System reset is completed.
11:37:16 INFO  : 'after 3000' command is executed.
11:37:17 INFO  : Context for processor 'microblaze_0' is selected.
11:37:17 INFO  : The application 'E:/kevin/myCode/microBlaze200-100/vitisJson/syncMain/Debug/syncMain.elf' is downloaded to processor 'microblaze_0'.
11:37:17 INFO  : ----------------XSDB Script----------------
connect -url tcp:127.0.0.1:3121
targets -set -filter {jtag_cable_name =~ "Digilent JTAG-HS2 201706300081" && level==0 && jtag_device_ctx=="jsn-JTAG-HS2-201706300081-13631093-0"}
fpga -file E:/kevin/myCode/microBlaze200-100/vitisJson/syncMain/_ide/bitstream/download.bit
targets -set -nocase -filter {name =~ "*microblaze*#0" && bscan=="USER2" }
loadhw -hw E:/kevin/myCode/microBlaze200-100/vitisJson/syncBlaze/export/syncBlaze/hw/design_1_wrapper.xsa -regs
configparams mdm-detect-bscan-mask 2
targets -set -nocase -filter {name =~ "*microblaze*#0" && bscan=="USER2" }
rst -system
after 3000
targets -set -nocase -filter {name =~ "*microblaze*#0" && bscan=="USER2" }
dow E:/kevin/myCode/microBlaze200-100/vitisJson/syncMain/Debug/syncMain.elf
----------------End of Script----------------

11:37:17 INFO  : Context for processor 'microblaze_0' is selected.
11:37:17 INFO  : 'con' command is executed.
11:37:17 INFO  : ----------------XSDB Script (After Launch)----------------
targets -set -nocase -filter {name =~ "*microblaze*#0" && bscan=="USER2" }
con
----------------End of Script----------------

11:37:17 INFO  : Launch script is exported to file 'E:\kevin\myCode\microBlaze200-100\vitisJson\syncMain_system\_ide\scripts\systemdebugger_syncmain_system_standalone.tcl'
15:56:25 INFO  : Hardware specification for platform project 'syncBlaze' is updated.
15:56:40 INFO  : Result from executing command 'getProjects': syncBlaze
15:56:40 INFO  : Result from executing command 'getPlatforms': syncBlaze|E:/kevin/myCode/microBlaze200-100/vitisJson/syncBlaze/export/syncBlaze/syncBlaze.xpfm;xilinx_vck190_base_202220_1|D:/Xilinx202202/Vitis/2022.2/base_platforms/xilinx_vck190_base_202220_1/xilinx_vck190_base_202220_1.xpfm;xilinx_vck190_base_dfx_202220_1|D:/Xilinx202202/Vitis/2022.2/base_platforms/xilinx_vck190_base_dfx_202220_1/xilinx_vck190_base_dfx_202220_1.xpfm;xilinx_vmk180_base_202220_1|D:/Xilinx202202/Vitis/2022.2/base_platforms/xilinx_vmk180_base_202220_1/xilinx_vmk180_base_202220_1.xpfm;xilinx_zcu102_base_202220_1|D:/Xilinx202202/Vitis/2022.2/base_platforms/xilinx_zcu102_base_202220_1/xilinx_zcu102_base_202220_1.xpfm;xilinx_zcu102_base_dfx_202220_1|D:/Xilinx202202/Vitis/2022.2/base_platforms/xilinx_zcu102_base_dfx_202220_1/xilinx_zcu102_base_dfx_202220_1.xpfm;xilinx_zcu104_base_202220_1|D:/Xilinx202202/Vitis/2022.2/base_platforms/xilinx_zcu104_base_202220_1/xilinx_zcu104_base_202220_1.xpfm
15:56:50 ERROR : XSCT server calls should not be made from TCF thread.
java.lang.RuntimeException: XSCT server calls should not be made from TCF thread.
	at com.xilinx.sdk.xsdb.XSDBCommandManager.issueAndWait(XSDBCommandManager.java:392) [com.xilinx.sdk.xsdb_1.0.0.202210132147.jar:?]
	at com.xilinx.sdk.xsdb.XsdbCommandUtils.executeAndRespond(XsdbCommandUtils.java:325) [com.xilinx.sdk.xsdb_1.0.0.202210132147.jar:?]
	at com.xilinx.sdk.hw.internal.HwPlatform.dispose(HwPlatform.java:1325) [com.xilinx.sdk.hw_1.0.0.202210132147.jar:?]
	at com.xilinx.sdk.hw.internal.HwSpecFactory.removeHwSpec(HwSpecFactory.java:92) [com.xilinx.sdk.hw_1.0.0.202210132147.jar:?]
	at com.xilinx.sdk.hw.internal.HwSpecFactory.validateGetFromCache(HwSpecFactory.java:78) [com.xilinx.sdk.hw_1.0.0.202210132147.jar:?]
	at com.xilinx.sdk.hw.internal.HwSpecFactory.createHwSpec(HwSpecFactory.java:48) [com.xilinx.sdk.hw_1.0.0.202210132147.jar:?]
	at com.xilinx.sdx.sdsoc.debug.ui.SdsLaunchConfigUtil.createHwPlatform(SdsLaunchConfigUtil.java:57) [com.xilinx.sdx.sdsoc.debug.ui_1.0.0.202210132147.jar:?]
	at com.xilinx.sdx.sdsoc.debug.ui.SdsLaunchConfigModel.iniHwPlatform(SdsLaunchConfigModel.java:187) [com.xilinx.sdx.sdsoc.debug.ui_1.0.0.202210132147.jar:?]
	at com.xilinx.sdk.tcf.internal.debug.ui.common.BaseLaunchConfigModel.getHwPlatform(BaseLaunchConfigModel.java:577) [com.xilinx.sdk.tcf.debug_1.0.0.202210132147.jar:?]
	at com.xilinx.sdk.tcf.internal.debug.ui.common.BaseLaunchConfigModel.readCrossTriggerModel(BaseLaunchConfigModel.java:173) [com.xilinx.sdk.tcf.debug_1.0.0.202210132147.jar:?]
	at com.xilinx.sdk.tcf.internal.debug.ui.common.BaseLaunchConfigModel.readAndSetAttributes(BaseLaunchConfigModel.java:156) [com.xilinx.sdk.tcf.debug_1.0.0.202210132147.jar:?]
	at com.xilinx.sdx.sdsoc.debug.ui.SdsLaunchConfigModel.newInstance(SdsLaunchConfigModel.java:109) [com.xilinx.sdx.sdsoc.debug.ui_1.0.0.202210132147.jar:?]
	at com.xilinx.sdx.sdsoc.debug.launch.SdsTcfLaunchDelegate.createConfigModel(SdsTcfLaunchDelegate.java:85) [com.xilinx.sdx.sdsoc.debug_1.0.0.202210132147.jar:?]
	at com.xilinx.sdx.sdsoc.debug.launch.SdsTcfLaunchDelegate.generateReports(SdsTcfLaunchDelegate.java:641) [com.xilinx.sdx.sdsoc.debug_1.0.0.202210132147.jar:?]
	at com.xilinx.sdx.sdsoc.debug.launch.SdsTcfLaunchDelegate.onDisconnected(SdsTcfLaunchDelegate.java:615) [com.xilinx.sdx.sdsoc.debug_1.0.0.202210132147.jar:?]
	at org.eclipse.tcf.internal.debug.ui.model.TCFModelManager$1.onDisconnected(TCFModelManager.java:79) [org.eclipse.tcf.debug.ui_1.7.0.202210132147.jar:?]
	at org.eclipse.tcf.internal.debug.model.TCFLaunch.onDisconnected(TCFLaunch.java:532) [org.eclipse.tcf.debug_1.7.0.202210132147.jar:?]
	at org.eclipse.tcf.internal.debug.model.TCFLaunch$43.onChannelClosed(TCFLaunch.java:1643) [org.eclipse.tcf.debug_1.7.0.202210132147.jar:?]
	at org.eclipse.tcf.core.AbstractChannel$9.run(AbstractChannel.java:858) [org.eclipse.tcf.core_1.7.0.202210132147.jar:?]
	at org.eclipse.tcf.EventQueue.run(EventQueue.java:98) [org.eclipse.tcf_1.7.0.202210132147.jar:?]
	at java.lang.Thread.run(Thread.java:829) [?:?]
15:56:50 INFO  : Disconnected from the channel tcfchan#3.
15:56:51 INFO  : Checking for BSP changes to sync application flags for project 'syncMain'...
15:57:25 INFO  : The hardware specification used by project 'syncMain' is out of sync with the platform. Resource files extracted from the hardware specification will be updated.
15:57:26 INFO  : The file 'E:\kevin\myCode\microBlaze200-100\vitisJson\syncMain\_ide\bitstream\design_1_wrapper.bit' stored in project is removed.
15:57:26 INFO  : The file 'E:\kevin\myCode\microBlaze200-100\vitisJson\syncMain\_ide\bitstream\design_1_wrapper.mmi' stored in project is removed.
15:57:26 INFO  : The file 'E:\kevin\myCode\microBlaze200-100\vitisJson\syncMain\_ide\bitstream\download.bit' stored in project is removed.
15:57:26 INFO  : The updated bitstream files are copied from platform to folder 'E:\kevin\myCode\microBlaze200-100\vitisJson\syncMain\_ide\bitstream' in project 'syncMain'.
15:57:28 INFO  : Connected to target on host '127.0.0.1' and port '3121'.
15:57:28 INFO  : Jtag cable 'Digilent JTAG-HS2 201706300081' is selected.
15:57:28 INFO  : 'jtag frequency' command is executed.
15:57:28 INFO  : 'targets -set -filter {jtag_cable_name =~ "Digilent JTAG-HS2 201706300081" && level==0 && jtag_device_ctx=="jsn-JTAG-HS2-201706300081-13631093-0"}' command is executed.
15:57:28 ERROR : couldn't open "E:/kevin/myCode/microBlaze200-100/vitisJson/syncMain/_ide/bitstream/download.bit": no such file or directory
15:57:28 ERROR : Exception occured while running Program Device.
java.lang.RuntimeException: couldn't open "E:/kevin/myCode/microBlaze200-100/vitisJson/syncMain/_ide/bitstream/download.bit": no such file or directory
15:57:28 INFO  : ----------------XSDB Script----------------
connect -url tcp:127.0.0.1:3121
----------------End of Script----------------

15:57:28 ERROR : couldn't open "E:/kevin/myCode/microBlaze200-100/vitisJson/syncMain/_ide/bitstream/download.bit": no such file or directory
15:57:36 INFO  : Checking for BSP changes to sync application flags for project 'syncMain'...
15:57:46 INFO  : Connected to target on host '127.0.0.1' and port '3121'.
15:57:46 INFO  : Jtag cable 'Digilent JTAG-HS2 201706300081' is selected.
15:57:46 INFO  : 'jtag frequency' command is executed.
15:57:46 INFO  : 'targets -set -filter {jtag_cable_name =~ "Digilent JTAG-HS2 201706300081" && level==0 && jtag_device_ctx=="jsn-JTAG-HS2-201706300081-13631093-0"}' command is executed.
15:57:49 INFO  : Device configured successfully with "E:/kevin/myCode/microBlaze200-100/vitisJson/syncMain/_ide/bitstream/design_1_wrapper.bit"
15:57:49 INFO  : Context for processor 'microblaze_0' is selected.
15:57:49 INFO  : Hardware design and registers information is loaded from 'E:/kevin/myCode/microBlaze200-100/vitisJson/syncBlaze/export/syncBlaze/hw/design_1_wrapper.xsa'.
15:57:49 INFO  : 'configparams mdm-detect-bscan-mask 2' command is executed.
15:57:49 INFO  : Context for processor 'microblaze_0' is selected.
15:57:49 INFO  : System reset is completed.
15:57:52 INFO  : 'after 3000' command is executed.
15:57:52 INFO  : Context for processor 'microblaze_0' is selected.
15:57:53 INFO  : The application 'E:/kevin/myCode/microBlaze200-100/vitisJson/syncMain/Debug/syncMain.elf' is downloaded to processor 'microblaze_0'.
15:57:53 INFO  : ----------------XSDB Script----------------
connect -url tcp:127.0.0.1:3121
targets -set -filter {jtag_cable_name =~ "Digilent JTAG-HS2 201706300081" && level==0 && jtag_device_ctx=="jsn-JTAG-HS2-201706300081-13631093-0"}
fpga -file E:/kevin/myCode/microBlaze200-100/vitisJson/syncMain/_ide/bitstream/design_1_wrapper.bit
targets -set -nocase -filter {name =~ "*microblaze*#0" && bscan=="USER2" }
loadhw -hw E:/kevin/myCode/microBlaze200-100/vitisJson/syncBlaze/export/syncBlaze/hw/design_1_wrapper.xsa -regs
configparams mdm-detect-bscan-mask 2
targets -set -nocase -filter {name =~ "*microblaze*#0" && bscan=="USER2" }
rst -system
after 3000
targets -set -nocase -filter {name =~ "*microblaze*#0" && bscan=="USER2" }
dow E:/kevin/myCode/microBlaze200-100/vitisJson/syncMain/Debug/syncMain.elf
----------------End of Script----------------

15:57:53 INFO  : Context for processor 'microblaze_0' is selected.
15:57:53 INFO  : 'con' command is executed.
15:57:53 INFO  : ----------------XSDB Script (After Launch)----------------
targets -set -nocase -filter {name =~ "*microblaze*#0" && bscan=="USER2" }
con
----------------End of Script----------------

15:57:53 INFO  : Launch script is exported to file 'E:\kevin\myCode\microBlaze200-100\vitisJson\syncMain_system\_ide\scripts\systemdebugger_syncmain_system_standalone.tcl'
16:05:13 INFO  : Disconnected from the channel tcfchan#5.
16:05:34 INFO  : Checking for BSP changes to sync application flags for project 'syncMain'...
16:05:41 INFO  : Checking for BSP changes to sync application flags for project 'syncMain'...
16:05:50 INFO  : Connected to target on host '127.0.0.1' and port '3121'.
16:05:51 INFO  : Jtag cable 'Digilent JTAG-HS2 201706300081' is selected.
16:05:51 INFO  : 'jtag frequency' command is executed.
16:05:51 INFO  : 'targets -set -filter {jtag_cable_name =~ "Digilent JTAG-HS2 201706300081" && level==0 && jtag_device_ctx=="jsn-JTAG-HS2-201706300081-13631093-0"}' command is executed.
16:05:54 INFO  : Device configured successfully with "E:/kevin/myCode/microBlaze200-100/vitisJson/syncMain/_ide/bitstream/design_1_wrapper.bit"
16:05:54 INFO  : Context for processor 'microblaze_0' is selected.
16:05:54 INFO  : Hardware design and registers information is loaded from 'E:/kevin/myCode/microBlaze200-100/vitisJson/syncBlaze/export/syncBlaze/hw/design_1_wrapper.xsa'.
16:05:54 INFO  : 'configparams mdm-detect-bscan-mask 2' command is executed.
16:05:54 INFO  : Context for processor 'microblaze_0' is selected.
16:05:54 INFO  : System reset is completed.
16:05:57 INFO  : 'after 3000' command is executed.
16:05:57 INFO  : Context for processor 'microblaze_0' is selected.
16:05:57 INFO  : The application 'E:/kevin/myCode/microBlaze200-100/vitisJson/syncMain/Debug/syncMain.elf' is downloaded to processor 'microblaze_0'.
16:05:57 INFO  : ----------------XSDB Script----------------
connect -url tcp:127.0.0.1:3121
targets -set -filter {jtag_cable_name =~ "Digilent JTAG-HS2 201706300081" && level==0 && jtag_device_ctx=="jsn-JTAG-HS2-201706300081-13631093-0"}
fpga -file E:/kevin/myCode/microBlaze200-100/vitisJson/syncMain/_ide/bitstream/design_1_wrapper.bit
targets -set -nocase -filter {name =~ "*microblaze*#0" && bscan=="USER2" }
loadhw -hw E:/kevin/myCode/microBlaze200-100/vitisJson/syncBlaze/export/syncBlaze/hw/design_1_wrapper.xsa -regs
configparams mdm-detect-bscan-mask 2
targets -set -nocase -filter {name =~ "*microblaze*#0" && bscan=="USER2" }
rst -system
after 3000
targets -set -nocase -filter {name =~ "*microblaze*#0" && bscan=="USER2" }
dow E:/kevin/myCode/microBlaze200-100/vitisJson/syncMain/Debug/syncMain.elf
----------------End of Script----------------

16:05:57 INFO  : Context for processor 'microblaze_0' is selected.
16:05:57 INFO  : 'con' command is executed.
16:05:57 INFO  : ----------------XSDB Script (After Launch)----------------
targets -set -nocase -filter {name =~ "*microblaze*#0" && bscan=="USER2" }
con
----------------End of Script----------------

16:05:57 INFO  : Launch script is exported to file 'E:\kevin\myCode\microBlaze200-100\vitisJson\syncMain_system\_ide\scripts\systemdebugger_syncmain_system_standalone.tcl'
16:41:27 INFO  : Hardware specification for platform project 'syncBlaze' is updated.
16:41:37 INFO  : Result from executing command 'getProjects': syncBlaze
16:41:37 INFO  : Result from executing command 'getPlatforms': syncBlaze|E:/kevin/myCode/microBlaze200-100/vitisJson/syncBlaze/export/syncBlaze/syncBlaze.xpfm;xilinx_vck190_base_202220_1|D:/Xilinx202202/Vitis/2022.2/base_platforms/xilinx_vck190_base_202220_1/xilinx_vck190_base_202220_1.xpfm;xilinx_vck190_base_dfx_202220_1|D:/Xilinx202202/Vitis/2022.2/base_platforms/xilinx_vck190_base_dfx_202220_1/xilinx_vck190_base_dfx_202220_1.xpfm;xilinx_vmk180_base_202220_1|D:/Xilinx202202/Vitis/2022.2/base_platforms/xilinx_vmk180_base_202220_1/xilinx_vmk180_base_202220_1.xpfm;xilinx_zcu102_base_202220_1|D:/Xilinx202202/Vitis/2022.2/base_platforms/xilinx_zcu102_base_202220_1/xilinx_zcu102_base_202220_1.xpfm;xilinx_zcu102_base_dfx_202220_1|D:/Xilinx202202/Vitis/2022.2/base_platforms/xilinx_zcu102_base_dfx_202220_1/xilinx_zcu102_base_dfx_202220_1.xpfm;xilinx_zcu104_base_202220_1|D:/Xilinx202202/Vitis/2022.2/base_platforms/xilinx_zcu104_base_202220_1/xilinx_zcu104_base_202220_1.xpfm
16:41:41 ERROR : XSCT server calls should not be made from TCF thread.
java.lang.RuntimeException: XSCT server calls should not be made from TCF thread.
	at com.xilinx.sdk.xsdb.XSDBCommandManager.issueAndWait(XSDBCommandManager.java:392) [com.xilinx.sdk.xsdb_1.0.0.202210132147.jar:?]
	at com.xilinx.sdk.xsdb.XsdbCommandUtils.executeAndRespond(XsdbCommandUtils.java:325) [com.xilinx.sdk.xsdb_1.0.0.202210132147.jar:?]
	at com.xilinx.sdk.hw.internal.HwPlatform.dispose(HwPlatform.java:1325) [com.xilinx.sdk.hw_1.0.0.202210132147.jar:?]
	at com.xilinx.sdk.hw.internal.HwSpecFactory.removeHwSpec(HwSpecFactory.java:92) [com.xilinx.sdk.hw_1.0.0.202210132147.jar:?]
	at com.xilinx.sdk.hw.internal.HwSpecFactory.validateGetFromCache(HwSpecFactory.java:78) [com.xilinx.sdk.hw_1.0.0.202210132147.jar:?]
	at com.xilinx.sdk.hw.internal.HwSpecFactory.createHwSpec(HwSpecFactory.java:48) [com.xilinx.sdk.hw_1.0.0.202210132147.jar:?]
	at com.xilinx.sdx.sdsoc.debug.ui.SdsLaunchConfigUtil.createHwPlatform(SdsLaunchConfigUtil.java:57) [com.xilinx.sdx.sdsoc.debug.ui_1.0.0.202210132147.jar:?]
	at com.xilinx.sdx.sdsoc.debug.ui.SdsLaunchConfigModel.iniHwPlatform(SdsLaunchConfigModel.java:187) [com.xilinx.sdx.sdsoc.debug.ui_1.0.0.202210132147.jar:?]
	at com.xilinx.sdk.tcf.internal.debug.ui.common.BaseLaunchConfigModel.getHwPlatform(BaseLaunchConfigModel.java:577) [com.xilinx.sdk.tcf.debug_1.0.0.202210132147.jar:?]
	at com.xilinx.sdk.tcf.internal.debug.ui.common.BaseLaunchConfigModel.readCrossTriggerModel(BaseLaunchConfigModel.java:173) [com.xilinx.sdk.tcf.debug_1.0.0.202210132147.jar:?]
	at com.xilinx.sdk.tcf.internal.debug.ui.common.BaseLaunchConfigModel.readAndSetAttributes(BaseLaunchConfigModel.java:156) [com.xilinx.sdk.tcf.debug_1.0.0.202210132147.jar:?]
	at com.xilinx.sdx.sdsoc.debug.ui.SdsLaunchConfigModel.newInstance(SdsLaunchConfigModel.java:109) [com.xilinx.sdx.sdsoc.debug.ui_1.0.0.202210132147.jar:?]
	at com.xilinx.sdx.sdsoc.debug.launch.SdsTcfLaunchDelegate.createConfigModel(SdsTcfLaunchDelegate.java:85) [com.xilinx.sdx.sdsoc.debug_1.0.0.202210132147.jar:?]
	at com.xilinx.sdx.sdsoc.debug.launch.SdsTcfLaunchDelegate.generateReports(SdsTcfLaunchDelegate.java:641) [com.xilinx.sdx.sdsoc.debug_1.0.0.202210132147.jar:?]
	at com.xilinx.sdx.sdsoc.debug.launch.SdsTcfLaunchDelegate.onDisconnected(SdsTcfLaunchDelegate.java:615) [com.xilinx.sdx.sdsoc.debug_1.0.0.202210132147.jar:?]
	at org.eclipse.tcf.internal.debug.ui.model.TCFModelManager$1.onDisconnected(TCFModelManager.java:79) [org.eclipse.tcf.debug.ui_1.7.0.202210132147.jar:?]
	at org.eclipse.tcf.internal.debug.model.TCFLaunch.onDisconnected(TCFLaunch.java:532) [org.eclipse.tcf.debug_1.7.0.202210132147.jar:?]
	at org.eclipse.tcf.internal.debug.model.TCFLaunch$43.onChannelClosed(TCFLaunch.java:1643) [org.eclipse.tcf.debug_1.7.0.202210132147.jar:?]
	at org.eclipse.tcf.core.AbstractChannel$9.run(AbstractChannel.java:858) [org.eclipse.tcf.core_1.7.0.202210132147.jar:?]
	at org.eclipse.tcf.EventQueue.run(EventQueue.java:98) [org.eclipse.tcf_1.7.0.202210132147.jar:?]
	at java.lang.Thread.run(Thread.java:829) [?:?]
16:41:41 INFO  : Disconnected from the channel tcfchan#6.
16:41:42 INFO  : Checking for BSP changes to sync application flags for project 'syncMain'...
16:42:07 INFO  : The hardware specification used by project 'syncMain' is out of sync with the platform. Resource files extracted from the hardware specification will be updated.
16:42:07 INFO  : The file 'E:\kevin\myCode\microBlaze200-100\vitisJson\syncMain\_ide\bitstream\design_1_wrapper.bit' stored in project is removed.
16:42:07 INFO  : The file 'E:\kevin\myCode\microBlaze200-100\vitisJson\syncMain\_ide\bitstream\design_1_wrapper.mmi' stored in project is removed.
16:42:07 INFO  : The updated bitstream files are copied from platform to folder 'E:\kevin\myCode\microBlaze200-100\vitisJson\syncMain\_ide\bitstream' in project 'syncMain'.
16:42:09 INFO  : Connected to target on host '127.0.0.1' and port '3121'.
16:42:09 INFO  : Jtag cable 'Digilent JTAG-HS2 201706300081' is selected.
16:42:09 INFO  : 'jtag frequency' command is executed.
16:42:09 INFO  : 'targets -set -filter {jtag_cable_name =~ "Digilent JTAG-HS2 201706300081" && level==0 && jtag_device_ctx=="jsn-JTAG-HS2-201706300081-13631093-0"}' command is executed.
16:42:12 INFO  : Device configured successfully with "E:/kevin/myCode/microBlaze200-100/vitisJson/syncMain/_ide/bitstream/design_1_wrapper.bit"
16:42:12 INFO  : Context for processor 'microblaze_0' is selected.
16:42:12 INFO  : Hardware design and registers information is loaded from 'E:/kevin/myCode/microBlaze200-100/vitisJson/syncBlaze/export/syncBlaze/hw/design_1_wrapper.xsa'.
16:42:12 INFO  : 'configparams mdm-detect-bscan-mask 2' command is executed.
16:42:12 INFO  : Context for processor 'microblaze_0' is selected.
16:42:12 INFO  : System reset is completed.
16:42:15 INFO  : 'after 3000' command is executed.
16:42:16 INFO  : Context for processor 'microblaze_0' is selected.
16:42:16 INFO  : The application 'E:/kevin/myCode/microBlaze200-100/vitisJson/syncMain/Debug/syncMain.elf' is downloaded to processor 'microblaze_0'.
16:42:16 INFO  : ----------------XSDB Script----------------
connect -url tcp:127.0.0.1:3121
targets -set -filter {jtag_cable_name =~ "Digilent JTAG-HS2 201706300081" && level==0 && jtag_device_ctx=="jsn-JTAG-HS2-201706300081-13631093-0"}
fpga -file E:/kevin/myCode/microBlaze200-100/vitisJson/syncMain/_ide/bitstream/design_1_wrapper.bit
targets -set -nocase -filter {name =~ "*microblaze*#0" && bscan=="USER2" }
loadhw -hw E:/kevin/myCode/microBlaze200-100/vitisJson/syncBlaze/export/syncBlaze/hw/design_1_wrapper.xsa -regs
configparams mdm-detect-bscan-mask 2
targets -set -nocase -filter {name =~ "*microblaze*#0" && bscan=="USER2" }
rst -system
after 3000
targets -set -nocase -filter {name =~ "*microblaze*#0" && bscan=="USER2" }
dow E:/kevin/myCode/microBlaze200-100/vitisJson/syncMain/Debug/syncMain.elf
----------------End of Script----------------

16:42:16 INFO  : Context for processor 'microblaze_0' is selected.
16:42:16 INFO  : 'con' command is executed.
16:42:16 INFO  : ----------------XSDB Script (After Launch)----------------
targets -set -nocase -filter {name =~ "*microblaze*#0" && bscan=="USER2" }
con
----------------End of Script----------------

16:42:16 INFO  : Launch script is exported to file 'E:\kevin\myCode\microBlaze200-100\vitisJson\syncMain_system\_ide\scripts\systemdebugger_syncmain_system_standalone.tcl'
17:03:00 INFO  : Hardware specification for platform project 'syncBlaze' is updated.
17:03:09 INFO  : Result from executing command 'getProjects': syncBlaze
17:03:09 INFO  : Result from executing command 'getPlatforms': syncBlaze|E:/kevin/myCode/microBlaze200-100/vitisJson/syncBlaze/export/syncBlaze/syncBlaze.xpfm;xilinx_vck190_base_202220_1|D:/Xilinx202202/Vitis/2022.2/base_platforms/xilinx_vck190_base_202220_1/xilinx_vck190_base_202220_1.xpfm;xilinx_vck190_base_dfx_202220_1|D:/Xilinx202202/Vitis/2022.2/base_platforms/xilinx_vck190_base_dfx_202220_1/xilinx_vck190_base_dfx_202220_1.xpfm;xilinx_vmk180_base_202220_1|D:/Xilinx202202/Vitis/2022.2/base_platforms/xilinx_vmk180_base_202220_1/xilinx_vmk180_base_202220_1.xpfm;xilinx_zcu102_base_202220_1|D:/Xilinx202202/Vitis/2022.2/base_platforms/xilinx_zcu102_base_202220_1/xilinx_zcu102_base_202220_1.xpfm;xilinx_zcu102_base_dfx_202220_1|D:/Xilinx202202/Vitis/2022.2/base_platforms/xilinx_zcu102_base_dfx_202220_1/xilinx_zcu102_base_dfx_202220_1.xpfm;xilinx_zcu104_base_202220_1|D:/Xilinx202202/Vitis/2022.2/base_platforms/xilinx_zcu104_base_202220_1/xilinx_zcu104_base_202220_1.xpfm
17:03:12 INFO  : Checking for BSP changes to sync application flags for project 'syncMain'...
17:03:16 ERROR : XSCT server calls should not be made from TCF thread.
java.lang.RuntimeException: XSCT server calls should not be made from TCF thread.
	at com.xilinx.sdk.xsdb.XSDBCommandManager.issueAndWait(XSDBCommandManager.java:392) [com.xilinx.sdk.xsdb_1.0.0.202210132147.jar:?]
	at com.xilinx.sdk.xsdb.XsdbCommandUtils.executeAndRespond(XsdbCommandUtils.java:325) [com.xilinx.sdk.xsdb_1.0.0.202210132147.jar:?]
	at com.xilinx.sdk.hw.internal.HwPlatform.populateDesignProps(HwPlatform.java:521) [com.xilinx.sdk.hw_1.0.0.202210132147.jar:?]
	at com.xilinx.sdk.hw.internal.HwPlatform.isZynq(HwPlatform.java:1101) [com.xilinx.sdk.hw_1.0.0.202210132147.jar:?]
	at com.xilinx.sdk.hw.internal.HwPlatform.getArchFamily(HwPlatform.java:587) [com.xilinx.sdk.hw_1.0.0.202210132147.jar:?]
	at com.xilinx.sdk.tcf.internal.debug.ui.common.BaseLaunchConfigModel.readCrossTriggerModel(BaseLaunchConfigModel.java:174) [com.xilinx.sdk.tcf.debug_1.0.0.202210132147.jar:?]
	at com.xilinx.sdk.tcf.internal.debug.ui.common.BaseLaunchConfigModel.readAndSetAttributes(BaseLaunchConfigModel.java:156) [com.xilinx.sdk.tcf.debug_1.0.0.202210132147.jar:?]
	at com.xilinx.sdx.sdsoc.debug.ui.SdsLaunchConfigModel.newInstance(SdsLaunchConfigModel.java:109) [com.xilinx.sdx.sdsoc.debug.ui_1.0.0.202210132147.jar:?]
	at com.xilinx.sdx.sdsoc.debug.launch.SdsTcfLaunchDelegate.createConfigModel(SdsTcfLaunchDelegate.java:85) [com.xilinx.sdx.sdsoc.debug_1.0.0.202210132147.jar:?]
	at com.xilinx.sdx.sdsoc.debug.launch.SdsTcfLaunchDelegate.generateReports(SdsTcfLaunchDelegate.java:641) [com.xilinx.sdx.sdsoc.debug_1.0.0.202210132147.jar:?]
	at com.xilinx.sdx.sdsoc.debug.launch.SdsTcfLaunchDelegate.onDisconnected(SdsTcfLaunchDelegate.java:615) [com.xilinx.sdx.sdsoc.debug_1.0.0.202210132147.jar:?]
	at org.eclipse.tcf.internal.debug.ui.model.TCFModelManager$1.onDisconnected(TCFModelManager.java:79) [org.eclipse.tcf.debug.ui_1.7.0.202210132147.jar:?]
	at org.eclipse.tcf.internal.debug.model.TCFLaunch.onDisconnected(TCFLaunch.java:532) [org.eclipse.tcf.debug_1.7.0.202210132147.jar:?]
	at org.eclipse.tcf.internal.debug.model.TCFLaunch$43.onChannelClosed(TCFLaunch.java:1643) [org.eclipse.tcf.debug_1.7.0.202210132147.jar:?]
	at org.eclipse.tcf.core.AbstractChannel$9.run(AbstractChannel.java:858) [org.eclipse.tcf.core_1.7.0.202210132147.jar:?]
	at org.eclipse.tcf.EventQueue.run(EventQueue.java:98) [org.eclipse.tcf_1.7.0.202210132147.jar:?]
	at java.lang.Thread.run(Thread.java:829) [?:?]
17:03:16 INFO  : Disconnected from the channel tcfchan#8.
17:03:17 INFO  : Checking for BSP changes to sync application flags for project 'syncMain'...
17:03:20 INFO  : The hardware specification used by project 'syncMain' is out of sync with the platform. Resource files extracted from the hardware specification will be updated.
17:03:20 INFO  : The file 'E:\kevin\myCode\microBlaze200-100\vitisJson\syncMain\_ide\bitstream\design_1_wrapper.bit' stored in project is removed.
17:03:20 INFO  : The file 'E:\kevin\myCode\microBlaze200-100\vitisJson\syncMain\_ide\bitstream\design_1_wrapper.mmi' stored in project is removed.
17:03:20 INFO  : The updated bitstream files are copied from platform to folder 'E:\kevin\myCode\microBlaze200-100\vitisJson\syncMain\_ide\bitstream' in project 'syncMain'.
17:03:20 INFO  : Connected to target on host '127.0.0.1' and port '3121'.
17:03:21 INFO  : Jtag cable 'Digilent JTAG-HS2 201706300081' is selected.
17:03:21 INFO  : 'jtag frequency' command is executed.
17:03:21 INFO  : 'targets -set -filter {jtag_cable_name =~ "Digilent JTAG-HS2 201706300081" && level==0 && jtag_device_ctx=="jsn-JTAG-HS2-201706300081-13631093-0"}' command is executed.
17:03:24 INFO  : Device configured successfully with "E:/kevin/myCode/microBlaze200-100/vitisJson/syncMain/_ide/bitstream/design_1_wrapper.bit"
17:03:24 INFO  : Context for processor 'microblaze_0' is selected.
17:03:24 INFO  : Hardware design and registers information is loaded from 'E:/kevin/myCode/microBlaze200-100/vitisJson/syncBlaze/export/syncBlaze/hw/design_1_wrapper.xsa'.
17:03:24 INFO  : 'configparams mdm-detect-bscan-mask 2' command is executed.
17:03:24 INFO  : Context for processor 'microblaze_0' is selected.
17:03:24 INFO  : System reset is completed.
17:03:27 INFO  : 'after 3000' command is executed.
17:03:27 INFO  : Context for processor 'microblaze_0' is selected.
17:03:27 INFO  : The application 'E:/kevin/myCode/microBlaze200-100/vitisJson/syncMain/Debug/syncMain.elf' is downloaded to processor 'microblaze_0'.
17:03:27 INFO  : ----------------XSDB Script----------------
connect -url tcp:127.0.0.1:3121
targets -set -filter {jtag_cable_name =~ "Digilent JTAG-HS2 201706300081" && level==0 && jtag_device_ctx=="jsn-JTAG-HS2-201706300081-13631093-0"}
fpga -file E:/kevin/myCode/microBlaze200-100/vitisJson/syncMain/_ide/bitstream/design_1_wrapper.bit
targets -set -nocase -filter {name =~ "*microblaze*#0" && bscan=="USER2" }
loadhw -hw E:/kevin/myCode/microBlaze200-100/vitisJson/syncBlaze/export/syncBlaze/hw/design_1_wrapper.xsa -regs
configparams mdm-detect-bscan-mask 2
targets -set -nocase -filter {name =~ "*microblaze*#0" && bscan=="USER2" }
rst -system
after 3000
targets -set -nocase -filter {name =~ "*microblaze*#0" && bscan=="USER2" }
dow E:/kevin/myCode/microBlaze200-100/vitisJson/syncMain/Debug/syncMain.elf
----------------End of Script----------------

17:03:27 INFO  : Context for processor 'microblaze_0' is selected.
17:03:27 INFO  : 'con' command is executed.
17:03:27 INFO  : ----------------XSDB Script (After Launch)----------------
targets -set -nocase -filter {name =~ "*microblaze*#0" && bscan=="USER2" }
con
----------------End of Script----------------

17:03:27 INFO  : Launch script is exported to file 'E:\kevin\myCode\microBlaze200-100\vitisJson\syncMain_system\_ide\scripts\systemdebugger_syncmain_system_standalone.tcl'
10:32:26 INFO  : Hardware specification for platform project 'syncBlaze' is updated.
10:32:44 INFO  : Result from executing command 'getProjects': syncBlaze
10:32:44 INFO  : Result from executing command 'getPlatforms': syncBlaze|E:/kevin/myCode/microBlaze200-100/vitisJson/syncBlaze/export/syncBlaze/syncBlaze.xpfm;xilinx_vck190_base_202220_1|D:/Xilinx202202/Vitis/2022.2/base_platforms/xilinx_vck190_base_202220_1/xilinx_vck190_base_202220_1.xpfm;xilinx_vck190_base_dfx_202220_1|D:/Xilinx202202/Vitis/2022.2/base_platforms/xilinx_vck190_base_dfx_202220_1/xilinx_vck190_base_dfx_202220_1.xpfm;xilinx_vmk180_base_202220_1|D:/Xilinx202202/Vitis/2022.2/base_platforms/xilinx_vmk180_base_202220_1/xilinx_vmk180_base_202220_1.xpfm;xilinx_zcu102_base_202220_1|D:/Xilinx202202/Vitis/2022.2/base_platforms/xilinx_zcu102_base_202220_1/xilinx_zcu102_base_202220_1.xpfm;xilinx_zcu102_base_dfx_202220_1|D:/Xilinx202202/Vitis/2022.2/base_platforms/xilinx_zcu102_base_dfx_202220_1/xilinx_zcu102_base_dfx_202220_1.xpfm;xilinx_zcu104_base_202220_1|D:/Xilinx202202/Vitis/2022.2/base_platforms/xilinx_zcu104_base_202220_1/xilinx_zcu104_base_202220_1.xpfm
10:32:59 INFO  : Checking for BSP changes to sync application flags for project 'syncMain'...
10:33:06 ERROR : XSCT server calls should not be made from TCF thread.
java.lang.RuntimeException: XSCT server calls should not be made from TCF thread.
	at com.xilinx.sdk.xsdb.XSDBCommandManager.issueAndWait(XSDBCommandManager.java:392) [com.xilinx.sdk.xsdb_1.0.0.202210132147.jar:?]
	at com.xilinx.sdk.xsdb.XsdbCommandUtils.executeAndRespond(XsdbCommandUtils.java:325) [com.xilinx.sdk.xsdb_1.0.0.202210132147.jar:?]
	at com.xilinx.sdk.hw.internal.HwPlatform.populateDesignProps(HwPlatform.java:521) [com.xilinx.sdk.hw_1.0.0.202210132147.jar:?]
	at com.xilinx.sdk.hw.internal.HwPlatform.isZynq(HwPlatform.java:1101) [com.xilinx.sdk.hw_1.0.0.202210132147.jar:?]
	at com.xilinx.sdk.hw.internal.HwPlatform.getArchFamily(HwPlatform.java:587) [com.xilinx.sdk.hw_1.0.0.202210132147.jar:?]
	at com.xilinx.sdk.tcf.internal.debug.ui.common.BaseLaunchConfigModel.readCrossTriggerModel(BaseLaunchConfigModel.java:174) [com.xilinx.sdk.tcf.debug_1.0.0.202210132147.jar:?]
	at com.xilinx.sdk.tcf.internal.debug.ui.common.BaseLaunchConfigModel.readAndSetAttributes(BaseLaunchConfigModel.java:156) [com.xilinx.sdk.tcf.debug_1.0.0.202210132147.jar:?]
	at com.xilinx.sdx.sdsoc.debug.ui.SdsLaunchConfigModel.newInstance(SdsLaunchConfigModel.java:109) [com.xilinx.sdx.sdsoc.debug.ui_1.0.0.202210132147.jar:?]
	at com.xilinx.sdx.sdsoc.debug.launch.SdsTcfLaunchDelegate.createConfigModel(SdsTcfLaunchDelegate.java:85) [com.xilinx.sdx.sdsoc.debug_1.0.0.202210132147.jar:?]
	at com.xilinx.sdx.sdsoc.debug.launch.SdsTcfLaunchDelegate.generateReports(SdsTcfLaunchDelegate.java:641) [com.xilinx.sdx.sdsoc.debug_1.0.0.202210132147.jar:?]
	at com.xilinx.sdx.sdsoc.debug.launch.SdsTcfLaunchDelegate.onDisconnected(SdsTcfLaunchDelegate.java:615) [com.xilinx.sdx.sdsoc.debug_1.0.0.202210132147.jar:?]
	at org.eclipse.tcf.internal.debug.ui.model.TCFModelManager$1.onDisconnected(TCFModelManager.java:79) [org.eclipse.tcf.debug.ui_1.7.0.202210132147.jar:?]
	at org.eclipse.tcf.internal.debug.model.TCFLaunch.onDisconnected(TCFLaunch.java:532) [org.eclipse.tcf.debug_1.7.0.202210132147.jar:?]
	at org.eclipse.tcf.internal.debug.model.TCFLaunch$43.onChannelClosed(TCFLaunch.java:1643) [org.eclipse.tcf.debug_1.7.0.202210132147.jar:?]
	at org.eclipse.tcf.core.AbstractChannel$9.run(AbstractChannel.java:858) [org.eclipse.tcf.core_1.7.0.202210132147.jar:?]
	at org.eclipse.tcf.EventQueue.run(EventQueue.java:98) [org.eclipse.tcf_1.7.0.202210132147.jar:?]
	at java.lang.Thread.run(Thread.java:829) [?:?]
10:33:06 INFO  : Disconnected from the channel tcfchan#10.
10:33:06 INFO  : The hardware specification used by project 'syncMain' is out of sync with the platform. Resource files extracted from the hardware specification will be updated.
10:33:06 INFO  : The file 'E:\kevin\myCode\microBlaze200-100\vitisJson\syncMain\_ide\bitstream\design_1_wrapper.bit' stored in project is removed.
10:33:06 INFO  : The file 'E:\kevin\myCode\microBlaze200-100\vitisJson\syncMain\_ide\bitstream\design_1_wrapper.mmi' stored in project is removed.
10:33:06 INFO  : The updated bitstream files are copied from platform to folder 'E:\kevin\myCode\microBlaze200-100\vitisJson\syncMain\_ide\bitstream' in project 'syncMain'.
10:33:06 INFO  : Connected to target on host '127.0.0.1' and port '3121'.
10:33:06 INFO  : Jtag cable 'Digilent JTAG-HS2 201706300081' is selected.
10:33:06 INFO  : 'jtag frequency' command is executed.
10:33:06 INFO  : 'targets -set -filter {jtag_cable_name =~ "Digilent JTAG-HS2 201706300081" && level==0 && jtag_device_ctx=="jsn-JTAG-HS2-201706300081-13631093-0"}' command is executed.
10:33:09 INFO  : Device configured successfully with "E:/kevin/myCode/microBlaze200-100/vitisJson/syncMain/_ide/bitstream/design_1_wrapper.bit"
10:33:09 INFO  : Context for processor 'microblaze_0' is selected.
10:33:09 INFO  : Hardware design and registers information is loaded from 'E:/kevin/myCode/microBlaze200-100/vitisJson/syncBlaze/export/syncBlaze/hw/design_1_wrapper.xsa'.
10:33:09 INFO  : 'configparams mdm-detect-bscan-mask 2' command is executed.
10:33:09 INFO  : Context for processor 'microblaze_0' is selected.
10:33:09 INFO  : System reset is completed.
10:33:12 INFO  : 'after 3000' command is executed.
10:33:12 INFO  : Context for processor 'microblaze_0' is selected.
10:33:13 INFO  : The application 'E:/kevin/myCode/microBlaze200-100/vitisJson/syncMain/Debug/syncMain.elf' is downloaded to processor 'microblaze_0'.
10:33:13 INFO  : ----------------XSDB Script----------------
connect -url tcp:127.0.0.1:3121
targets -set -filter {jtag_cable_name =~ "Digilent JTAG-HS2 201706300081" && level==0 && jtag_device_ctx=="jsn-JTAG-HS2-201706300081-13631093-0"}
fpga -file E:/kevin/myCode/microBlaze200-100/vitisJson/syncMain/_ide/bitstream/design_1_wrapper.bit
targets -set -nocase -filter {name =~ "*microblaze*#0" && bscan=="USER2" }
loadhw -hw E:/kevin/myCode/microBlaze200-100/vitisJson/syncBlaze/export/syncBlaze/hw/design_1_wrapper.xsa -regs
configparams mdm-detect-bscan-mask 2
targets -set -nocase -filter {name =~ "*microblaze*#0" && bscan=="USER2" }
rst -system
after 3000
targets -set -nocase -filter {name =~ "*microblaze*#0" && bscan=="USER2" }
dow E:/kevin/myCode/microBlaze200-100/vitisJson/syncMain/Debug/syncMain.elf
----------------End of Script----------------

10:33:13 INFO  : Context for processor 'microblaze_0' is selected.
10:33:13 INFO  : 'con' command is executed.
10:33:13 INFO  : ----------------XSDB Script (After Launch)----------------
targets -set -nocase -filter {name =~ "*microblaze*#0" && bscan=="USER2" }
con
----------------End of Script----------------

10:33:13 INFO  : Launch script is exported to file 'E:\kevin\myCode\microBlaze200-100\vitisJson\syncMain_system\_ide\scripts\systemdebugger_syncmain_system_standalone.tcl'
10:50:35 INFO  : Hardware specification for platform project 'syncBlaze' is updated.
10:50:52 INFO  : Result from executing command 'getProjects': syncBlaze
10:50:52 INFO  : Result from executing command 'getPlatforms': syncBlaze|E:/kevin/myCode/microBlaze200-100/vitisJson/syncBlaze/export/syncBlaze/syncBlaze.xpfm;xilinx_vck190_base_202220_1|D:/Xilinx202202/Vitis/2022.2/base_platforms/xilinx_vck190_base_202220_1/xilinx_vck190_base_202220_1.xpfm;xilinx_vck190_base_dfx_202220_1|D:/Xilinx202202/Vitis/2022.2/base_platforms/xilinx_vck190_base_dfx_202220_1/xilinx_vck190_base_dfx_202220_1.xpfm;xilinx_vmk180_base_202220_1|D:/Xilinx202202/Vitis/2022.2/base_platforms/xilinx_vmk180_base_202220_1/xilinx_vmk180_base_202220_1.xpfm;xilinx_zcu102_base_202220_1|D:/Xilinx202202/Vitis/2022.2/base_platforms/xilinx_zcu102_base_202220_1/xilinx_zcu102_base_202220_1.xpfm;xilinx_zcu102_base_dfx_202220_1|D:/Xilinx202202/Vitis/2022.2/base_platforms/xilinx_zcu102_base_dfx_202220_1/xilinx_zcu102_base_dfx_202220_1.xpfm;xilinx_zcu104_base_202220_1|D:/Xilinx202202/Vitis/2022.2/base_platforms/xilinx_zcu104_base_202220_1/xilinx_zcu104_base_202220_1.xpfm
10:51:13 INFO  : Checking for BSP changes to sync application flags for project 'syncMain'...
10:51:17 ERROR : XSCT server calls should not be made from TCF thread.
java.lang.RuntimeException: XSCT server calls should not be made from TCF thread.
	at com.xilinx.sdk.xsdb.XSDBCommandManager.issueAndWait(XSDBCommandManager.java:392) [com.xilinx.sdk.xsdb_1.0.0.202210132147.jar:?]
	at com.xilinx.sdk.xsdb.XsdbCommandUtils.executeAndRespond(XsdbCommandUtils.java:325) [com.xilinx.sdk.xsdb_1.0.0.202210132147.jar:?]
	at com.xilinx.sdk.hw.internal.HwPlatform.populateDesignProps(HwPlatform.java:521) [com.xilinx.sdk.hw_1.0.0.202210132147.jar:?]
	at com.xilinx.sdk.hw.internal.HwPlatform.isZynq(HwPlatform.java:1101) [com.xilinx.sdk.hw_1.0.0.202210132147.jar:?]
	at com.xilinx.sdk.hw.internal.HwPlatform.getArchFamily(HwPlatform.java:587) [com.xilinx.sdk.hw_1.0.0.202210132147.jar:?]
	at com.xilinx.sdk.tcf.internal.debug.ui.common.BaseLaunchConfigModel.readCrossTriggerModel(BaseLaunchConfigModel.java:174) [com.xilinx.sdk.tcf.debug_1.0.0.202210132147.jar:?]
	at com.xilinx.sdk.tcf.internal.debug.ui.common.BaseLaunchConfigModel.readAndSetAttributes(BaseLaunchConfigModel.java:156) [com.xilinx.sdk.tcf.debug_1.0.0.202210132147.jar:?]
	at com.xilinx.sdx.sdsoc.debug.ui.SdsLaunchConfigModel.newInstance(SdsLaunchConfigModel.java:109) [com.xilinx.sdx.sdsoc.debug.ui_1.0.0.202210132147.jar:?]
	at com.xilinx.sdx.sdsoc.debug.launch.SdsTcfLaunchDelegate.createConfigModel(SdsTcfLaunchDelegate.java:85) [com.xilinx.sdx.sdsoc.debug_1.0.0.202210132147.jar:?]
	at com.xilinx.sdx.sdsoc.debug.launch.SdsTcfLaunchDelegate.generateReports(SdsTcfLaunchDelegate.java:641) [com.xilinx.sdx.sdsoc.debug_1.0.0.202210132147.jar:?]
	at com.xilinx.sdx.sdsoc.debug.launch.SdsTcfLaunchDelegate.onDisconnected(SdsTcfLaunchDelegate.java:615) [com.xilinx.sdx.sdsoc.debug_1.0.0.202210132147.jar:?]
	at org.eclipse.tcf.internal.debug.ui.model.TCFModelManager$1.onDisconnected(TCFModelManager.java:79) [org.eclipse.tcf.debug.ui_1.7.0.202210132147.jar:?]
	at org.eclipse.tcf.internal.debug.model.TCFLaunch.onDisconnected(TCFLaunch.java:532) [org.eclipse.tcf.debug_1.7.0.202210132147.jar:?]
	at org.eclipse.tcf.internal.debug.model.TCFLaunch$43.onChannelClosed(TCFLaunch.java:1643) [org.eclipse.tcf.debug_1.7.0.202210132147.jar:?]
	at org.eclipse.tcf.core.AbstractChannel$9.run(AbstractChannel.java:858) [org.eclipse.tcf.core_1.7.0.202210132147.jar:?]
	at org.eclipse.tcf.EventQueue.run(EventQueue.java:98) [org.eclipse.tcf_1.7.0.202210132147.jar:?]
	at java.lang.Thread.run(Thread.java:829) [?:?]
10:51:17 INFO  : Disconnected from the channel tcfchan#12.
10:51:19 INFO  : The hardware specification used by project 'syncMain' is out of sync with the platform. Resource files extracted from the hardware specification will be updated.
10:51:19 INFO  : The file 'E:\kevin\myCode\microBlaze200-100\vitisJson\syncMain\_ide\bitstream\design_1_wrapper.bit' stored in project is removed.
10:51:19 INFO  : The file 'E:\kevin\myCode\microBlaze200-100\vitisJson\syncMain\_ide\bitstream\design_1_wrapper.mmi' stored in project is removed.
10:51:19 INFO  : The updated bitstream files are copied from platform to folder 'E:\kevin\myCode\microBlaze200-100\vitisJson\syncMain\_ide\bitstream' in project 'syncMain'.
10:51:19 INFO  : Connected to target on host '127.0.0.1' and port '3121'.
10:51:19 INFO  : Jtag cable 'Digilent JTAG-HS2 201706300081' is selected.
10:51:19 INFO  : 'jtag frequency' command is executed.
10:51:19 INFO  : 'targets -set -filter {jtag_cable_name =~ "Digilent JTAG-HS2 201706300081" && level==0 && jtag_device_ctx=="jsn-JTAG-HS2-201706300081-13631093-0"}' command is executed.
10:51:23 INFO  : Device configured successfully with "E:/kevin/myCode/microBlaze200-100/vitisJson/syncMain/_ide/bitstream/design_1_wrapper.bit"
10:51:23 INFO  : Context for processor 'microblaze_0' is selected.
10:51:23 INFO  : Hardware design and registers information is loaded from 'E:/kevin/myCode/microBlaze200-100/vitisJson/syncBlaze/export/syncBlaze/hw/design_1_wrapper.xsa'.
10:51:23 INFO  : 'configparams mdm-detect-bscan-mask 2' command is executed.
10:51:23 INFO  : Context for processor 'microblaze_0' is selected.
10:51:23 INFO  : System reset is completed.
10:51:26 INFO  : 'after 3000' command is executed.
10:51:26 INFO  : Context for processor 'microblaze_0' is selected.
10:51:26 INFO  : The application 'E:/kevin/myCode/microBlaze200-100/vitisJson/syncMain/Debug/syncMain.elf' is downloaded to processor 'microblaze_0'.
10:51:26 INFO  : ----------------XSDB Script----------------
connect -url tcp:127.0.0.1:3121
targets -set -filter {jtag_cable_name =~ "Digilent JTAG-HS2 201706300081" && level==0 && jtag_device_ctx=="jsn-JTAG-HS2-201706300081-13631093-0"}
fpga -file E:/kevin/myCode/microBlaze200-100/vitisJson/syncMain/_ide/bitstream/design_1_wrapper.bit
targets -set -nocase -filter {name =~ "*microblaze*#0" && bscan=="USER2" }
loadhw -hw E:/kevin/myCode/microBlaze200-100/vitisJson/syncBlaze/export/syncBlaze/hw/design_1_wrapper.xsa -regs
configparams mdm-detect-bscan-mask 2
targets -set -nocase -filter {name =~ "*microblaze*#0" && bscan=="USER2" }
rst -system
after 3000
targets -set -nocase -filter {name =~ "*microblaze*#0" && bscan=="USER2" }
dow E:/kevin/myCode/microBlaze200-100/vitisJson/syncMain/Debug/syncMain.elf
----------------End of Script----------------

10:51:26 INFO  : Context for processor 'microblaze_0' is selected.
10:51:26 INFO  : 'con' command is executed.
10:51:26 INFO  : ----------------XSDB Script (After Launch)----------------
targets -set -nocase -filter {name =~ "*microblaze*#0" && bscan=="USER2" }
con
----------------End of Script----------------

10:51:26 INFO  : Launch script is exported to file 'E:\kevin\myCode\microBlaze200-100\vitisJson\syncMain_system\_ide\scripts\systemdebugger_syncmain_system_standalone.tcl'
11:29:29 INFO  : Hardware specification for platform project 'syncBlaze' is updated.
11:29:39 INFO  : Result from executing command 'getProjects': syncBlaze
11:29:39 INFO  : Result from executing command 'getPlatforms': syncBlaze|E:/kevin/myCode/microBlaze200-100/vitisJson/syncBlaze/export/syncBlaze/syncBlaze.xpfm;xilinx_vck190_base_202220_1|D:/Xilinx202202/Vitis/2022.2/base_platforms/xilinx_vck190_base_202220_1/xilinx_vck190_base_202220_1.xpfm;xilinx_vck190_base_dfx_202220_1|D:/Xilinx202202/Vitis/2022.2/base_platforms/xilinx_vck190_base_dfx_202220_1/xilinx_vck190_base_dfx_202220_1.xpfm;xilinx_vmk180_base_202220_1|D:/Xilinx202202/Vitis/2022.2/base_platforms/xilinx_vmk180_base_202220_1/xilinx_vmk180_base_202220_1.xpfm;xilinx_zcu102_base_202220_1|D:/Xilinx202202/Vitis/2022.2/base_platforms/xilinx_zcu102_base_202220_1/xilinx_zcu102_base_202220_1.xpfm;xilinx_zcu102_base_dfx_202220_1|D:/Xilinx202202/Vitis/2022.2/base_platforms/xilinx_zcu102_base_dfx_202220_1/xilinx_zcu102_base_dfx_202220_1.xpfm;xilinx_zcu104_base_202220_1|D:/Xilinx202202/Vitis/2022.2/base_platforms/xilinx_zcu104_base_202220_1/xilinx_zcu104_base_202220_1.xpfm
11:29:50 ERROR : XSCT server calls should not be made from TCF thread.
java.lang.RuntimeException: XSCT server calls should not be made from TCF thread.
	at com.xilinx.sdk.xsdb.XSDBCommandManager.issueAndWait(XSDBCommandManager.java:392) [com.xilinx.sdk.xsdb_1.0.0.202210132147.jar:?]
	at com.xilinx.sdk.xsdb.XsdbCommandUtils.executeAndRespond(XsdbCommandUtils.java:325) [com.xilinx.sdk.xsdb_1.0.0.202210132147.jar:?]
	at com.xilinx.sdk.hw.internal.HwPlatform.dispose(HwPlatform.java:1325) [com.xilinx.sdk.hw_1.0.0.202210132147.jar:?]
	at com.xilinx.sdk.hw.internal.HwSpecFactory.removeHwSpec(HwSpecFactory.java:92) [com.xilinx.sdk.hw_1.0.0.202210132147.jar:?]
	at com.xilinx.sdk.hw.internal.HwSpecFactory.validateGetFromCache(HwSpecFactory.java:78) [com.xilinx.sdk.hw_1.0.0.202210132147.jar:?]
	at com.xilinx.sdk.hw.internal.HwSpecFactory.createHwSpec(HwSpecFactory.java:48) [com.xilinx.sdk.hw_1.0.0.202210132147.jar:?]
	at com.xilinx.sdx.sdsoc.debug.ui.SdsLaunchConfigUtil.createHwPlatform(SdsLaunchConfigUtil.java:57) [com.xilinx.sdx.sdsoc.debug.ui_1.0.0.202210132147.jar:?]
	at com.xilinx.sdx.sdsoc.debug.ui.SdsLaunchConfigModel.iniHwPlatform(SdsLaunchConfigModel.java:187) [com.xilinx.sdx.sdsoc.debug.ui_1.0.0.202210132147.jar:?]
	at com.xilinx.sdk.tcf.internal.debug.ui.common.BaseLaunchConfigModel.getHwPlatform(BaseLaunchConfigModel.java:577) [com.xilinx.sdk.tcf.debug_1.0.0.202210132147.jar:?]
	at com.xilinx.sdk.tcf.internal.debug.ui.common.BaseLaunchConfigModel.readCrossTriggerModel(BaseLaunchConfigModel.java:173) [com.xilinx.sdk.tcf.debug_1.0.0.202210132147.jar:?]
	at com.xilinx.sdk.tcf.internal.debug.ui.common.BaseLaunchConfigModel.readAndSetAttributes(BaseLaunchConfigModel.java:156) [com.xilinx.sdk.tcf.debug_1.0.0.202210132147.jar:?]
	at com.xilinx.sdx.sdsoc.debug.ui.SdsLaunchConfigModel.newInstance(SdsLaunchConfigModel.java:109) [com.xilinx.sdx.sdsoc.debug.ui_1.0.0.202210132147.jar:?]
	at com.xilinx.sdx.sdsoc.debug.launch.SdsTcfLaunchDelegate.createConfigModel(SdsTcfLaunchDelegate.java:85) [com.xilinx.sdx.sdsoc.debug_1.0.0.202210132147.jar:?]
	at com.xilinx.sdx.sdsoc.debug.launch.SdsTcfLaunchDelegate.generateReports(SdsTcfLaunchDelegate.java:641) [com.xilinx.sdx.sdsoc.debug_1.0.0.202210132147.jar:?]
	at com.xilinx.sdx.sdsoc.debug.launch.SdsTcfLaunchDelegate.onDisconnected(SdsTcfLaunchDelegate.java:615) [com.xilinx.sdx.sdsoc.debug_1.0.0.202210132147.jar:?]
	at org.eclipse.tcf.internal.debug.ui.model.TCFModelManager$1.onDisconnected(TCFModelManager.java:79) [org.eclipse.tcf.debug.ui_1.7.0.202210132147.jar:?]
	at org.eclipse.tcf.internal.debug.model.TCFLaunch.onDisconnected(TCFLaunch.java:532) [org.eclipse.tcf.debug_1.7.0.202210132147.jar:?]
	at org.eclipse.tcf.internal.debug.model.TCFLaunch$43.onChannelClosed(TCFLaunch.java:1643) [org.eclipse.tcf.debug_1.7.0.202210132147.jar:?]
	at org.eclipse.tcf.core.AbstractChannel$9.run(AbstractChannel.java:858) [org.eclipse.tcf.core_1.7.0.202210132147.jar:?]
	at org.eclipse.tcf.EventQueue.run(EventQueue.java:98) [org.eclipse.tcf_1.7.0.202210132147.jar:?]
	at java.lang.Thread.run(Thread.java:829) [?:?]
11:29:50 INFO  : Disconnected from the channel tcfchan#14.
11:29:52 INFO  : Checking for BSP changes to sync application flags for project 'syncMain'...
11:30:10 INFO  : The hardware specification used by project 'syncMain' is out of sync with the platform. Resource files extracted from the hardware specification will be updated.
11:30:10 INFO  : The file 'E:\kevin\myCode\microBlaze200-100\vitisJson\syncMain\_ide\bitstream\design_1_wrapper.bit' stored in project is removed.
11:30:10 INFO  : The file 'E:\kevin\myCode\microBlaze200-100\vitisJson\syncMain\_ide\bitstream\design_1_wrapper.mmi' stored in project is removed.
11:30:10 INFO  : The updated bitstream files are copied from platform to folder 'E:\kevin\myCode\microBlaze200-100\vitisJson\syncMain\_ide\bitstream' in project 'syncMain'.
11:30:12 INFO  : Connected to target on host '127.0.0.1' and port '3121'.
11:30:13 INFO  : Jtag cable 'Digilent JTAG-HS2 201706300081' is selected.
11:30:13 INFO  : 'jtag frequency' command is executed.
11:30:13 INFO  : 'targets -set -filter {jtag_cable_name =~ "Digilent JTAG-HS2 201706300081" && level==0 && jtag_device_ctx=="jsn-JTAG-HS2-201706300081-13631093-0"}' command is executed.
11:30:16 INFO  : Device configured successfully with "E:/kevin/myCode/microBlaze200-100/vitisJson/syncMain/_ide/bitstream/design_1_wrapper.bit"
11:30:16 INFO  : Context for processor 'microblaze_0' is selected.
11:30:16 INFO  : Hardware design and registers information is loaded from 'E:/kevin/myCode/microBlaze200-100/vitisJson/syncBlaze/export/syncBlaze/hw/design_1_wrapper.xsa'.
11:30:16 INFO  : 'configparams mdm-detect-bscan-mask 2' command is executed.
11:30:16 INFO  : Context for processor 'microblaze_0' is selected.
11:30:16 INFO  : System reset is completed.
11:30:19 INFO  : 'after 3000' command is executed.
11:30:19 INFO  : Context for processor 'microblaze_0' is selected.
11:30:19 INFO  : The application 'E:/kevin/myCode/microBlaze200-100/vitisJson/syncMain/Debug/syncMain.elf' is downloaded to processor 'microblaze_0'.
11:30:19 INFO  : ----------------XSDB Script----------------
connect -url tcp:127.0.0.1:3121
targets -set -filter {jtag_cable_name =~ "Digilent JTAG-HS2 201706300081" && level==0 && jtag_device_ctx=="jsn-JTAG-HS2-201706300081-13631093-0"}
fpga -file E:/kevin/myCode/microBlaze200-100/vitisJson/syncMain/_ide/bitstream/design_1_wrapper.bit
targets -set -nocase -filter {name =~ "*microblaze*#0" && bscan=="USER2" }
loadhw -hw E:/kevin/myCode/microBlaze200-100/vitisJson/syncBlaze/export/syncBlaze/hw/design_1_wrapper.xsa -regs
configparams mdm-detect-bscan-mask 2
targets -set -nocase -filter {name =~ "*microblaze*#0" && bscan=="USER2" }
rst -system
after 3000
targets -set -nocase -filter {name =~ "*microblaze*#0" && bscan=="USER2" }
dow E:/kevin/myCode/microBlaze200-100/vitisJson/syncMain/Debug/syncMain.elf
----------------End of Script----------------

11:30:19 INFO  : Context for processor 'microblaze_0' is selected.
11:30:19 INFO  : 'con' command is executed.
11:30:19 INFO  : ----------------XSDB Script (After Launch)----------------
targets -set -nocase -filter {name =~ "*microblaze*#0" && bscan=="USER2" }
con
----------------End of Script----------------

11:30:19 INFO  : Launch script is exported to file 'E:\kevin\myCode\microBlaze200-100\vitisJson\syncMain_system\_ide\scripts\systemdebugger_syncmain_system_standalone.tcl'
11:50:28 INFO  : Hardware specification for platform project 'syncBlaze' is updated.
11:50:37 INFO  : Result from executing command 'getProjects': syncBlaze
11:50:37 INFO  : Result from executing command 'getPlatforms': syncBlaze|E:/kevin/myCode/microBlaze200-100/vitisJson/syncBlaze/export/syncBlaze/syncBlaze.xpfm;xilinx_vck190_base_202220_1|D:/Xilinx202202/Vitis/2022.2/base_platforms/xilinx_vck190_base_202220_1/xilinx_vck190_base_202220_1.xpfm;xilinx_vck190_base_dfx_202220_1|D:/Xilinx202202/Vitis/2022.2/base_platforms/xilinx_vck190_base_dfx_202220_1/xilinx_vck190_base_dfx_202220_1.xpfm;xilinx_vmk180_base_202220_1|D:/Xilinx202202/Vitis/2022.2/base_platforms/xilinx_vmk180_base_202220_1/xilinx_vmk180_base_202220_1.xpfm;xilinx_zcu102_base_202220_1|D:/Xilinx202202/Vitis/2022.2/base_platforms/xilinx_zcu102_base_202220_1/xilinx_zcu102_base_202220_1.xpfm;xilinx_zcu102_base_dfx_202220_1|D:/Xilinx202202/Vitis/2022.2/base_platforms/xilinx_zcu102_base_dfx_202220_1/xilinx_zcu102_base_dfx_202220_1.xpfm;xilinx_zcu104_base_202220_1|D:/Xilinx202202/Vitis/2022.2/base_platforms/xilinx_zcu104_base_202220_1/xilinx_zcu104_base_202220_1.xpfm
11:50:41 ERROR : XSCT server calls should not be made from TCF thread.
java.lang.RuntimeException: XSCT server calls should not be made from TCF thread.
	at com.xilinx.sdk.xsdb.XSDBCommandManager.issueAndWait(XSDBCommandManager.java:392) [com.xilinx.sdk.xsdb_1.0.0.202210132147.jar:?]
	at com.xilinx.sdk.xsdb.XsdbCommandUtils.executeAndRespond(XsdbCommandUtils.java:325) [com.xilinx.sdk.xsdb_1.0.0.202210132147.jar:?]
	at com.xilinx.sdk.hw.internal.HwPlatform.dispose(HwPlatform.java:1325) [com.xilinx.sdk.hw_1.0.0.202210132147.jar:?]
	at com.xilinx.sdk.hw.internal.HwSpecFactory.removeHwSpec(HwSpecFactory.java:92) [com.xilinx.sdk.hw_1.0.0.202210132147.jar:?]
	at com.xilinx.sdk.hw.internal.HwSpecFactory.validateGetFromCache(HwSpecFactory.java:78) [com.xilinx.sdk.hw_1.0.0.202210132147.jar:?]
	at com.xilinx.sdk.hw.internal.HwSpecFactory.createHwSpec(HwSpecFactory.java:48) [com.xilinx.sdk.hw_1.0.0.202210132147.jar:?]
	at com.xilinx.sdx.sdsoc.debug.ui.SdsLaunchConfigUtil.createHwPlatform(SdsLaunchConfigUtil.java:57) [com.xilinx.sdx.sdsoc.debug.ui_1.0.0.202210132147.jar:?]
	at com.xilinx.sdx.sdsoc.debug.ui.SdsLaunchConfigModel.iniHwPlatform(SdsLaunchConfigModel.java:187) [com.xilinx.sdx.sdsoc.debug.ui_1.0.0.202210132147.jar:?]
	at com.xilinx.sdk.tcf.internal.debug.ui.common.BaseLaunchConfigModel.getHwPlatform(BaseLaunchConfigModel.java:577) [com.xilinx.sdk.tcf.debug_1.0.0.202210132147.jar:?]
	at com.xilinx.sdk.tcf.internal.debug.ui.common.BaseLaunchConfigModel.readCrossTriggerModel(BaseLaunchConfigModel.java:173) [com.xilinx.sdk.tcf.debug_1.0.0.202210132147.jar:?]
	at com.xilinx.sdk.tcf.internal.debug.ui.common.BaseLaunchConfigModel.readAndSetAttributes(BaseLaunchConfigModel.java:156) [com.xilinx.sdk.tcf.debug_1.0.0.202210132147.jar:?]
	at com.xilinx.sdx.sdsoc.debug.ui.SdsLaunchConfigModel.newInstance(SdsLaunchConfigModel.java:109) [com.xilinx.sdx.sdsoc.debug.ui_1.0.0.202210132147.jar:?]
	at com.xilinx.sdx.sdsoc.debug.launch.SdsTcfLaunchDelegate.createConfigModel(SdsTcfLaunchDelegate.java:85) [com.xilinx.sdx.sdsoc.debug_1.0.0.202210132147.jar:?]
	at com.xilinx.sdx.sdsoc.debug.launch.SdsTcfLaunchDelegate.generateReports(SdsTcfLaunchDelegate.java:641) [com.xilinx.sdx.sdsoc.debug_1.0.0.202210132147.jar:?]
	at com.xilinx.sdx.sdsoc.debug.launch.SdsTcfLaunchDelegate.onDisconnected(SdsTcfLaunchDelegate.java:615) [com.xilinx.sdx.sdsoc.debug_1.0.0.202210132147.jar:?]
	at org.eclipse.tcf.internal.debug.ui.model.TCFModelManager$1.onDisconnected(TCFModelManager.java:79) [org.eclipse.tcf.debug.ui_1.7.0.202210132147.jar:?]
	at org.eclipse.tcf.internal.debug.model.TCFLaunch.onDisconnected(TCFLaunch.java:532) [org.eclipse.tcf.debug_1.7.0.202210132147.jar:?]
	at org.eclipse.tcf.internal.debug.model.TCFLaunch$43.onChannelClosed(TCFLaunch.java:1643) [org.eclipse.tcf.debug_1.7.0.202210132147.jar:?]
	at org.eclipse.tcf.core.AbstractChannel$9.run(AbstractChannel.java:858) [org.eclipse.tcf.core_1.7.0.202210132147.jar:?]
	at org.eclipse.tcf.EventQueue.run(EventQueue.java:98) [org.eclipse.tcf_1.7.0.202210132147.jar:?]
	at java.lang.Thread.run(Thread.java:829) [?:?]
11:50:41 INFO  : Disconnected from the channel tcfchan#16.
11:50:42 INFO  : Checking for BSP changes to sync application flags for project 'syncMain'...
11:50:53 INFO  : The hardware specification used by project 'syncMain' is out of sync with the platform. Resource files extracted from the hardware specification will be updated.
11:50:53 INFO  : The file 'E:\kevin\myCode\microBlaze200-100\vitisJson\syncMain\_ide\bitstream\design_1_wrapper.bit' stored in project is removed.
11:50:53 INFO  : The file 'E:\kevin\myCode\microBlaze200-100\vitisJson\syncMain\_ide\bitstream\design_1_wrapper.mmi' stored in project is removed.
11:50:53 INFO  : The updated bitstream files are copied from platform to folder 'E:\kevin\myCode\microBlaze200-100\vitisJson\syncMain\_ide\bitstream' in project 'syncMain'.
11:50:55 INFO  : Connected to target on host '127.0.0.1' and port '3121'.
11:50:55 INFO  : Jtag cable 'Digilent JTAG-HS2 201706300081' is selected.
11:50:55 INFO  : 'jtag frequency' command is executed.
11:50:55 INFO  : 'targets -set -filter {jtag_cable_name =~ "Digilent JTAG-HS2 201706300081" && level==0 && jtag_device_ctx=="jsn-JTAG-HS2-201706300081-13631093-0"}' command is executed.
11:50:59 INFO  : Device configured successfully with "E:/kevin/myCode/microBlaze200-100/vitisJson/syncMain/_ide/bitstream/design_1_wrapper.bit"
11:50:59 INFO  : Context for processor 'microblaze_0' is selected.
11:50:59 INFO  : Hardware design and registers information is loaded from 'E:/kevin/myCode/microBlaze200-100/vitisJson/syncBlaze/export/syncBlaze/hw/design_1_wrapper.xsa'.
11:50:59 INFO  : 'configparams mdm-detect-bscan-mask 2' command is executed.
11:50:59 INFO  : Context for processor 'microblaze_0' is selected.
11:50:59 INFO  : System reset is completed.
11:51:02 INFO  : 'after 3000' command is executed.
11:51:02 INFO  : Context for processor 'microblaze_0' is selected.
11:51:02 INFO  : The application 'E:/kevin/myCode/microBlaze200-100/vitisJson/syncMain/Debug/syncMain.elf' is downloaded to processor 'microblaze_0'.
11:51:02 INFO  : ----------------XSDB Script----------------
connect -url tcp:127.0.0.1:3121
targets -set -filter {jtag_cable_name =~ "Digilent JTAG-HS2 201706300081" && level==0 && jtag_device_ctx=="jsn-JTAG-HS2-201706300081-13631093-0"}
fpga -file E:/kevin/myCode/microBlaze200-100/vitisJson/syncMain/_ide/bitstream/design_1_wrapper.bit
targets -set -nocase -filter {name =~ "*microblaze*#0" && bscan=="USER2" }
loadhw -hw E:/kevin/myCode/microBlaze200-100/vitisJson/syncBlaze/export/syncBlaze/hw/design_1_wrapper.xsa -regs
configparams mdm-detect-bscan-mask 2
targets -set -nocase -filter {name =~ "*microblaze*#0" && bscan=="USER2" }
rst -system
after 3000
targets -set -nocase -filter {name =~ "*microblaze*#0" && bscan=="USER2" }
dow E:/kevin/myCode/microBlaze200-100/vitisJson/syncMain/Debug/syncMain.elf
----------------End of Script----------------

11:51:02 INFO  : Context for processor 'microblaze_0' is selected.
11:51:02 INFO  : 'con' command is executed.
11:51:02 INFO  : ----------------XSDB Script (After Launch)----------------
targets -set -nocase -filter {name =~ "*microblaze*#0" && bscan=="USER2" }
con
----------------End of Script----------------

11:51:02 INFO  : Launch script is exported to file 'E:\kevin\myCode\microBlaze200-100\vitisJson\syncMain_system\_ide\scripts\systemdebugger_syncmain_system_standalone.tcl'
11:51:04 INFO  : Disconnected from the channel tcfchan#18.
11:51:04 INFO  : Connected to target on host '127.0.0.1' and port '3121'.
11:51:04 INFO  : Jtag cable 'Digilent JTAG-HS2 201706300081' is selected.
11:51:04 INFO  : 'jtag frequency' command is executed.
11:51:04 INFO  : 'targets -set -filter {jtag_cable_name =~ "Digilent JTAG-HS2 201706300081" && level==0 && jtag_device_ctx=="jsn-JTAG-HS2-201706300081-13631093-0"}' command is executed.
11:51:08 INFO  : Device configured successfully with "E:/kevin/myCode/microBlaze200-100/vitisJson/syncMain/_ide/bitstream/design_1_wrapper.bit"
11:51:08 INFO  : Context for processor 'microblaze_0' is selected.
11:51:08 INFO  : Hardware design and registers information is loaded from 'E:/kevin/myCode/microBlaze200-100/vitisJson/syncBlaze/export/syncBlaze/hw/design_1_wrapper.xsa'.
11:51:08 INFO  : 'configparams mdm-detect-bscan-mask 2' command is executed.
11:51:08 INFO  : Context for processor 'microblaze_0' is selected.
11:51:08 INFO  : System reset is completed.
11:51:11 INFO  : 'after 3000' command is executed.
11:51:11 INFO  : Context for processor 'microblaze_0' is selected.
11:51:11 INFO  : The application 'E:/kevin/myCode/microBlaze200-100/vitisJson/syncMain/Debug/syncMain.elf' is downloaded to processor 'microblaze_0'.
11:51:11 INFO  : ----------------XSDB Script----------------
connect -url tcp:127.0.0.1:3121
targets -set -filter {jtag_cable_name =~ "Digilent JTAG-HS2 201706300081" && level==0 && jtag_device_ctx=="jsn-JTAG-HS2-201706300081-13631093-0"}
fpga -file E:/kevin/myCode/microBlaze200-100/vitisJson/syncMain/_ide/bitstream/design_1_wrapper.bit
targets -set -nocase -filter {name =~ "*microblaze*#0" && bscan=="USER2" }
loadhw -hw E:/kevin/myCode/microBlaze200-100/vitisJson/syncBlaze/export/syncBlaze/hw/design_1_wrapper.xsa -regs
configparams mdm-detect-bscan-mask 2
targets -set -nocase -filter {name =~ "*microblaze*#0" && bscan=="USER2" }
rst -system
after 3000
targets -set -nocase -filter {name =~ "*microblaze*#0" && bscan=="USER2" }
dow E:/kevin/myCode/microBlaze200-100/vitisJson/syncMain/Debug/syncMain.elf
----------------End of Script----------------

11:51:11 INFO  : Context for processor 'microblaze_0' is selected.
11:51:11 INFO  : 'con' command is executed.
11:51:11 INFO  : ----------------XSDB Script (After Launch)----------------
targets -set -nocase -filter {name =~ "*microblaze*#0" && bscan=="USER2" }
con
----------------End of Script----------------

11:51:11 INFO  : Launch script is exported to file 'E:\kevin\myCode\microBlaze200-100\vitisJson\syncMain_system\_ide\scripts\systemdebugger_syncmain_system_standalone.tcl'
11:51:22 INFO  : Disconnected from the channel tcfchan#19.
11:51:23 INFO  : Connected to target on host '127.0.0.1' and port '3121'.
11:51:24 INFO  : Jtag cable 'Digilent JTAG-HS2 201706300081' is selected.
11:51:24 INFO  : 'jtag frequency' command is executed.
11:51:24 INFO  : 'targets -set -filter {jtag_cable_name =~ "Digilent JTAG-HS2 201706300081" && level==0 && jtag_device_ctx=="jsn-JTAG-HS2-201706300081-13631093-0"}' command is executed.
11:51:27 INFO  : Device configured successfully with "E:/kevin/myCode/microBlaze200-100/vitisJson/syncMain/_ide/bitstream/design_1_wrapper.bit"
11:51:27 INFO  : Context for processor 'microblaze_0' is selected.
11:51:27 INFO  : Hardware design and registers information is loaded from 'E:/kevin/myCode/microBlaze200-100/vitisJson/syncBlaze/export/syncBlaze/hw/design_1_wrapper.xsa'.
11:51:27 INFO  : 'configparams mdm-detect-bscan-mask 2' command is executed.
11:51:27 INFO  : Context for processor 'microblaze_0' is selected.
11:51:27 INFO  : System reset is completed.
11:51:30 INFO  : 'after 3000' command is executed.
11:51:30 INFO  : Context for processor 'microblaze_0' is selected.
11:51:31 INFO  : The application 'E:/kevin/myCode/microBlaze200-100/vitisJson/syncMain/Debug/syncMain.elf' is downloaded to processor 'microblaze_0'.
11:51:31 INFO  : ----------------XSDB Script----------------
connect -url tcp:127.0.0.1:3121
targets -set -filter {jtag_cable_name =~ "Digilent JTAG-HS2 201706300081" && level==0 && jtag_device_ctx=="jsn-JTAG-HS2-201706300081-13631093-0"}
fpga -file E:/kevin/myCode/microBlaze200-100/vitisJson/syncMain/_ide/bitstream/design_1_wrapper.bit
targets -set -nocase -filter {name =~ "*microblaze*#0" && bscan=="USER2" }
loadhw -hw E:/kevin/myCode/microBlaze200-100/vitisJson/syncBlaze/export/syncBlaze/hw/design_1_wrapper.xsa -regs
configparams mdm-detect-bscan-mask 2
targets -set -nocase -filter {name =~ "*microblaze*#0" && bscan=="USER2" }
rst -system
after 3000
targets -set -nocase -filter {name =~ "*microblaze*#0" && bscan=="USER2" }
dow E:/kevin/myCode/microBlaze200-100/vitisJson/syncMain/Debug/syncMain.elf
----------------End of Script----------------

11:51:31 INFO  : Context for processor 'microblaze_0' is selected.
11:51:31 INFO  : 'con' command is executed.
11:51:31 INFO  : ----------------XSDB Script (After Launch)----------------
targets -set -nocase -filter {name =~ "*microblaze*#0" && bscan=="USER2" }
con
----------------End of Script----------------

11:51:31 INFO  : Launch script is exported to file 'E:\kevin\myCode\microBlaze200-100\vitisJson\syncMain_system\_ide\scripts\systemdebugger_syncmain_system_standalone.tcl'
13:02:42 INFO  : Hardware specification for platform project 'syncBlaze' is updated.
13:03:02 INFO  : Result from executing command 'getProjects': syncBlaze
13:03:02 INFO  : Result from executing command 'getPlatforms': syncBlaze|E:/kevin/myCode/microBlaze200-100/vitisJson/syncBlaze/export/syncBlaze/syncBlaze.xpfm;xilinx_vck190_base_202220_1|D:/Xilinx202202/Vitis/2022.2/base_platforms/xilinx_vck190_base_202220_1/xilinx_vck190_base_202220_1.xpfm;xilinx_vck190_base_dfx_202220_1|D:/Xilinx202202/Vitis/2022.2/base_platforms/xilinx_vck190_base_dfx_202220_1/xilinx_vck190_base_dfx_202220_1.xpfm;xilinx_vmk180_base_202220_1|D:/Xilinx202202/Vitis/2022.2/base_platforms/xilinx_vmk180_base_202220_1/xilinx_vmk180_base_202220_1.xpfm;xilinx_zcu102_base_202220_1|D:/Xilinx202202/Vitis/2022.2/base_platforms/xilinx_zcu102_base_202220_1/xilinx_zcu102_base_202220_1.xpfm;xilinx_zcu102_base_dfx_202220_1|D:/Xilinx202202/Vitis/2022.2/base_platforms/xilinx_zcu102_base_dfx_202220_1/xilinx_zcu102_base_dfx_202220_1.xpfm;xilinx_zcu104_base_202220_1|D:/Xilinx202202/Vitis/2022.2/base_platforms/xilinx_zcu104_base_202220_1/xilinx_zcu104_base_202220_1.xpfm
13:03:06 ERROR : XSCT server calls should not be made from TCF thread.
java.lang.RuntimeException: XSCT server calls should not be made from TCF thread.
	at com.xilinx.sdk.xsdb.XSDBCommandManager.issueAndWait(XSDBCommandManager.java:392) [com.xilinx.sdk.xsdb_1.0.0.202210132147.jar:?]
	at com.xilinx.sdk.xsdb.XsdbCommandUtils.executeAndRespond(XsdbCommandUtils.java:325) [com.xilinx.sdk.xsdb_1.0.0.202210132147.jar:?]
	at com.xilinx.sdk.hw.internal.HwPlatform.dispose(HwPlatform.java:1325) [com.xilinx.sdk.hw_1.0.0.202210132147.jar:?]
	at com.xilinx.sdk.hw.internal.HwSpecFactory.removeHwSpec(HwSpecFactory.java:92) [com.xilinx.sdk.hw_1.0.0.202210132147.jar:?]
	at com.xilinx.sdk.hw.internal.HwSpecFactory.validateGetFromCache(HwSpecFactory.java:78) [com.xilinx.sdk.hw_1.0.0.202210132147.jar:?]
	at com.xilinx.sdk.hw.internal.HwSpecFactory.createHwSpec(HwSpecFactory.java:48) [com.xilinx.sdk.hw_1.0.0.202210132147.jar:?]
	at com.xilinx.sdx.sdsoc.debug.ui.SdsLaunchConfigUtil.createHwPlatform(SdsLaunchConfigUtil.java:57) [com.xilinx.sdx.sdsoc.debug.ui_1.0.0.202210132147.jar:?]
	at com.xilinx.sdx.sdsoc.debug.ui.SdsLaunchConfigModel.iniHwPlatform(SdsLaunchConfigModel.java:187) [com.xilinx.sdx.sdsoc.debug.ui_1.0.0.202210132147.jar:?]
	at com.xilinx.sdk.tcf.internal.debug.ui.common.BaseLaunchConfigModel.getHwPlatform(BaseLaunchConfigModel.java:577) [com.xilinx.sdk.tcf.debug_1.0.0.202210132147.jar:?]
	at com.xilinx.sdk.tcf.internal.debug.ui.common.BaseLaunchConfigModel.readCrossTriggerModel(BaseLaunchConfigModel.java:173) [com.xilinx.sdk.tcf.debug_1.0.0.202210132147.jar:?]
	at com.xilinx.sdk.tcf.internal.debug.ui.common.BaseLaunchConfigModel.readAndSetAttributes(BaseLaunchConfigModel.java:156) [com.xilinx.sdk.tcf.debug_1.0.0.202210132147.jar:?]
	at com.xilinx.sdx.sdsoc.debug.ui.SdsLaunchConfigModel.newInstance(SdsLaunchConfigModel.java:109) [com.xilinx.sdx.sdsoc.debug.ui_1.0.0.202210132147.jar:?]
	at com.xilinx.sdx.sdsoc.debug.launch.SdsTcfLaunchDelegate.createConfigModel(SdsTcfLaunchDelegate.java:85) [com.xilinx.sdx.sdsoc.debug_1.0.0.202210132147.jar:?]
	at com.xilinx.sdx.sdsoc.debug.launch.SdsTcfLaunchDelegate.generateReports(SdsTcfLaunchDelegate.java:641) [com.xilinx.sdx.sdsoc.debug_1.0.0.202210132147.jar:?]
	at com.xilinx.sdx.sdsoc.debug.launch.SdsTcfLaunchDelegate.onDisconnected(SdsTcfLaunchDelegate.java:615) [com.xilinx.sdx.sdsoc.debug_1.0.0.202210132147.jar:?]
	at org.eclipse.tcf.internal.debug.ui.model.TCFModelManager$1.onDisconnected(TCFModelManager.java:79) [org.eclipse.tcf.debug.ui_1.7.0.202210132147.jar:?]
	at org.eclipse.tcf.internal.debug.model.TCFLaunch.onDisconnected(TCFLaunch.java:532) [org.eclipse.tcf.debug_1.7.0.202210132147.jar:?]
	at org.eclipse.tcf.internal.debug.model.TCFLaunch$43.onChannelClosed(TCFLaunch.java:1643) [org.eclipse.tcf.debug_1.7.0.202210132147.jar:?]
	at org.eclipse.tcf.core.AbstractChannel$9.run(AbstractChannel.java:858) [org.eclipse.tcf.core_1.7.0.202210132147.jar:?]
	at org.eclipse.tcf.EventQueue.run(EventQueue.java:98) [org.eclipse.tcf_1.7.0.202210132147.jar:?]
	at java.lang.Thread.run(Thread.java:829) [?:?]
13:03:06 INFO  : Disconnected from the channel tcfchan#20.
13:03:07 INFO  : Checking for BSP changes to sync application flags for project 'syncMain'...
13:03:12 INFO  : The hardware specification used by project 'syncMain' is out of sync with the platform. Resource files extracted from the hardware specification will be updated.
13:03:12 INFO  : The file 'E:\kevin\myCode\microBlaze200-100\vitisJson\syncMain\_ide\bitstream\design_1_wrapper.bit' stored in project is removed.
13:03:12 INFO  : The file 'E:\kevin\myCode\microBlaze200-100\vitisJson\syncMain\_ide\bitstream\design_1_wrapper.mmi' stored in project is removed.
13:03:12 INFO  : The updated bitstream files are copied from platform to folder 'E:\kevin\myCode\microBlaze200-100\vitisJson\syncMain\_ide\bitstream' in project 'syncMain'.
13:03:12 INFO  : Connected to target on host '127.0.0.1' and port '3121'.
13:03:12 INFO  : Jtag cable 'Digilent JTAG-HS2 201706300081' is selected.
13:03:12 INFO  : 'jtag frequency' command is executed.
13:03:12 INFO  : 'targets -set -filter {jtag_cable_name =~ "Digilent JTAG-HS2 201706300081" && level==0 && jtag_device_ctx=="jsn-JTAG-HS2-201706300081-13631093-0"}' command is executed.
13:03:15 INFO  : Device configured successfully with "E:/kevin/myCode/microBlaze200-100/vitisJson/syncMain/_ide/bitstream/design_1_wrapper.bit"
13:03:15 INFO  : Context for processor 'microblaze_0' is selected.
13:03:15 INFO  : Hardware design and registers information is loaded from 'E:/kevin/myCode/microBlaze200-100/vitisJson/syncBlaze/export/syncBlaze/hw/design_1_wrapper.xsa'.
13:03:15 INFO  : 'configparams mdm-detect-bscan-mask 2' command is executed.
13:03:15 INFO  : Context for processor 'microblaze_0' is selected.
13:03:15 INFO  : System reset is completed.
13:03:18 INFO  : 'after 3000' command is executed.
13:03:18 INFO  : Context for processor 'microblaze_0' is selected.
13:03:19 INFO  : The application 'E:/kevin/myCode/microBlaze200-100/vitisJson/syncMain/Debug/syncMain.elf' is downloaded to processor 'microblaze_0'.
13:03:19 INFO  : ----------------XSDB Script----------------
connect -url tcp:127.0.0.1:3121
targets -set -filter {jtag_cable_name =~ "Digilent JTAG-HS2 201706300081" && level==0 && jtag_device_ctx=="jsn-JTAG-HS2-201706300081-13631093-0"}
fpga -file E:/kevin/myCode/microBlaze200-100/vitisJson/syncMain/_ide/bitstream/design_1_wrapper.bit
targets -set -nocase -filter {name =~ "*microblaze*#0" && bscan=="USER2" }
loadhw -hw E:/kevin/myCode/microBlaze200-100/vitisJson/syncBlaze/export/syncBlaze/hw/design_1_wrapper.xsa -regs
configparams mdm-detect-bscan-mask 2
targets -set -nocase -filter {name =~ "*microblaze*#0" && bscan=="USER2" }
rst -system
after 3000
targets -set -nocase -filter {name =~ "*microblaze*#0" && bscan=="USER2" }
dow E:/kevin/myCode/microBlaze200-100/vitisJson/syncMain/Debug/syncMain.elf
----------------End of Script----------------

13:03:19 INFO  : Context for processor 'microblaze_0' is selected.
13:03:19 INFO  : 'con' command is executed.
13:03:19 INFO  : ----------------XSDB Script (After Launch)----------------
targets -set -nocase -filter {name =~ "*microblaze*#0" && bscan=="USER2" }
con
----------------End of Script----------------

13:03:19 INFO  : Launch script is exported to file 'E:\kevin\myCode\microBlaze200-100\vitisJson\syncMain_system\_ide\scripts\systemdebugger_syncmain_system_standalone.tcl'
13:21:05 INFO  : Disconnected from the channel tcfchan#22.
13:21:07 INFO  : Connected to target on host '127.0.0.1' and port '3121'.
13:21:07 INFO  : Jtag cable 'Digilent JTAG-HS2 201706300081' is selected.
13:21:07 INFO  : 'jtag frequency' command is executed.
13:21:07 INFO  : 'targets -set -filter {jtag_cable_name =~ "Digilent JTAG-HS2 201706300081" && level==0 && jtag_device_ctx=="jsn-JTAG-HS2-201706300081-13631093-0"}' command is executed.
13:21:10 INFO  : Device configured successfully with "E:/kevin/myCode/microBlaze200-100/vitisJson/syncMain/_ide/bitstream/design_1_wrapper.bit"
13:21:10 INFO  : Context for processor 'microblaze_0' is selected.
13:21:10 INFO  : Hardware design and registers information is loaded from 'E:/kevin/myCode/microBlaze200-100/vitisJson/syncBlaze/export/syncBlaze/hw/design_1_wrapper.xsa'.
13:21:10 INFO  : 'configparams mdm-detect-bscan-mask 2' command is executed.
13:21:10 INFO  : Context for processor 'microblaze_0' is selected.
13:21:10 INFO  : System reset is completed.
13:21:13 INFO  : 'after 3000' command is executed.
13:21:13 INFO  : Context for processor 'microblaze_0' is selected.
13:21:14 INFO  : The application 'E:/kevin/myCode/microBlaze200-100/vitisJson/syncMain/Debug/syncMain.elf' is downloaded to processor 'microblaze_0'.
13:21:14 INFO  : ----------------XSDB Script----------------
connect -url tcp:127.0.0.1:3121
targets -set -filter {jtag_cable_name =~ "Digilent JTAG-HS2 201706300081" && level==0 && jtag_device_ctx=="jsn-JTAG-HS2-201706300081-13631093-0"}
fpga -file E:/kevin/myCode/microBlaze200-100/vitisJson/syncMain/_ide/bitstream/design_1_wrapper.bit
targets -set -nocase -filter {name =~ "*microblaze*#0" && bscan=="USER2" }
loadhw -hw E:/kevin/myCode/microBlaze200-100/vitisJson/syncBlaze/export/syncBlaze/hw/design_1_wrapper.xsa -regs
configparams mdm-detect-bscan-mask 2
targets -set -nocase -filter {name =~ "*microblaze*#0" && bscan=="USER2" }
rst -system
after 3000
targets -set -nocase -filter {name =~ "*microblaze*#0" && bscan=="USER2" }
dow E:/kevin/myCode/microBlaze200-100/vitisJson/syncMain/Debug/syncMain.elf
----------------End of Script----------------

13:21:14 INFO  : Context for processor 'microblaze_0' is selected.
13:21:14 INFO  : 'con' command is executed.
13:21:14 INFO  : ----------------XSDB Script (After Launch)----------------
targets -set -nocase -filter {name =~ "*microblaze*#0" && bscan=="USER2" }
con
----------------End of Script----------------

13:21:14 INFO  : Launch script is exported to file 'E:\kevin\myCode\microBlaze200-100\vitisJson\syncMain_system\_ide\scripts\systemdebugger_syncmain_system_standalone.tcl'
14:12:42 INFO  : Disconnected from the channel tcfchan#23.
14:12:43 INFO  : Connected to target on host '127.0.0.1' and port '3121'.
14:12:43 INFO  : Jtag cable 'Digilent JTAG-HS2 201706300081' is selected.
14:12:43 INFO  : 'jtag frequency' command is executed.
14:12:43 INFO  : 'targets -set -filter {jtag_cable_name =~ "Digilent JTAG-HS2 201706300081" && level==0 && jtag_device_ctx=="jsn-JTAG-HS2-201706300081-13631093-0"}' command is executed.
14:12:46 INFO  : Device configured successfully with "E:/kevin/myCode/microBlaze200-100/vitisJson/syncMain/_ide/bitstream/design_1_wrapper.bit"
14:12:46 INFO  : Context for processor 'microblaze_0' is selected.
14:12:46 INFO  : Hardware design and registers information is loaded from 'E:/kevin/myCode/microBlaze200-100/vitisJson/syncBlaze/export/syncBlaze/hw/design_1_wrapper.xsa'.
14:12:46 INFO  : 'configparams mdm-detect-bscan-mask 2' command is executed.
14:12:46 INFO  : Context for processor 'microblaze_0' is selected.
14:12:46 INFO  : System reset is completed.
14:12:49 INFO  : 'after 3000' command is executed.
14:12:49 INFO  : Context for processor 'microblaze_0' is selected.
14:12:49 INFO  : The application 'E:/kevin/myCode/microBlaze200-100/vitisJson/syncMain/Debug/syncMain.elf' is downloaded to processor 'microblaze_0'.
14:12:49 INFO  : ----------------XSDB Script----------------
connect -url tcp:127.0.0.1:3121
targets -set -filter {jtag_cable_name =~ "Digilent JTAG-HS2 201706300081" && level==0 && jtag_device_ctx=="jsn-JTAG-HS2-201706300081-13631093-0"}
fpga -file E:/kevin/myCode/microBlaze200-100/vitisJson/syncMain/_ide/bitstream/design_1_wrapper.bit
targets -set -nocase -filter {name =~ "*microblaze*#0" && bscan=="USER2" }
loadhw -hw E:/kevin/myCode/microBlaze200-100/vitisJson/syncBlaze/export/syncBlaze/hw/design_1_wrapper.xsa -regs
configparams mdm-detect-bscan-mask 2
targets -set -nocase -filter {name =~ "*microblaze*#0" && bscan=="USER2" }
rst -system
after 3000
targets -set -nocase -filter {name =~ "*microblaze*#0" && bscan=="USER2" }
dow E:/kevin/myCode/microBlaze200-100/vitisJson/syncMain/Debug/syncMain.elf
----------------End of Script----------------

14:12:49 INFO  : Context for processor 'microblaze_0' is selected.
14:12:49 INFO  : 'con' command is executed.
14:12:49 INFO  : ----------------XSDB Script (After Launch)----------------
targets -set -nocase -filter {name =~ "*microblaze*#0" && bscan=="USER2" }
con
----------------End of Script----------------

14:12:49 INFO  : Launch script is exported to file 'E:\kevin\myCode\microBlaze200-100\vitisJson\syncMain_system\_ide\scripts\systemdebugger_syncmain_system_standalone.tcl'
14:34:00 INFO  : Disconnected from the channel tcfchan#24.
14:34:02 INFO  : Checking for BSP changes to sync application flags for project 'syncMain'...
14:34:06 INFO  : Connected to target on host '127.0.0.1' and port '3121'.
14:34:07 INFO  : Jtag cable 'Digilent JTAG-HS2 201706300081' is selected.
14:34:07 INFO  : 'jtag frequency' command is executed.
14:34:07 INFO  : 'targets -set -filter {jtag_cable_name =~ "Digilent JTAG-HS2 201706300081" && level==0 && jtag_device_ctx=="jsn-JTAG-HS2-201706300081-13631093-0"}' command is executed.
14:34:10 INFO  : Device configured successfully with "E:/kevin/myCode/microBlaze200-100/vitisJson/syncMain/_ide/bitstream/design_1_wrapper.bit"
14:34:10 INFO  : Context for processor 'microblaze_0' is selected.
14:34:10 INFO  : Hardware design and registers information is loaded from 'E:/kevin/myCode/microBlaze200-100/vitisJson/syncBlaze/export/syncBlaze/hw/design_1_wrapper.xsa'.
14:34:10 INFO  : 'configparams mdm-detect-bscan-mask 2' command is executed.
14:34:10 INFO  : Context for processor 'microblaze_0' is selected.
14:34:10 INFO  : System reset is completed.
14:34:13 INFO  : 'after 3000' command is executed.
14:34:13 INFO  : Context for processor 'microblaze_0' is selected.
14:34:13 INFO  : The application 'E:/kevin/myCode/microBlaze200-100/vitisJson/syncMain/Debug/syncMain.elf' is downloaded to processor 'microblaze_0'.
14:34:13 INFO  : ----------------XSDB Script----------------
connect -url tcp:127.0.0.1:3121
targets -set -filter {jtag_cable_name =~ "Digilent JTAG-HS2 201706300081" && level==0 && jtag_device_ctx=="jsn-JTAG-HS2-201706300081-13631093-0"}
fpga -file E:/kevin/myCode/microBlaze200-100/vitisJson/syncMain/_ide/bitstream/design_1_wrapper.bit
targets -set -nocase -filter {name =~ "*microblaze*#0" && bscan=="USER2" }
loadhw -hw E:/kevin/myCode/microBlaze200-100/vitisJson/syncBlaze/export/syncBlaze/hw/design_1_wrapper.xsa -regs
configparams mdm-detect-bscan-mask 2
targets -set -nocase -filter {name =~ "*microblaze*#0" && bscan=="USER2" }
rst -system
after 3000
targets -set -nocase -filter {name =~ "*microblaze*#0" && bscan=="USER2" }
dow E:/kevin/myCode/microBlaze200-100/vitisJson/syncMain/Debug/syncMain.elf
----------------End of Script----------------

14:34:13 INFO  : Context for processor 'microblaze_0' is selected.
14:34:13 INFO  : 'con' command is executed.
14:34:13 INFO  : ----------------XSDB Script (After Launch)----------------
targets -set -nocase -filter {name =~ "*microblaze*#0" && bscan=="USER2" }
con
----------------End of Script----------------

14:34:13 INFO  : Launch script is exported to file 'E:\kevin\myCode\microBlaze200-100\vitisJson\syncMain_system\_ide\scripts\systemdebugger_syncmain_system_standalone.tcl'
19:17:03 INFO  : Disconnected from the channel tcfchan#25.
16:19:12 DEBUG : Logs will be stored at 'E:/kevin/myCode/microBlaze100/vitisJson/IDE.log'.
16:19:13 INFO  : Launching XSCT server: xsct.bat -n  -interactive E:\kevin\myCode\microBlaze100\vitisJson\temp_xsdb_launch_script.tcl
16:19:15 INFO  : XSCT server has started successfully.
16:19:15 INFO  : plnx-install-location is set to ''
16:19:15 INFO  : Successfully done setting XSCT server connection channel  
16:19:15 INFO  : Successfully done setting workspace for the tool. 
16:19:16 INFO  : Successfully done query RDI_DATADIR 
16:19:16 INFO  : Registering command handlers for Vitis TCF services
16:19:17 INFO  : Platform repository initialization has completed.
16:19:29 ERROR : The platform 'E:/kevin/myCode/microBlaze200-100/vitisJson/syncBlaze/export/syncBlaze/syncBlaze.xpfm' used by the system project 'syncMain_system' is not valid.
16:21:25 INFO  : Hardware specification for platform project 'syncBlaze' is updated.
16:21:43 INFO  : Result from executing command 'getProjects': syncBlaze
16:21:43 INFO  : Result from executing command 'getPlatforms': xilinx_vck190_base_202220_1|D:/Xilinx202202/Vitis/2022.2/base_platforms/xilinx_vck190_base_202220_1/xilinx_vck190_base_202220_1.xpfm;xilinx_vck190_base_dfx_202220_1|D:/Xilinx202202/Vitis/2022.2/base_platforms/xilinx_vck190_base_dfx_202220_1/xilinx_vck190_base_dfx_202220_1.xpfm;xilinx_vmk180_base_202220_1|D:/Xilinx202202/Vitis/2022.2/base_platforms/xilinx_vmk180_base_202220_1/xilinx_vmk180_base_202220_1.xpfm;xilinx_zcu102_base_202220_1|D:/Xilinx202202/Vitis/2022.2/base_platforms/xilinx_zcu102_base_202220_1/xilinx_zcu102_base_202220_1.xpfm;xilinx_zcu102_base_dfx_202220_1|D:/Xilinx202202/Vitis/2022.2/base_platforms/xilinx_zcu102_base_dfx_202220_1/xilinx_zcu102_base_dfx_202220_1.xpfm;xilinx_zcu104_base_202220_1|D:/Xilinx202202/Vitis/2022.2/base_platforms/xilinx_zcu104_base_202220_1/xilinx_zcu104_base_202220_1.xpfm
16:21:55 INFO  : Checking for BSP changes to sync application flags for project 'syncMain'...
16:22:03 INFO  : Connected to target on host '127.0.0.1' and port '3121'.
16:22:04 INFO  : Jtag cable 'Digilent JTAG-HS2 201706300081' is selected.
16:22:04 INFO  : 'jtag frequency' command is executed.
16:22:04 INFO  : 'targets -set -filter {jtag_cable_name =~ "Digilent JTAG-HS2 201706300081" && level==0 && jtag_device_ctx=="jsn-JTAG-HS2-201706300081-13631093-0"}' command is executed.
16:22:07 INFO  : Device configured successfully with "E:/kevin/myCode/microBlaze100/vitisJson/syncMain/_ide/bitstream/design_1_wrapper.bit"
16:22:07 INFO  : Context for processor 'microblaze_0' is selected.
16:22:07 INFO  : Hardware design and registers information is loaded from 'E:/kevin/myCode/microBlaze100/vitisJson/syncBlaze/export/syncBlaze/hw/design_1_wrapper.xsa'.
16:22:07 INFO  : 'configparams mdm-detect-bscan-mask 2' command is executed.
16:22:07 INFO  : Context for processor 'microblaze_0' is selected.
16:22:07 INFO  : System reset is completed.
16:22:10 INFO  : 'after 3000' command is executed.
16:22:10 INFO  : Context for processor 'microblaze_0' is selected.
16:22:10 INFO  : The application 'E:/kevin/myCode/microBlaze100/vitisJson/syncMain/Debug/syncMain.elf' is downloaded to processor 'microblaze_0'.
16:22:10 INFO  : ----------------XSDB Script----------------
connect -url tcp:127.0.0.1:3121
targets -set -filter {jtag_cable_name =~ "Digilent JTAG-HS2 201706300081" && level==0 && jtag_device_ctx=="jsn-JTAG-HS2-201706300081-13631093-0"}
fpga -file E:/kevin/myCode/microBlaze100/vitisJson/syncMain/_ide/bitstream/design_1_wrapper.bit
targets -set -nocase -filter {name =~ "*microblaze*#0" && bscan=="USER2" }
loadhw -hw E:/kevin/myCode/microBlaze100/vitisJson/syncBlaze/export/syncBlaze/hw/design_1_wrapper.xsa -regs
configparams mdm-detect-bscan-mask 2
targets -set -nocase -filter {name =~ "*microblaze*#0" && bscan=="USER2" }
rst -system
after 3000
targets -set -nocase -filter {name =~ "*microblaze*#0" && bscan=="USER2" }
dow E:/kevin/myCode/microBlaze100/vitisJson/syncMain/Debug/syncMain.elf
----------------End of Script----------------

16:22:11 INFO  : Context for processor 'microblaze_0' is selected.
16:22:11 INFO  : 'con' command is executed.
16:22:11 INFO  : ----------------XSDB Script (After Launch)----------------
targets -set -nocase -filter {name =~ "*microblaze*#0" && bscan=="USER2" }
con
----------------End of Script----------------

16:22:11 INFO  : Launch script is exported to file 'E:\kevin\myCode\microBlaze100\vitisJson\syncMain_system\_ide\scripts\systemdebugger_syncmain_system_standalone.tcl'
16:25:59 INFO  : Disconnected from the channel tcfchan#2.
16:25:59 INFO  : Connected to target on host '127.0.0.1' and port '3121'.
16:25:59 INFO  : Jtag cable 'Digilent JTAG-HS2 201706300081' is selected.
16:25:59 INFO  : 'jtag frequency' command is executed.
16:25:59 INFO  : 'targets -set -filter {jtag_cable_name =~ "Digilent JTAG-HS2 201706300081" && level==0 && jtag_device_ctx=="jsn-JTAG-HS2-201706300081-13631093-0"}' command is executed.
16:26:03 INFO  : Device configured successfully with "E:/kevin/myCode/microBlaze100/vitisJson/syncMain/_ide/bitstream/design_1_wrapper.bit"
16:26:03 INFO  : Context for processor 'microblaze_0' is selected.
16:26:03 INFO  : Hardware design and registers information is loaded from 'E:/kevin/myCode/microBlaze100/vitisJson/syncBlaze/export/syncBlaze/hw/design_1_wrapper.xsa'.
16:26:03 INFO  : 'configparams mdm-detect-bscan-mask 2' command is executed.
16:26:03 INFO  : Context for processor 'microblaze_0' is selected.
16:26:03 INFO  : System reset is completed.
16:26:06 INFO  : 'after 3000' command is executed.
16:26:06 INFO  : Context for processor 'microblaze_0' is selected.
16:26:06 INFO  : The application 'E:/kevin/myCode/microBlaze100/vitisJson/syncMain/Debug/syncMain.elf' is downloaded to processor 'microblaze_0'.
16:26:06 INFO  : ----------------XSDB Script----------------
connect -url tcp:127.0.0.1:3121
targets -set -filter {jtag_cable_name =~ "Digilent JTAG-HS2 201706300081" && level==0 && jtag_device_ctx=="jsn-JTAG-HS2-201706300081-13631093-0"}
fpga -file E:/kevin/myCode/microBlaze100/vitisJson/syncMain/_ide/bitstream/design_1_wrapper.bit
targets -set -nocase -filter {name =~ "*microblaze*#0" && bscan=="USER2" }
loadhw -hw E:/kevin/myCode/microBlaze100/vitisJson/syncBlaze/export/syncBlaze/hw/design_1_wrapper.xsa -regs
configparams mdm-detect-bscan-mask 2
targets -set -nocase -filter {name =~ "*microblaze*#0" && bscan=="USER2" }
rst -system
after 3000
targets -set -nocase -filter {name =~ "*microblaze*#0" && bscan=="USER2" }
dow E:/kevin/myCode/microBlaze100/vitisJson/syncMain/Debug/syncMain.elf
----------------End of Script----------------

16:26:06 INFO  : Context for processor 'microblaze_0' is selected.
16:26:06 INFO  : 'con' command is executed.
16:26:06 INFO  : ----------------XSDB Script (After Launch)----------------
targets -set -nocase -filter {name =~ "*microblaze*#0" && bscan=="USER2" }
con
----------------End of Script----------------

16:26:06 INFO  : Launch script is exported to file 'E:\kevin\myCode\microBlaze100\vitisJson\syncMain_system\_ide\scripts\systemdebugger_syncmain_system_standalone.tcl'
17:13:19 INFO  : Disconnected from the channel tcfchan#3.
17:13:21 INFO  : Checking for BSP changes to sync application flags for project 'syncMain'...
17:14:52 INFO  : Bit file 'E:/kevin/myCode/microBlaze100/vitisJson/syncMain/_ide/bitstream/download.bit' is generated.
17:14:54 INFO  : Connected to target on host '127.0.0.1' and port '3121'.
17:14:54 INFO  : 'targets -set -filter {jtag_cable_name =~ "Digilent JTAG-HS2 201706300081" && level==0 && jtag_device_ctx=="jsn-JTAG-HS2-201706300081-13631093-0"}' command is executed.
17:14:57 INFO  : Device configured successfully with "E:/kevin/myCode/microBlaze100/vitisJson/syncMain/_ide/bitstream/download.bit"
17:15:50 INFO  : Connected to target on host '127.0.0.1' and port '3121'.
17:16:50 INFO  : Connected to target on host '127.0.0.1' and port '3121'.
17:17:03 INFO  : Invoking Bootgen: bootgen -arch fpga -image E:/kevin/myCode/microBlaze100/vitisJson/syncMain_system/_ide/flash/bootimage.bif -w -o E:/kevin/myCode/microBlaze100/vitisJson/syncMain_system/_ide/flash/BOOT.bin  -interface spi
17:17:05 INFO  : Bootgen command execution is done.
18:19:41 DEBUG : Logs will be stored at 'E:/kevin/myCode/microBlaze100/vitisJson/IDE.log'.
18:19:42 INFO  : Launching XSCT server: xsct.bat -n  -interactive E:\kevin\myCode\microBlaze100\vitisJson\temp_xsdb_launch_script.tcl
18:19:44 INFO  : XSCT server has started successfully.
18:19:44 INFO  : Successfully done setting XSCT server connection channel  
18:19:44 INFO  : plnx-install-location is set to ''
18:19:44 INFO  : Successfully done setting workspace for the tool. 
18:19:44 INFO  : Registering command handlers for Vitis TCF services
18:19:44 INFO  : Successfully done query RDI_DATADIR 
18:19:45 INFO  : Platform repository initialization has completed.
18:20:33 INFO  : Connected to target on host '127.0.0.1' and port '3121'.
18:20:33 INFO  : Jtag cable 'Digilent JTAG-HS2 201706300081' is selected.
18:20:33 INFO  : 'jtag frequency' command is executed.
18:20:33 INFO  : 'targets -set -filter {jtag_cable_name =~ "Digilent JTAG-HS2 201706300081" && level==0 && jtag_device_ctx=="jsn-JTAG-HS2-201706300081-13631093-0"}' command is executed.
18:20:37 INFO  : Device configured successfully with "E:/kevin/myCode/microBlaze100/vitisJson/syncMain/_ide/bitstream/download.bit"
18:20:37 INFO  : Context for processor 'microblaze_0' is selected.
18:20:37 INFO  : Hardware design and registers information is loaded from 'E:/kevin/myCode/microBlaze100/vitisJson/syncBlaze/export/syncBlaze/hw/design_1_wrapper.xsa'.
18:20:37 INFO  : 'configparams mdm-detect-bscan-mask 2' command is executed.
18:20:37 INFO  : Context for processor 'microblaze_0' is selected.
18:20:37 INFO  : System reset is completed.
18:20:40 INFO  : 'after 3000' command is executed.
18:20:40 INFO  : Context for processor 'microblaze_0' is selected.
18:20:40 INFO  : The application 'E:/kevin/myCode/microBlaze100/vitisJson/syncMain/Debug/syncMain.elf' is downloaded to processor 'microblaze_0'.
18:20:40 INFO  : ----------------XSDB Script----------------
connect -url tcp:127.0.0.1:3121
targets -set -filter {jtag_cable_name =~ "Digilent JTAG-HS2 201706300081" && level==0 && jtag_device_ctx=="jsn-JTAG-HS2-201706300081-13631093-0"}
fpga -file E:/kevin/myCode/microBlaze100/vitisJson/syncMain/_ide/bitstream/download.bit
targets -set -nocase -filter {name =~ "*microblaze*#0" && bscan=="USER2" }
loadhw -hw E:/kevin/myCode/microBlaze100/vitisJson/syncBlaze/export/syncBlaze/hw/design_1_wrapper.xsa -regs
configparams mdm-detect-bscan-mask 2
targets -set -nocase -filter {name =~ "*microblaze*#0" && bscan=="USER2" }
rst -system
after 3000
targets -set -nocase -filter {name =~ "*microblaze*#0" && bscan=="USER2" }
dow E:/kevin/myCode/microBlaze100/vitisJson/syncMain/Debug/syncMain.elf
----------------End of Script----------------

18:20:40 INFO  : Context for processor 'microblaze_0' is selected.
18:20:40 INFO  : 'con' command is executed.
18:20:40 INFO  : ----------------XSDB Script (After Launch)----------------
targets -set -nocase -filter {name =~ "*microblaze*#0" && bscan=="USER2" }
con
----------------End of Script----------------

18:20:40 INFO  : Launch script is exported to file 'E:\kevin\myCode\microBlaze100\vitisJson\syncMain_system\_ide\scripts\systemdebugger_syncmain_system_standalone.tcl'
18:20:50 INFO  : Disconnected from the channel tcfchan#1.
18:24:05 INFO  : Bit file 'E:/kevin/myCode/microBlaze100/vitisJson/syncMain/_ide/bitstream/download.bit' is generated.
18:24:07 INFO  : Connected to target on host '127.0.0.1' and port '3121'.
18:24:07 INFO  : 'targets -set -filter {jtag_cable_name =~ "Digilent JTAG-HS2 201706300081" && level==0 && jtag_device_ctx=="jsn-JTAG-HS2-201706300081-13631093-0"}' command is executed.
18:24:11 INFO  : Device configured successfully with "E:/kevin/myCode/microBlaze100/vitisJson/syncMain/_ide/bitstream/download.bit"
18:24:18 INFO  : Connected to target on host '127.0.0.1' and port '3121'.
18:24:30 INFO  : Invoking Bootgen: bootgen -arch fpga -image E:/kevin/myCode/microBlaze100/vitisJson/syncMain_system/_ide/flash/bootimage.bif -w -o E:/kevin/myCode/microBlaze100/vitisJson/syncMain_system/_ide/flash/BOOT.bin  -interface spi
18:24:31 INFO  : Bootgen command execution is done.
18:25:20 INFO  : Connected to target on host '127.0.0.1' and port '3121'.
18:25:30 ERROR : Could not retrieve Flash Part information. Could not find FPGA device on the board for connection 'Local'.


Troubleshooting hints:
1. Check whether board is connected to system properly.
2. In case of zynq board, check whether Digilent/Xilinx cable switch settings are correct.
3. If you are using Xilinx Platform Cable USB, ensure that status LED is green.
18:26:06 INFO  : Connected to target on host '127.0.0.1' and port '3121'.
18:26:33 INFO  : Invoking Bootgen: bootgen -arch fpga -image E:/kevin/myCode/microBlaze100/vitisJson/syncMain_system/_ide/flash/bootimage.bif -w -o E:/kevin/myCode/microBlaze100/vitisJson/syncMain_system/_ide/flash/BOOT.bin  -interface spi
18:26:34 INFO  : Bootgen command execution is done.
18:27:46 INFO  : Connected to target on host '127.0.0.1' and port '3121'.
18:27:48 INFO  : Invoking Bootgen: bootgen -arch fpga -image E:/kevin/myCode/microBlaze100/vitisJson/syncMain_system/_ide/flash/bootimage.bif -w -o E:/kevin/myCode/microBlaze100/vitisJson/syncMain_system/_ide/flash/BOOT.bin  -interface spi
18:27:50 INFO  : Bootgen command execution is done.
18:18:15 DEBUG : Logs will be stored at 'E:/kevin/myCode/microBlaze100/vitisJson/IDE.log'.
18:18:15 INFO  : Launching XSCT server: xsct.bat -n  -interactive E:\kevin\myCode\microBlaze100\vitisJson\temp_xsdb_launch_script.tcl
18:18:17 INFO  : XSCT server has started successfully.
18:18:17 INFO  : Successfully done setting XSCT server connection channel  
18:18:17 INFO  : plnx-install-location is set to ''
18:18:17 INFO  : Successfully done setting workspace for the tool. 
18:18:17 INFO  : Registering command handlers for Vitis TCF services
18:18:17 INFO  : Successfully done query RDI_DATADIR 
18:18:18 INFO  : Platform repository initialization has completed.
18:18:34 INFO  : Hardware specification for platform project 'syncBlaze' is updated.
18:18:54 INFO  : Result from executing command 'getProjects': syncBlaze
18:18:54 INFO  : Result from executing command 'getPlatforms': syncBlaze|E:/kevin/myCode/microBlaze100/vitisJson/syncBlaze/export/syncBlaze/syncBlaze.xpfm;xilinx_vck190_base_202220_1|D:/Xilinx202202/Vitis/2022.2/base_platforms/xilinx_vck190_base_202220_1/xilinx_vck190_base_202220_1.xpfm;xilinx_vck190_base_dfx_202220_1|D:/Xilinx202202/Vitis/2022.2/base_platforms/xilinx_vck190_base_dfx_202220_1/xilinx_vck190_base_dfx_202220_1.xpfm;xilinx_vmk180_base_202220_1|D:/Xilinx202202/Vitis/2022.2/base_platforms/xilinx_vmk180_base_202220_1/xilinx_vmk180_base_202220_1.xpfm;xilinx_zcu102_base_202220_1|D:/Xilinx202202/Vitis/2022.2/base_platforms/xilinx_zcu102_base_202220_1/xilinx_zcu102_base_202220_1.xpfm;xilinx_zcu102_base_dfx_202220_1|D:/Xilinx202202/Vitis/2022.2/base_platforms/xilinx_zcu102_base_dfx_202220_1/xilinx_zcu102_base_dfx_202220_1.xpfm;xilinx_zcu104_base_202220_1|D:/Xilinx202202/Vitis/2022.2/base_platforms/xilinx_zcu104_base_202220_1/xilinx_zcu104_base_202220_1.xpfm
18:19:13 INFO  : Checking for BSP changes to sync application flags for project 'syncMain'...
18:19:30 INFO  : Connected to target on host '127.0.0.1' and port '3121'.
18:19:31 INFO  : Jtag cable 'Digilent JTAG-HS2 201706300081' is selected.
18:19:31 INFO  : 'jtag frequency' command is executed.
18:19:31 INFO  : 'targets -set -filter {jtag_cable_name =~ "Digilent JTAG-HS2 201706300081" && level==0 && jtag_device_ctx=="jsn-JTAG-HS2-201706300081-13631093-0"}' command is executed.
18:19:34 INFO  : Device configured successfully with "E:/kevin/myCode/microBlaze100/vitisJson/syncMain/_ide/bitstream/download.bit"
18:19:34 INFO  : Context for processor 'microblaze_0' is selected.
18:19:34 INFO  : Hardware design and registers information is loaded from 'E:/kevin/myCode/microBlaze100/vitisJson/syncBlaze/export/syncBlaze/hw/design_1_wrapper.xsa'.
18:19:34 INFO  : 'configparams mdm-detect-bscan-mask 2' command is executed.
18:19:34 INFO  : Context for processor 'microblaze_0' is selected.
18:19:34 INFO  : System reset is completed.
18:19:37 INFO  : 'after 3000' command is executed.
18:19:37 INFO  : Context for processor 'microblaze_0' is selected.
18:19:37 INFO  : The application 'E:/kevin/myCode/microBlaze100/vitisJson/syncMain/Debug/syncMain.elf' is downloaded to processor 'microblaze_0'.
18:19:37 INFO  : ----------------XSDB Script----------------
connect -url tcp:127.0.0.1:3121
targets -set -filter {jtag_cable_name =~ "Digilent JTAG-HS2 201706300081" && level==0 && jtag_device_ctx=="jsn-JTAG-HS2-201706300081-13631093-0"}
fpga -file E:/kevin/myCode/microBlaze100/vitisJson/syncMain/_ide/bitstream/download.bit
targets -set -nocase -filter {name =~ "*microblaze*#0" && bscan=="USER2" }
loadhw -hw E:/kevin/myCode/microBlaze100/vitisJson/syncBlaze/export/syncBlaze/hw/design_1_wrapper.xsa -regs
configparams mdm-detect-bscan-mask 2
targets -set -nocase -filter {name =~ "*microblaze*#0" && bscan=="USER2" }
rst -system
after 3000
targets -set -nocase -filter {name =~ "*microblaze*#0" && bscan=="USER2" }
dow E:/kevin/myCode/microBlaze100/vitisJson/syncMain/Debug/syncMain.elf
----------------End of Script----------------

18:19:38 INFO  : Context for processor 'microblaze_0' is selected.
18:19:38 INFO  : 'con' command is executed.
18:19:38 INFO  : ----------------XSDB Script (After Launch)----------------
targets -set -nocase -filter {name =~ "*microblaze*#0" && bscan=="USER2" }
con
----------------End of Script----------------

18:19:38 INFO  : Launch script is exported to file 'E:\kevin\myCode\microBlaze100\vitisJson\syncMain_system\_ide\scripts\systemdebugger_syncmain_system_standalone.tcl'
18:29:15 INFO  : Disconnected from the channel tcfchan#2.
18:29:16 INFO  : Checking for BSP changes to sync application flags for project 'syncMain'...
18:29:22 INFO  : Connected to target on host '127.0.0.1' and port '3121'.
18:29:22 INFO  : Jtag cable 'Digilent JTAG-HS2 201706300081' is selected.
18:29:22 INFO  : 'jtag frequency' command is executed.
18:29:22 INFO  : 'targets -set -filter {jtag_cable_name =~ "Digilent JTAG-HS2 201706300081" && level==0 && jtag_device_ctx=="jsn-JTAG-HS2-201706300081-13631093-0"}' command is executed.
18:29:25 INFO  : Device configured successfully with "E:/kevin/myCode/microBlaze100/vitisJson/syncMain/_ide/bitstream/download.bit"
18:29:25 INFO  : Context for processor 'microblaze_0' is selected.
18:29:25 INFO  : Hardware design and registers information is loaded from 'E:/kevin/myCode/microBlaze100/vitisJson/syncBlaze/export/syncBlaze/hw/design_1_wrapper.xsa'.
18:29:25 INFO  : 'configparams mdm-detect-bscan-mask 2' command is executed.
18:29:25 INFO  : Context for processor 'microblaze_0' is selected.
18:29:25 INFO  : System reset is completed.
18:29:28 INFO  : 'after 3000' command is executed.
18:29:28 INFO  : Context for processor 'microblaze_0' is selected.
18:29:28 INFO  : The application 'E:/kevin/myCode/microBlaze100/vitisJson/syncMain/Debug/syncMain.elf' is downloaded to processor 'microblaze_0'.
18:29:28 INFO  : ----------------XSDB Script----------------
connect -url tcp:127.0.0.1:3121
targets -set -filter {jtag_cable_name =~ "Digilent JTAG-HS2 201706300081" && level==0 && jtag_device_ctx=="jsn-JTAG-HS2-201706300081-13631093-0"}
fpga -file E:/kevin/myCode/microBlaze100/vitisJson/syncMain/_ide/bitstream/download.bit
targets -set -nocase -filter {name =~ "*microblaze*#0" && bscan=="USER2" }
loadhw -hw E:/kevin/myCode/microBlaze100/vitisJson/syncBlaze/export/syncBlaze/hw/design_1_wrapper.xsa -regs
configparams mdm-detect-bscan-mask 2
targets -set -nocase -filter {name =~ "*microblaze*#0" && bscan=="USER2" }
rst -system
after 3000
targets -set -nocase -filter {name =~ "*microblaze*#0" && bscan=="USER2" }
dow E:/kevin/myCode/microBlaze100/vitisJson/syncMain/Debug/syncMain.elf
----------------End of Script----------------

18:29:28 INFO  : Context for processor 'microblaze_0' is selected.
18:29:29 INFO  : 'con' command is executed.
18:29:29 INFO  : ----------------XSDB Script (After Launch)----------------
targets -set -nocase -filter {name =~ "*microblaze*#0" && bscan=="USER2" }
con
----------------End of Script----------------

18:29:29 INFO  : Launch script is exported to file 'E:\kevin\myCode\microBlaze100\vitisJson\syncMain_system\_ide\scripts\systemdebugger_syncmain_system_standalone.tcl'
18:44:52 INFO  : Hardware specification for platform project 'syncBlaze' is updated.
18:45:02 INFO  : Result from executing command 'getProjects': syncBlaze
18:45:02 INFO  : Result from executing command 'getPlatforms': syncBlaze|E:/kevin/myCode/microBlaze100/vitisJson/syncBlaze/export/syncBlaze/syncBlaze.xpfm;xilinx_vck190_base_202220_1|D:/Xilinx202202/Vitis/2022.2/base_platforms/xilinx_vck190_base_202220_1/xilinx_vck190_base_202220_1.xpfm;xilinx_vck190_base_dfx_202220_1|D:/Xilinx202202/Vitis/2022.2/base_platforms/xilinx_vck190_base_dfx_202220_1/xilinx_vck190_base_dfx_202220_1.xpfm;xilinx_vmk180_base_202220_1|D:/Xilinx202202/Vitis/2022.2/base_platforms/xilinx_vmk180_base_202220_1/xilinx_vmk180_base_202220_1.xpfm;xilinx_zcu102_base_202220_1|D:/Xilinx202202/Vitis/2022.2/base_platforms/xilinx_zcu102_base_202220_1/xilinx_zcu102_base_202220_1.xpfm;xilinx_zcu102_base_dfx_202220_1|D:/Xilinx202202/Vitis/2022.2/base_platforms/xilinx_zcu102_base_dfx_202220_1/xilinx_zcu102_base_dfx_202220_1.xpfm;xilinx_zcu104_base_202220_1|D:/Xilinx202202/Vitis/2022.2/base_platforms/xilinx_zcu104_base_202220_1/xilinx_zcu104_base_202220_1.xpfm
18:45:14 INFO  : Checking for BSP changes to sync application flags for project 'syncMain'...
18:45:17 ERROR : XSCT server calls should not be made from TCF thread.
java.lang.RuntimeException: XSCT server calls should not be made from TCF thread.
	at com.xilinx.sdk.xsdb.XSDBCommandManager.issueAndWait(XSDBCommandManager.java:392) [com.xilinx.sdk.xsdb_1.0.0.202210132147.jar:?]
	at com.xilinx.sdk.xsdb.XsdbCommandUtils.executeAndRespond(XsdbCommandUtils.java:325) [com.xilinx.sdk.xsdb_1.0.0.202210132147.jar:?]
	at com.xilinx.sdk.hw.internal.HwPlatform.populateDesignProps(HwPlatform.java:521) [com.xilinx.sdk.hw_1.0.0.202210132147.jar:?]
	at com.xilinx.sdk.hw.internal.HwPlatform.isZynq(HwPlatform.java:1101) [com.xilinx.sdk.hw_1.0.0.202210132147.jar:?]
	at com.xilinx.sdk.hw.internal.HwPlatform.getArchFamily(HwPlatform.java:587) [com.xilinx.sdk.hw_1.0.0.202210132147.jar:?]
	at com.xilinx.sdk.tcf.internal.debug.ui.common.BaseLaunchConfigModel.readCrossTriggerModel(BaseLaunchConfigModel.java:174) [com.xilinx.sdk.tcf.debug_1.0.0.202210132147.jar:?]
	at com.xilinx.sdk.tcf.internal.debug.ui.common.BaseLaunchConfigModel.readAndSetAttributes(BaseLaunchConfigModel.java:156) [com.xilinx.sdk.tcf.debug_1.0.0.202210132147.jar:?]
	at com.xilinx.sdx.sdsoc.debug.ui.SdsLaunchConfigModel.newInstance(SdsLaunchConfigModel.java:109) [com.xilinx.sdx.sdsoc.debug.ui_1.0.0.202210132147.jar:?]
	at com.xilinx.sdx.sdsoc.debug.launch.SdsTcfLaunchDelegate.createConfigModel(SdsTcfLaunchDelegate.java:85) [com.xilinx.sdx.sdsoc.debug_1.0.0.202210132147.jar:?]
	at com.xilinx.sdx.sdsoc.debug.launch.SdsTcfLaunchDelegate.generateReports(SdsTcfLaunchDelegate.java:641) [com.xilinx.sdx.sdsoc.debug_1.0.0.202210132147.jar:?]
	at com.xilinx.sdx.sdsoc.debug.launch.SdsTcfLaunchDelegate.onDisconnected(SdsTcfLaunchDelegate.java:615) [com.xilinx.sdx.sdsoc.debug_1.0.0.202210132147.jar:?]
	at org.eclipse.tcf.internal.debug.ui.model.TCFModelManager$1.onDisconnected(TCFModelManager.java:79) [org.eclipse.tcf.debug.ui_1.7.0.202210132147.jar:?]
	at org.eclipse.tcf.internal.debug.model.TCFLaunch.onDisconnected(TCFLaunch.java:532) [org.eclipse.tcf.debug_1.7.0.202210132147.jar:?]
	at org.eclipse.tcf.internal.debug.model.TCFLaunch$43.onChannelClosed(TCFLaunch.java:1643) [org.eclipse.tcf.debug_1.7.0.202210132147.jar:?]
	at org.eclipse.tcf.core.AbstractChannel$9.run(AbstractChannel.java:858) [org.eclipse.tcf.core_1.7.0.202210132147.jar:?]
	at org.eclipse.tcf.EventQueue.run(EventQueue.java:98) [org.eclipse.tcf_1.7.0.202210132147.jar:?]
	at java.lang.Thread.run(Thread.java:829) [?:?]
18:45:17 INFO  : Disconnected from the channel tcfchan#3.
18:45:21 INFO  : The hardware specification used by project 'syncMain' is out of sync with the platform. Resource files extracted from the hardware specification will be updated.
18:45:21 INFO  : The file 'E:\kevin\myCode\microBlaze100\vitisJson\syncMain\_ide\bitstream\design_1_wrapper.bit' stored in project is removed.
18:45:21 INFO  : The file 'E:\kevin\myCode\microBlaze100\vitisJson\syncMain\_ide\bitstream\design_1_wrapper.mmi' stored in project is removed.
18:45:21 INFO  : The file 'E:\kevin\myCode\microBlaze100\vitisJson\syncMain\_ide\bitstream\download.bit' stored in project is removed.
18:45:22 INFO  : The updated bitstream files are copied from platform to folder 'E:\kevin\myCode\microBlaze100\vitisJson\syncMain\_ide\bitstream' in project 'syncMain'.
18:45:22 INFO  : Connected to target on host '127.0.0.1' and port '3121'.
18:45:22 INFO  : Jtag cable 'Digilent JTAG-HS2 201706300081' is selected.
18:45:22 INFO  : 'jtag frequency' command is executed.
18:45:22 INFO  : 'targets -set -filter {jtag_cable_name =~ "Digilent JTAG-HS2 201706300081" && level==0 && jtag_device_ctx=="jsn-JTAG-HS2-201706300081-13631093-0"}' command is executed.
18:45:22 ERROR : couldn't open "E:/kevin/myCode/microBlaze100/vitisJson/syncMain/_ide/bitstream/download.bit": no such file or directory
18:45:22 ERROR : Exception occured while running Program Device.
java.lang.RuntimeException: couldn't open "E:/kevin/myCode/microBlaze100/vitisJson/syncMain/_ide/bitstream/download.bit": no such file or directory
18:45:22 INFO  : ----------------XSDB Script----------------
connect -url tcp:127.0.0.1:3121
----------------End of Script----------------

18:45:22 ERROR : couldn't open "E:/kevin/myCode/microBlaze100/vitisJson/syncMain/_ide/bitstream/download.bit": no such file or directory
18:45:27 INFO  : Connected to target on host '127.0.0.1' and port '3121'.
18:45:27 INFO  : Jtag cable 'Digilent JTAG-HS2 201706300081' is selected.
18:45:27 INFO  : 'jtag frequency' command is executed.
18:45:27 INFO  : 'targets -set -filter {jtag_cable_name =~ "Digilent JTAG-HS2 201706300081" && level==0 && jtag_device_ctx=="jsn-JTAG-HS2-201706300081-13631093-0"}' command is executed.
18:45:30 INFO  : Device configured successfully with "E:/kevin/myCode/microBlaze100/vitisJson/syncMain/_ide/bitstream/design_1_wrapper.bit"
18:45:31 INFO  : Context for processor 'microblaze_0' is selected.
18:45:31 INFO  : Hardware design and registers information is loaded from 'E:/kevin/myCode/microBlaze100/vitisJson/syncBlaze/export/syncBlaze/hw/design_1_wrapper.xsa'.
18:45:31 INFO  : 'configparams mdm-detect-bscan-mask 2' command is executed.
18:45:31 INFO  : Context for processor 'microblaze_0' is selected.
18:45:31 INFO  : System reset is completed.
18:45:34 INFO  : 'after 3000' command is executed.
18:45:34 INFO  : Context for processor 'microblaze_0' is selected.
18:45:34 INFO  : The application 'E:/kevin/myCode/microBlaze100/vitisJson/syncMain/Debug/syncMain.elf' is downloaded to processor 'microblaze_0'.
18:45:34 INFO  : ----------------XSDB Script----------------
connect -url tcp:127.0.0.1:3121
targets -set -filter {jtag_cable_name =~ "Digilent JTAG-HS2 201706300081" && level==0 && jtag_device_ctx=="jsn-JTAG-HS2-201706300081-13631093-0"}
fpga -file E:/kevin/myCode/microBlaze100/vitisJson/syncMain/_ide/bitstream/design_1_wrapper.bit
targets -set -nocase -filter {name =~ "*microblaze*#0" && bscan=="USER2" }
loadhw -hw E:/kevin/myCode/microBlaze100/vitisJson/syncBlaze/export/syncBlaze/hw/design_1_wrapper.xsa -regs
configparams mdm-detect-bscan-mask 2
targets -set -nocase -filter {name =~ "*microblaze*#0" && bscan=="USER2" }
rst -system
after 3000
targets -set -nocase -filter {name =~ "*microblaze*#0" && bscan=="USER2" }
dow E:/kevin/myCode/microBlaze100/vitisJson/syncMain/Debug/syncMain.elf
----------------End of Script----------------

18:45:34 INFO  : Context for processor 'microblaze_0' is selected.
18:45:34 INFO  : 'con' command is executed.
18:45:34 INFO  : ----------------XSDB Script (After Launch)----------------
targets -set -nocase -filter {name =~ "*microblaze*#0" && bscan=="USER2" }
con
----------------End of Script----------------

18:45:34 INFO  : Launch script is exported to file 'E:\kevin\myCode\microBlaze100\vitisJson\syncMain_system\_ide\scripts\systemdebugger_syncmain_system_standalone.tcl'
18:46:24 INFO  : Disconnected from the channel tcfchan#5.
18:46:24 INFO  : Connected to target on host '127.0.0.1' and port '3121'.
18:46:24 INFO  : Jtag cable 'Digilent JTAG-HS2 201706300081' is selected.
18:46:24 INFO  : 'jtag frequency' command is executed.
18:46:24 INFO  : 'targets -set -filter {jtag_cable_name =~ "Digilent JTAG-HS2 201706300081" && level==0 && jtag_device_ctx=="jsn-JTAG-HS2-201706300081-13631093-0"}' command is executed.
18:46:27 INFO  : Device configured successfully with "E:/kevin/myCode/microBlaze100/vitisJson/syncMain/_ide/bitstream/design_1_wrapper.bit"
18:46:27 INFO  : Context for processor 'microblaze_0' is selected.
18:46:27 INFO  : Hardware design and registers information is loaded from 'E:/kevin/myCode/microBlaze100/vitisJson/syncBlaze/export/syncBlaze/hw/design_1_wrapper.xsa'.
18:46:27 INFO  : 'configparams mdm-detect-bscan-mask 2' command is executed.
18:46:28 INFO  : Context for processor 'microblaze_0' is selected.
18:46:28 INFO  : System reset is completed.
18:46:31 INFO  : 'after 3000' command is executed.
18:46:31 INFO  : Context for processor 'microblaze_0' is selected.
18:46:31 INFO  : The application 'E:/kevin/myCode/microBlaze100/vitisJson/syncMain/Debug/syncMain.elf' is downloaded to processor 'microblaze_0'.
18:46:31 INFO  : ----------------XSDB Script----------------
connect -url tcp:127.0.0.1:3121
targets -set -filter {jtag_cable_name =~ "Digilent JTAG-HS2 201706300081" && level==0 && jtag_device_ctx=="jsn-JTAG-HS2-201706300081-13631093-0"}
fpga -file E:/kevin/myCode/microBlaze100/vitisJson/syncMain/_ide/bitstream/design_1_wrapper.bit
targets -set -nocase -filter {name =~ "*microblaze*#0" && bscan=="USER2" }
loadhw -hw E:/kevin/myCode/microBlaze100/vitisJson/syncBlaze/export/syncBlaze/hw/design_1_wrapper.xsa -regs
configparams mdm-detect-bscan-mask 2
targets -set -nocase -filter {name =~ "*microblaze*#0" && bscan=="USER2" }
rst -system
after 3000
targets -set -nocase -filter {name =~ "*microblaze*#0" && bscan=="USER2" }
dow E:/kevin/myCode/microBlaze100/vitisJson/syncMain/Debug/syncMain.elf
----------------End of Script----------------

18:46:31 INFO  : Context for processor 'microblaze_0' is selected.
18:46:31 INFO  : 'con' command is executed.
18:46:31 INFO  : ----------------XSDB Script (After Launch)----------------
targets -set -nocase -filter {name =~ "*microblaze*#0" && bscan=="USER2" }
con
----------------End of Script----------------

18:46:31 INFO  : Launch script is exported to file 'E:\kevin\myCode\microBlaze100\vitisJson\syncMain_system\_ide\scripts\systemdebugger_syncmain_system_standalone.tcl'
18:54:12 INFO  : Disconnected from the channel tcfchan#6.
18:55:31 INFO  : Bit file 'E:/kevin/myCode/microBlaze100/vitisJson/syncMain/_ide/bitstream/download.bit' is generated.
18:55:34 INFO  : Connected to target on host '127.0.0.1' and port '3121'.
18:55:34 INFO  : 'targets -set -filter {jtag_cable_name =~ "Digilent JTAG-HS2 201706300081" && level==0 && jtag_device_ctx=="jsn-JTAG-HS2-201706300081-13631093-0"}' command is executed.
18:55:37 INFO  : Device configured successfully with "E:/kevin/myCode/microBlaze100/vitisJson/syncMain/_ide/bitstream/download.bit"
18:56:05 INFO  : Connected to target on host '127.0.0.1' and port '3121'.
18:56:14 INFO  : Invoking Bootgen: bootgen -arch fpga -image E:/kevin/myCode/microBlaze100/vitisJson/syncMain_system/_ide/flash/bootimage.bif -w -o E:/kevin/myCode/microBlaze100/vitisJson/syncMain_system/_ide/flash/BOOT.bin  -interface spi
18:56:15 INFO  : Bootgen command execution is done.
19:04:23 INFO  : Checking for BSP changes to sync application flags for project 'syncMain'...
19:04:28 INFO  : Connected to target on host '127.0.0.1' and port '3121'.
19:04:28 INFO  : Jtag cable 'Digilent JTAG-HS2 201706300081' is selected.
19:04:28 INFO  : 'jtag frequency' command is executed.
19:04:28 INFO  : 'targets -set -filter {jtag_cable_name =~ "Digilent JTAG-HS2 201706300081" && level==0 && jtag_device_ctx=="jsn-JTAG-HS2-201706300081-13631093-0"}' command is executed.
19:04:31 INFO  : Device configured successfully with "E:/kevin/myCode/microBlaze100/vitisJson/syncMain/_ide/bitstream/download.bit"
19:04:31 INFO  : Context for processor 'microblaze_0' is selected.
19:04:31 INFO  : Hardware design and registers information is loaded from 'E:/kevin/myCode/microBlaze100/vitisJson/syncBlaze/export/syncBlaze/hw/design_1_wrapper.xsa'.
19:04:31 INFO  : 'configparams mdm-detect-bscan-mask 2' command is executed.
19:04:31 INFO  : Context for processor 'microblaze_0' is selected.
19:04:31 INFO  : System reset is completed.
19:04:34 INFO  : 'after 3000' command is executed.
19:04:34 INFO  : Context for processor 'microblaze_0' is selected.
19:04:34 INFO  : The application 'E:/kevin/myCode/microBlaze100/vitisJson/syncMain/Debug/syncMain.elf' is downloaded to processor 'microblaze_0'.
19:04:34 INFO  : ----------------XSDB Script----------------
connect -url tcp:127.0.0.1:3121
targets -set -filter {jtag_cable_name =~ "Digilent JTAG-HS2 201706300081" && level==0 && jtag_device_ctx=="jsn-JTAG-HS2-201706300081-13631093-0"}
fpga -file E:/kevin/myCode/microBlaze100/vitisJson/syncMain/_ide/bitstream/download.bit
targets -set -nocase -filter {name =~ "*microblaze*#0" && bscan=="USER2" }
loadhw -hw E:/kevin/myCode/microBlaze100/vitisJson/syncBlaze/export/syncBlaze/hw/design_1_wrapper.xsa -regs
configparams mdm-detect-bscan-mask 2
targets -set -nocase -filter {name =~ "*microblaze*#0" && bscan=="USER2" }
rst -system
after 3000
targets -set -nocase -filter {name =~ "*microblaze*#0" && bscan=="USER2" }
dow E:/kevin/myCode/microBlaze100/vitisJson/syncMain/Debug/syncMain.elf
----------------End of Script----------------

19:04:35 INFO  : Context for processor 'microblaze_0' is selected.
19:04:35 INFO  : 'con' command is executed.
19:04:35 INFO  : ----------------XSDB Script (After Launch)----------------
targets -set -nocase -filter {name =~ "*microblaze*#0" && bscan=="USER2" }
con
----------------End of Script----------------

19:04:35 INFO  : Launch script is exported to file 'E:\kevin\myCode\microBlaze100\vitisJson\syncMain_system\_ide\scripts\systemdebugger_syncmain_system_standalone.tcl'
10:26:41 INFO  : Disconnected from the channel tcfchan#7.
11:09:12 DEBUG : Logs will be stored at 'E:/kevin/myCode/microBlaze100/vitisJson/IDE.log'.
11:09:14 INFO  : Launching XSCT server: xsct.bat -n  -interactive E:\kevin\myCode\microBlaze100\vitisJson\temp_xsdb_launch_script.tcl
11:09:19 INFO  : Registering command handlers for Vitis TCF services
11:09:24 INFO  : Platform repository initialization has completed.
11:09:27 INFO  : XSCT server has started successfully.
11:09:27 INFO  : Successfully done setting XSCT server connection channel  
11:09:41 INFO  : plnx-install-location is set to ''
11:09:41 INFO  : Successfully done setting workspace for the tool. 
11:09:41 INFO  : Successfully done query RDI_DATADIR 
13:01:35 INFO  : Connected to target on host '127.0.0.1' and port '3121'.
13:02:00 INFO  : Invoking Bootgen: bootgen -arch fpga -image E:/kevin/myCode/microBlaze100/vitisJson/syncMain_system/_ide/flash/bootimage.bif -w -o E:/kevin/myCode/microBlaze100/vitisJson/syncMain_system/_ide/flash/BOOT.bin  -interface spi
13:02:02 INFO  : Bootgen command execution is done.
13:52:59 INFO  : Hardware specification for platform project 'syncBlaze' is updated.
13:53:20 INFO  : Result from executing command 'getProjects': syncBlaze
13:53:20 INFO  : Result from executing command 'getPlatforms': syncBlaze|E:/kevin/myCode/microBlaze100/vitisJson/syncBlaze/export/syncBlaze/syncBlaze.xpfm;xilinx_vck190_base_202220_1|D:/Xilinx202202/Vitis/2022.2/base_platforms/xilinx_vck190_base_202220_1/xilinx_vck190_base_202220_1.xpfm;xilinx_vck190_base_dfx_202220_1|D:/Xilinx202202/Vitis/2022.2/base_platforms/xilinx_vck190_base_dfx_202220_1/xilinx_vck190_base_dfx_202220_1.xpfm;xilinx_vmk180_base_202220_1|D:/Xilinx202202/Vitis/2022.2/base_platforms/xilinx_vmk180_base_202220_1/xilinx_vmk180_base_202220_1.xpfm;xilinx_zcu102_base_202220_1|D:/Xilinx202202/Vitis/2022.2/base_platforms/xilinx_zcu102_base_202220_1/xilinx_zcu102_base_202220_1.xpfm;xilinx_zcu102_base_dfx_202220_1|D:/Xilinx202202/Vitis/2022.2/base_platforms/xilinx_zcu102_base_dfx_202220_1/xilinx_zcu102_base_dfx_202220_1.xpfm;xilinx_zcu104_base_202220_1|D:/Xilinx202202/Vitis/2022.2/base_platforms/xilinx_zcu104_base_202220_1/xilinx_zcu104_base_202220_1.xpfm
13:53:34 INFO  : Checking for BSP changes to sync application flags for project 'syncMain'...
13:53:42 INFO  : The hardware specification used by project 'syncMain' is out of sync with the platform. Resource files extracted from the hardware specification will be updated.
13:53:42 INFO  : The file 'E:\kevin\myCode\microBlaze100\vitisJson\syncMain\_ide\bitstream\design_1_wrapper.bit' stored in project is removed.
13:53:42 INFO  : The file 'E:\kevin\myCode\microBlaze100\vitisJson\syncMain\_ide\bitstream\design_1_wrapper.mmi' stored in project is removed.
13:53:42 INFO  : The file 'E:\kevin\myCode\microBlaze100\vitisJson\syncMain\_ide\bitstream\download.bit' stored in project is removed.
13:53:42 INFO  : The updated bitstream files are copied from platform to folder 'E:\kevin\myCode\microBlaze100\vitisJson\syncMain\_ide\bitstream' in project 'syncMain'.
13:53:42 INFO  : Connected to target on host '127.0.0.1' and port '3121'.
13:53:43 INFO  : Jtag cable 'Digilent JTAG-HS2 201706300081' is selected.
13:53:43 INFO  : 'jtag frequency' command is executed.
13:53:43 INFO  : 'targets -set -filter {jtag_cable_name =~ "Digilent JTAG-HS2 201706300081" && level==0 && jtag_device_ctx=="jsn-JTAG-HS2-201706300081-13631093-0"}' command is executed.
13:53:43 ERROR : couldn't open "E:/kevin/myCode/microBlaze100/vitisJson/syncMain/_ide/bitstream/download.bit": no such file or directory
13:53:43 ERROR : Exception occured while running Program Device.
java.lang.RuntimeException: couldn't open "E:/kevin/myCode/microBlaze100/vitisJson/syncMain/_ide/bitstream/download.bit": no such file or directory
13:53:43 INFO  : ----------------XSDB Script----------------
connect -url tcp:127.0.0.1:3121
----------------End of Script----------------

13:53:43 ERROR : couldn't open "E:/kevin/myCode/microBlaze100/vitisJson/syncMain/_ide/bitstream/download.bit": no such file or directory
13:53:50 INFO  : Connected to target on host '127.0.0.1' and port '3121'.
13:53:50 INFO  : Jtag cable 'Digilent JTAG-HS2 201706300081' is selected.
13:53:50 INFO  : 'jtag frequency' command is executed.
13:53:50 INFO  : 'targets -set -filter {jtag_cable_name =~ "Digilent JTAG-HS2 201706300081" && level==0 && jtag_device_ctx=="jsn-JTAG-HS2-201706300081-13631093-0"}' command is executed.
13:53:53 INFO  : Device configured successfully with "E:/kevin/myCode/microBlaze100/vitisJson/syncMain/_ide/bitstream/design_1_wrapper.bit"
13:53:53 INFO  : Context for processor 'microblaze_0' is selected.
13:53:53 INFO  : Hardware design and registers information is loaded from 'E:/kevin/myCode/microBlaze100/vitisJson/syncBlaze/export/syncBlaze/hw/design_1_wrapper.xsa'.
13:53:53 INFO  : 'configparams mdm-detect-bscan-mask 2' command is executed.
13:53:53 INFO  : Context for processor 'microblaze_0' is selected.
13:53:53 INFO  : System reset is completed.
13:53:56 INFO  : 'after 3000' command is executed.
13:53:56 INFO  : Context for processor 'microblaze_0' is selected.
13:53:57 INFO  : The application 'E:/kevin/myCode/microBlaze100/vitisJson/syncMain/Debug/syncMain.elf' is downloaded to processor 'microblaze_0'.
13:53:57 INFO  : ----------------XSDB Script----------------
connect -url tcp:127.0.0.1:3121
targets -set -filter {jtag_cable_name =~ "Digilent JTAG-HS2 201706300081" && level==0 && jtag_device_ctx=="jsn-JTAG-HS2-201706300081-13631093-0"}
fpga -file E:/kevin/myCode/microBlaze100/vitisJson/syncMain/_ide/bitstream/design_1_wrapper.bit
targets -set -nocase -filter {name =~ "*microblaze*#0" && bscan=="USER2" }
loadhw -hw E:/kevin/myCode/microBlaze100/vitisJson/syncBlaze/export/syncBlaze/hw/design_1_wrapper.xsa -regs
configparams mdm-detect-bscan-mask 2
targets -set -nocase -filter {name =~ "*microblaze*#0" && bscan=="USER2" }
rst -system
after 3000
targets -set -nocase -filter {name =~ "*microblaze*#0" && bscan=="USER2" }
dow E:/kevin/myCode/microBlaze100/vitisJson/syncMain/Debug/syncMain.elf
----------------End of Script----------------

13:53:57 INFO  : Context for processor 'microblaze_0' is selected.
13:53:57 INFO  : 'con' command is executed.
13:53:57 INFO  : ----------------XSDB Script (After Launch)----------------
targets -set -nocase -filter {name =~ "*microblaze*#0" && bscan=="USER2" }
con
----------------End of Script----------------

13:53:57 INFO  : Launch script is exported to file 'E:\kevin\myCode\microBlaze100\vitisJson\syncMain_system\_ide\scripts\systemdebugger_syncmain_system_standalone.tcl'
13:56:08 INFO  : Disconnected from the channel tcfchan#1.
13:57:56 INFO  : Bit file 'E:/kevin/myCode/microBlaze100/vitisJson/syncMain/_ide/bitstream/download.bit' is generated.
13:57:59 INFO  : Connected to target on host '127.0.0.1' and port '3121'.
13:57:59 INFO  : 'targets -set -filter {jtag_cable_name =~ "Digilent JTAG-HS2 201706300081" && level==0 && jtag_device_ctx=="jsn-JTAG-HS2-201706300081-13631093-0"}' command is executed.
13:58:02 INFO  : Device configured successfully with "E:/kevin/myCode/microBlaze100/vitisJson/syncMain/_ide/bitstream/download.bit"
13:58:53 INFO  : Connected to target on host '127.0.0.1' and port '3121'.
13:59:04 INFO  : Invoking Bootgen: bootgen -arch fpga -image E:/kevin/myCode/microBlaze100/vitisJson/syncMain_system/_ide/flash/bootimage.bif -w -o E:/kevin/myCode/microBlaze100/vitisJson/syncMain_system/_ide/flash/BOOT.bin  -interface spi
13:59:06 INFO  : Bootgen command execution is done.
15:12:43 INFO  : Connected to target on host '127.0.0.1' and port '3121'.
15:12:48 INFO  : Invoking Bootgen: bootgen -arch fpga -image E:/kevin/myCode/microBlaze100/vitisJson/syncMain_system/_ide/flash/bootimage.bif -w -o E:/kevin/myCode/microBlaze100/vitisJson/syncMain_system/_ide/flash/BOOT.bin  -interface spi
15:12:50 INFO  : Bootgen command execution is done.
14:37:27 DEBUG : Logs will be stored at 'E:/kevin/myCode/microBlaze100/vitisJson/IDE.log'.
14:37:27 INFO  : Launching XSCT server: xsct.bat -n  -interactive E:\kevin\myCode\microBlaze100\vitisJson\temp_xsdb_launch_script.tcl
14:37:29 INFO  : XSCT server has started successfully.
14:37:30 INFO  : Successfully done setting XSCT server connection channel  
14:37:30 INFO  : plnx-install-location is set to ''
14:37:30 INFO  : Successfully done setting workspace for the tool. 
14:37:30 INFO  : Successfully done query RDI_DATADIR 
14:37:30 INFO  : Registering command handlers for Vitis TCF services
14:37:31 INFO  : Platform repository initialization has completed.
14:38:20 INFO  : Hardware specification for platform project 'syncBlaze' is updated.
14:38:33 INFO  : Result from executing command 'getProjects': syncBlaze
14:38:33 INFO  : Result from executing command 'getPlatforms': xilinx_vck190_base_202220_1|D:/Xilinx202202/Vitis/2022.2/base_platforms/xilinx_vck190_base_202220_1/xilinx_vck190_base_202220_1.xpfm;xilinx_vck190_base_dfx_202220_1|D:/Xilinx202202/Vitis/2022.2/base_platforms/xilinx_vck190_base_dfx_202220_1/xilinx_vck190_base_dfx_202220_1.xpfm;xilinx_vmk180_base_202220_1|D:/Xilinx202202/Vitis/2022.2/base_platforms/xilinx_vmk180_base_202220_1/xilinx_vmk180_base_202220_1.xpfm;xilinx_zcu102_base_202220_1|D:/Xilinx202202/Vitis/2022.2/base_platforms/xilinx_zcu102_base_202220_1/xilinx_zcu102_base_202220_1.xpfm;xilinx_zcu102_base_dfx_202220_1|D:/Xilinx202202/Vitis/2022.2/base_platforms/xilinx_zcu102_base_dfx_202220_1/xilinx_zcu102_base_dfx_202220_1.xpfm;xilinx_zcu104_base_202220_1|D:/Xilinx202202/Vitis/2022.2/base_platforms/xilinx_zcu104_base_202220_1/xilinx_zcu104_base_202220_1.xpfm
14:39:27 INFO  : Hardware specification for platform project 'syncBlaze' is updated.
14:39:40 INFO  : Result from executing command 'getProjects': syncBlaze
14:39:40 INFO  : Result from executing command 'getPlatforms': syncBlaze|E:/kevin/myCode/microBlaze100/vitisJson/syncBlaze/export/syncBlaze/syncBlaze.xpfm;xilinx_vck190_base_202220_1|D:/Xilinx202202/Vitis/2022.2/base_platforms/xilinx_vck190_base_202220_1/xilinx_vck190_base_202220_1.xpfm;xilinx_vck190_base_dfx_202220_1|D:/Xilinx202202/Vitis/2022.2/base_platforms/xilinx_vck190_base_dfx_202220_1/xilinx_vck190_base_dfx_202220_1.xpfm;xilinx_vmk180_base_202220_1|D:/Xilinx202202/Vitis/2022.2/base_platforms/xilinx_vmk180_base_202220_1/xilinx_vmk180_base_202220_1.xpfm;xilinx_zcu102_base_202220_1|D:/Xilinx202202/Vitis/2022.2/base_platforms/xilinx_zcu102_base_202220_1/xilinx_zcu102_base_202220_1.xpfm;xilinx_zcu102_base_dfx_202220_1|D:/Xilinx202202/Vitis/2022.2/base_platforms/xilinx_zcu102_base_dfx_202220_1/xilinx_zcu102_base_dfx_202220_1.xpfm;xilinx_zcu104_base_202220_1|D:/Xilinx202202/Vitis/2022.2/base_platforms/xilinx_zcu104_base_202220_1/xilinx_zcu104_base_202220_1.xpfm
14:39:48 INFO  : Checking for BSP changes to sync application flags for project 'syncMain'...
14:39:55 INFO  : The hardware specification used by project 'syncMain' is out of sync with the platform. Resource files extracted from the hardware specification will be updated.
14:39:55 INFO  : The file 'E:\kevin\myCode\microBlaze100\vitisJson\syncMain\_ide\bitstream\design_1_wrapper.bit' stored in project is removed.
14:39:55 INFO  : The file 'E:\kevin\myCode\microBlaze100\vitisJson\syncMain\_ide\bitstream\design_1_wrapper.mmi' stored in project is removed.
14:39:55 INFO  : The file 'E:\kevin\myCode\microBlaze100\vitisJson\syncMain\_ide\bitstream\download.bit' stored in project is removed.
14:39:55 INFO  : The updated bitstream files are copied from platform to folder 'E:\kevin\myCode\microBlaze100\vitisJson\syncMain\_ide\bitstream' in project 'syncMain'.
14:39:57 INFO  : Connected to target on host '127.0.0.1' and port '3121'.
14:39:57 INFO  : Jtag cable 'Digilent JTAG-HS2 201706300081' is selected.
14:39:57 INFO  : 'jtag frequency' command is executed.
14:39:57 INFO  : 'targets -set -filter {jtag_cable_name =~ "Digilent JTAG-HS2 201706300081" && level==0 && jtag_device_ctx=="jsn-JTAG-HS2-201706300081-13631093-0"}' command is executed.
14:39:57 ERROR : couldn't open "E:/kevin/myCode/microBlaze100/vitisJson/syncMain/_ide/bitstream/download.bit": no such file or directory
14:39:57 ERROR : Exception occured while running Program Device.
java.lang.RuntimeException: couldn't open "E:/kevin/myCode/microBlaze100/vitisJson/syncMain/_ide/bitstream/download.bit": no such file or directory
14:39:57 INFO  : ----------------XSDB Script----------------
connect -url tcp:127.0.0.1:3121
----------------End of Script----------------

14:39:57 ERROR : couldn't open "E:/kevin/myCode/microBlaze100/vitisJson/syncMain/_ide/bitstream/download.bit": no such file or directory
15:01:16 INFO  : Hardware specification for platform project 'syncBlaze' is updated.
15:01:31 INFO  : Result from executing command 'getProjects': syncBlaze
15:01:31 INFO  : Result from executing command 'getPlatforms': syncBlaze|E:/kevin/myCode/microBlaze100/vitisJson/syncBlaze/export/syncBlaze/syncBlaze.xpfm;xilinx_vck190_base_202220_1|D:/Xilinx202202/Vitis/2022.2/base_platforms/xilinx_vck190_base_202220_1/xilinx_vck190_base_202220_1.xpfm;xilinx_vck190_base_dfx_202220_1|D:/Xilinx202202/Vitis/2022.2/base_platforms/xilinx_vck190_base_dfx_202220_1/xilinx_vck190_base_dfx_202220_1.xpfm;xilinx_vmk180_base_202220_1|D:/Xilinx202202/Vitis/2022.2/base_platforms/xilinx_vmk180_base_202220_1/xilinx_vmk180_base_202220_1.xpfm;xilinx_zcu102_base_202220_1|D:/Xilinx202202/Vitis/2022.2/base_platforms/xilinx_zcu102_base_202220_1/xilinx_zcu102_base_202220_1.xpfm;xilinx_zcu102_base_dfx_202220_1|D:/Xilinx202202/Vitis/2022.2/base_platforms/xilinx_zcu102_base_dfx_202220_1/xilinx_zcu102_base_dfx_202220_1.xpfm;xilinx_zcu104_base_202220_1|D:/Xilinx202202/Vitis/2022.2/base_platforms/xilinx_zcu104_base_202220_1/xilinx_zcu104_base_202220_1.xpfm
15:01:46 INFO  : Checking for BSP changes to sync application flags for project 'syncMain'...
15:02:01 INFO  : The hardware specification used by project 'syncMain' is out of sync with the platform. Resource files extracted from the hardware specification will be updated.
15:02:01 INFO  : The file 'E:\kevin\myCode\microBlaze100\vitisJson\syncMain\_ide\bitstream\design_1_wrapper.bit' stored in project is removed.
15:02:01 INFO  : The file 'E:\kevin\myCode\microBlaze100\vitisJson\syncMain\_ide\bitstream\design_1_wrapper.mmi' stored in project is removed.
15:02:01 INFO  : The updated bitstream files are copied from platform to folder 'E:\kevin\myCode\microBlaze100\vitisJson\syncMain\_ide\bitstream' in project 'syncMain'.
15:02:01 INFO  : Connected to target on host '127.0.0.1' and port '3121'.
15:02:01 INFO  : Jtag cable 'Digilent JTAG-HS2 201706300081' is selected.
15:02:01 INFO  : 'jtag frequency' command is executed.
15:02:01 INFO  : 'targets -set -filter {jtag_cable_name =~ "Digilent JTAG-HS2 201706300081" && level==0 && jtag_device_ctx=="jsn-JTAG-HS2-201706300081-13631093-0"}' command is executed.
15:02:04 INFO  : Device configured successfully with "E:/kevin/myCode/microBlaze100/vitisJson/syncMain/_ide/bitstream/design_1_wrapper.bit"
15:02:04 INFO  : Context for processor 'microblaze_0' is selected.
15:02:04 INFO  : Hardware design and registers information is loaded from 'E:/kevin/myCode/microBlaze100/vitisJson/syncBlaze/export/syncBlaze/hw/design_1_wrapper.xsa'.
15:02:04 INFO  : 'configparams mdm-detect-bscan-mask 2' command is executed.
15:02:04 INFO  : Context for processor 'microblaze_0' is selected.
15:02:04 INFO  : System reset is completed.
15:02:07 INFO  : 'after 3000' command is executed.
15:02:07 INFO  : Context for processor 'microblaze_0' is selected.
15:02:08 INFO  : The application 'E:/kevin/myCode/microBlaze100/vitisJson/syncMain/Debug/syncMain.elf' is downloaded to processor 'microblaze_0'.
15:02:08 INFO  : ----------------XSDB Script----------------
connect -url tcp:127.0.0.1:3121
targets -set -filter {jtag_cable_name =~ "Digilent JTAG-HS2 201706300081" && level==0 && jtag_device_ctx=="jsn-JTAG-HS2-201706300081-13631093-0"}
fpga -file E:/kevin/myCode/microBlaze100/vitisJson/syncMain/_ide/bitstream/design_1_wrapper.bit
targets -set -nocase -filter {name =~ "*microblaze*#0" && bscan=="USER2" }
loadhw -hw E:/kevin/myCode/microBlaze100/vitisJson/syncBlaze/export/syncBlaze/hw/design_1_wrapper.xsa -regs
configparams mdm-detect-bscan-mask 2
targets -set -nocase -filter {name =~ "*microblaze*#0" && bscan=="USER2" }
rst -system
after 3000
targets -set -nocase -filter {name =~ "*microblaze*#0" && bscan=="USER2" }
dow E:/kevin/myCode/microBlaze100/vitisJson/syncMain/Debug/syncMain.elf
----------------End of Script----------------

15:02:08 INFO  : Context for processor 'microblaze_0' is selected.
15:02:08 INFO  : 'con' command is executed.
15:02:08 INFO  : ----------------XSDB Script (After Launch)----------------
targets -set -nocase -filter {name =~ "*microblaze*#0" && bscan=="USER2" }
con
----------------End of Script----------------

15:02:08 INFO  : Launch script is exported to file 'E:\kevin\myCode\microBlaze100\vitisJson\syncMain_system\_ide\scripts\systemdebugger_syncmain_system_standalone.tcl'
15:02:41 INFO  : Disconnected from the channel tcfchan#3.
10:00:18 DEBUG : Logs will be stored at 'E:/kevin/myCode/microBlaze100/vitisJson/IDE.log'.
10:00:19 INFO  : Launching XSCT server: xsct.bat -n  -interactive E:\kevin\myCode\microBlaze100\vitisJson\temp_xsdb_launch_script.tcl
10:00:21 INFO  : Registering command handlers for Vitis TCF services
10:00:22 INFO  : Platform repository initialization has completed.
10:00:23 INFO  : XSCT server has started successfully.
10:00:27 INFO  : Successfully done setting XSCT server connection channel  
10:00:27 INFO  : plnx-install-location is set to ''
10:00:27 INFO  : Successfully done query RDI_DATADIR 
10:00:27 INFO  : Successfully done setting workspace for the tool. 
10:01:43 INFO  : Hardware specification for platform project 'syncBlaze' is updated.
10:01:54 INFO  : Result from executing command 'getProjects': syncBlaze
10:01:54 INFO  : Result from executing command 'getPlatforms': syncBlaze|E:/kevin/myCode/microBlaze100/vitisJson/syncBlaze/export/syncBlaze/syncBlaze.xpfm;xilinx_vck190_base_202220_1|D:/Xilinx202202/Vitis/2022.2/base_platforms/xilinx_vck190_base_202220_1/xilinx_vck190_base_202220_1.xpfm;xilinx_vck190_base_dfx_202220_1|D:/Xilinx202202/Vitis/2022.2/base_platforms/xilinx_vck190_base_dfx_202220_1/xilinx_vck190_base_dfx_202220_1.xpfm;xilinx_vmk180_base_202220_1|D:/Xilinx202202/Vitis/2022.2/base_platforms/xilinx_vmk180_base_202220_1/xilinx_vmk180_base_202220_1.xpfm;xilinx_zcu102_base_202220_1|D:/Xilinx202202/Vitis/2022.2/base_platforms/xilinx_zcu102_base_202220_1/xilinx_zcu102_base_202220_1.xpfm;xilinx_zcu102_base_dfx_202220_1|D:/Xilinx202202/Vitis/2022.2/base_platforms/xilinx_zcu102_base_dfx_202220_1/xilinx_zcu102_base_dfx_202220_1.xpfm;xilinx_zcu104_base_202220_1|D:/Xilinx202202/Vitis/2022.2/base_platforms/xilinx_zcu104_base_202220_1/xilinx_zcu104_base_202220_1.xpfm
10:02:33 INFO  : Checking for BSP changes to sync application flags for project 'syncMain'...
10:02:42 INFO  : Connected to target on host '127.0.0.1' and port '3121'.
10:02:43 INFO  : Jtag cable 'Digilent JTAG-HS2 201706300081' is selected.
10:02:43 INFO  : 'jtag frequency' command is executed.
10:02:43 INFO  : 'targets -set -filter {jtag_cable_name =~ "Digilent JTAG-HS2 201706300081" && level==0 && jtag_device_ctx=="jsn-JTAG-HS2-201706300081-13631093-0"}' command is executed.
10:02:46 INFO  : Device configured successfully with "E:/kevin/myCode/microBlaze100/vitisJson/syncMain/_ide/bitstream/design_1_wrapper.bit"
10:02:46 INFO  : Context for processor 'microblaze_0' is selected.
10:02:46 INFO  : Hardware design and registers information is loaded from 'E:/kevin/myCode/microBlaze100/vitisJson/syncBlaze/export/syncBlaze/hw/design_1_wrapper.xsa'.
10:02:46 INFO  : 'configparams mdm-detect-bscan-mask 2' command is executed.
10:02:46 INFO  : Context for processor 'microblaze_0' is selected.
10:02:46 INFO  : System reset is completed.
10:02:49 INFO  : 'after 3000' command is executed.
10:02:49 INFO  : Context for processor 'microblaze_0' is selected.
10:02:50 INFO  : The application 'E:/kevin/myCode/microBlaze100/vitisJson/syncMain/Debug/syncMain.elf' is downloaded to processor 'microblaze_0'.
10:02:50 INFO  : ----------------XSDB Script----------------
connect -url tcp:127.0.0.1:3121
targets -set -filter {jtag_cable_name =~ "Digilent JTAG-HS2 201706300081" && level==0 && jtag_device_ctx=="jsn-JTAG-HS2-201706300081-13631093-0"}
fpga -file E:/kevin/myCode/microBlaze100/vitisJson/syncMain/_ide/bitstream/design_1_wrapper.bit
targets -set -nocase -filter {name =~ "*microblaze*#0" && bscan=="USER2" }
loadhw -hw E:/kevin/myCode/microBlaze100/vitisJson/syncBlaze/export/syncBlaze/hw/design_1_wrapper.xsa -regs
configparams mdm-detect-bscan-mask 2
targets -set -nocase -filter {name =~ "*microblaze*#0" && bscan=="USER2" }
rst -system
after 3000
targets -set -nocase -filter {name =~ "*microblaze*#0" && bscan=="USER2" }
dow E:/kevin/myCode/microBlaze100/vitisJson/syncMain/Debug/syncMain.elf
----------------End of Script----------------

10:02:50 INFO  : Context for processor 'microblaze_0' is selected.
10:02:50 INFO  : 'con' command is executed.
10:02:50 INFO  : ----------------XSDB Script (After Launch)----------------
targets -set -nocase -filter {name =~ "*microblaze*#0" && bscan=="USER2" }
con
----------------End of Script----------------

10:02:50 INFO  : Launch script is exported to file 'E:\kevin\myCode\microBlaze100\vitisJson\syncMain_system\_ide\scripts\systemdebugger_syncmain_system_standalone.tcl'
10:02:53 INFO  : Disconnected from the channel tcfchan#2.
10:04:01 INFO  : Bit file 'E:/kevin/myCode/microBlaze100/vitisJson/syncMain/_ide/bitstream/download.bit' is generated.
10:04:04 INFO  : Connected to target on host '127.0.0.1' and port '3121'.
10:04:04 INFO  : 'targets -set -filter {jtag_cable_name =~ "Digilent JTAG-HS2 201706300081" && level==0 && jtag_device_ctx=="jsn-JTAG-HS2-201706300081-13631093-0"}' command is executed.
10:04:07 INFO  : Device configured successfully with "E:/kevin/myCode/microBlaze100/vitisJson/syncMain/_ide/bitstream/download.bit"
10:09:00 INFO  : Connected to target on host '127.0.0.1' and port '3121'.
10:09:11 INFO  : Invoking Bootgen: bootgen -arch fpga -image E:/kevin/myCode/microBlaze100/vitisJson/syncMain_system/_ide/flash/bootimage.bif -w -o E:/kevin/myCode/microBlaze100/vitisJson/syncMain_system/_ide/flash/BOOT.bin  -interface spi
10:09:13 INFO  : Bootgen command execution is done.
10:10:55 INFO  : Connected to target on host '127.0.0.1' and port '3121'.
10:11:05 INFO  : ----------------XSDB Script----------------
connect -url tcp:127.0.0.1:3121
----------------End of Script----------------

10:11:05 ERROR : Could not find FPGA device on the board for connection 'Local'.


Troubleshooting hints:
1. Check whether board is connected to system properly.
2. In case of zynq board, check whether Digilent/Xilinx cable switch settings are correct.
3. If you are using Xilinx Platform Cable USB, ensure that status LED is green.
10:11:23 INFO  : Connected to target on host '127.0.0.1' and port '3121'.
10:11:25 INFO  : Invoking Bootgen: bootgen -arch fpga -image E:/kevin/myCode/microBlaze100/vitisJson/syncMain_system/_ide/flash/bootimage.bif -w -o E:/kevin/myCode/microBlaze100/vitisJson/syncMain_system/_ide/flash/BOOT.bin  -interface spi
10:11:27 INFO  : Bootgen command execution is done.
10:12:27 INFO  : Connected to target on host '127.0.0.1' and port '3121'.
10:13:09 INFO  : Connected to target on host '127.0.0.1' and port '3121'.
10:13:14 INFO  : Invoking Bootgen: bootgen -arch fpga -image E:/kevin/myCode/microBlaze100/vitisJson/syncMain_system/_ide/flash/bootimage.bif -w -o E:/kevin/myCode/microBlaze100/vitisJson/syncMain_system/_ide/flash/BOOT.bin  -interface spi
10:13:16 INFO  : Bootgen command execution is done.
10:45:32 INFO  : Connected to target on host '127.0.0.1' and port '3121'.
10:45:36 INFO  : Invoking Bootgen: bootgen -arch fpga -image E:/kevin/myCode/microBlaze100/vitisJson/syncMain_system/_ide/flash/bootimage.bif -w -o E:/kevin/myCode/microBlaze100/vitisJson/syncMain_system/_ide/flash/BOOT.bin  -interface spi
10:45:38 INFO  : Bootgen command execution is done.
11:17:58 INFO  : Connected to target on host '127.0.0.1' and port '3121'.
11:18:00 INFO  : Invoking Bootgen: bootgen -arch fpga -image E:/kevin/myCode/microBlaze100/vitisJson/syncMain_system/_ide/flash/bootimage.bif -w -o E:/kevin/myCode/microBlaze100/vitisJson/syncMain_system/_ide/flash/BOOT.bin  -interface spi
11:18:02 INFO  : Bootgen command execution is done.
13:11:36 INFO  : Connected to target on host '127.0.0.1' and port '3121'.
13:11:36 INFO  : Jtag cable 'Digilent JTAG-HS2 201706300081' is selected.
13:11:36 INFO  : 'jtag frequency' command is executed.
13:11:36 INFO  : 'targets -set -filter {jtag_cable_name =~ "Digilent JTAG-HS2 201706300081" && level==0 && jtag_device_ctx=="jsn-JTAG-HS2-201706300081-13631093-0"}' command is executed.
13:11:39 INFO  : Device configured successfully with "E:/kevin/myCode/microBlaze100/vitisJson/syncMain/_ide/bitstream/download.bit"
13:11:39 INFO  : Context for processor 'microblaze_0' is selected.
13:11:39 INFO  : Hardware design and registers information is loaded from 'E:/kevin/myCode/microBlaze100/vitisJson/syncBlaze/export/syncBlaze/hw/design_1_wrapper.xsa'.
13:11:39 INFO  : 'configparams mdm-detect-bscan-mask 2' command is executed.
13:11:39 INFO  : Context for processor 'microblaze_0' is selected.
13:11:39 INFO  : System reset is completed.
13:11:42 INFO  : 'after 3000' command is executed.
13:11:42 INFO  : Context for processor 'microblaze_0' is selected.
13:11:43 INFO  : The application 'E:/kevin/myCode/microBlaze100/vitisJson/syncMain/Debug/syncMain.elf' is downloaded to processor 'microblaze_0'.
13:11:43 INFO  : ----------------XSDB Script----------------
connect -url tcp:127.0.0.1:3121
targets -set -filter {jtag_cable_name =~ "Digilent JTAG-HS2 201706300081" && level==0 && jtag_device_ctx=="jsn-JTAG-HS2-201706300081-13631093-0"}
fpga -file E:/kevin/myCode/microBlaze100/vitisJson/syncMain/_ide/bitstream/download.bit
targets -set -nocase -filter {name =~ "*microblaze*#0" && bscan=="USER2" }
loadhw -hw E:/kevin/myCode/microBlaze100/vitisJson/syncBlaze/export/syncBlaze/hw/design_1_wrapper.xsa -regs
configparams mdm-detect-bscan-mask 2
targets -set -nocase -filter {name =~ "*microblaze*#0" && bscan=="USER2" }
rst -system
after 3000
targets -set -nocase -filter {name =~ "*microblaze*#0" && bscan=="USER2" }
dow E:/kevin/myCode/microBlaze100/vitisJson/syncMain/Debug/syncMain.elf
----------------End of Script----------------

13:11:43 INFO  : Context for processor 'microblaze_0' is selected.
13:11:43 INFO  : 'con' command is executed.
13:11:43 INFO  : ----------------XSDB Script (After Launch)----------------
targets -set -nocase -filter {name =~ "*microblaze*#0" && bscan=="USER2" }
con
----------------End of Script----------------

13:11:43 INFO  : Launch script is exported to file 'E:\kevin\myCode\microBlaze100\vitisJson\syncMain_system\_ide\scripts\systemdebugger_syncmain_system_standalone.tcl'
13:26:29 INFO  : Disconnected from the channel tcfchan#3.
13:26:31 INFO  : Checking for BSP changes to sync application flags for project 'syncMain'...
13:26:39 INFO  : Connected to target on host '127.0.0.1' and port '3121'.
13:26:39 INFO  : Jtag cable 'Digilent JTAG-HS2 201706300081' is selected.
13:26:39 INFO  : 'jtag frequency' command is executed.
13:26:39 INFO  : 'targets -set -filter {jtag_cable_name =~ "Digilent JTAG-HS2 201706300081" && level==0 && jtag_device_ctx=="jsn-JTAG-HS2-201706300081-13631093-0"}' command is executed.
13:26:43 INFO  : Device configured successfully with "E:/kevin/myCode/microBlaze100/vitisJson/syncMain/_ide/bitstream/download.bit"
13:26:43 INFO  : Context for processor 'microblaze_0' is selected.
13:26:43 INFO  : Hardware design and registers information is loaded from 'E:/kevin/myCode/microBlaze100/vitisJson/syncBlaze/export/syncBlaze/hw/design_1_wrapper.xsa'.
13:26:43 INFO  : 'configparams mdm-detect-bscan-mask 2' command is executed.
13:26:43 INFO  : Context for processor 'microblaze_0' is selected.
13:26:43 INFO  : System reset is completed.
13:26:46 INFO  : 'after 3000' command is executed.
13:26:46 INFO  : Context for processor 'microblaze_0' is selected.
13:26:46 INFO  : The application 'E:/kevin/myCode/microBlaze100/vitisJson/syncMain/Debug/syncMain.elf' is downloaded to processor 'microblaze_0'.
13:26:46 INFO  : ----------------XSDB Script----------------
connect -url tcp:127.0.0.1:3121
targets -set -filter {jtag_cable_name =~ "Digilent JTAG-HS2 201706300081" && level==0 && jtag_device_ctx=="jsn-JTAG-HS2-201706300081-13631093-0"}
fpga -file E:/kevin/myCode/microBlaze100/vitisJson/syncMain/_ide/bitstream/download.bit
targets -set -nocase -filter {name =~ "*microblaze*#0" && bscan=="USER2" }
loadhw -hw E:/kevin/myCode/microBlaze100/vitisJson/syncBlaze/export/syncBlaze/hw/design_1_wrapper.xsa -regs
configparams mdm-detect-bscan-mask 2
targets -set -nocase -filter {name =~ "*microblaze*#0" && bscan=="USER2" }
rst -system
after 3000
targets -set -nocase -filter {name =~ "*microblaze*#0" && bscan=="USER2" }
dow E:/kevin/myCode/microBlaze100/vitisJson/syncMain/Debug/syncMain.elf
----------------End of Script----------------

13:26:46 INFO  : Context for processor 'microblaze_0' is selected.
13:26:46 INFO  : 'con' command is executed.
13:26:46 INFO  : ----------------XSDB Script (After Launch)----------------
targets -set -nocase -filter {name =~ "*microblaze*#0" && bscan=="USER2" }
con
----------------End of Script----------------

13:26:46 INFO  : Launch script is exported to file 'E:\kevin\myCode\microBlaze100\vitisJson\syncMain_system\_ide\scripts\systemdebugger_syncmain_system_standalone.tcl'
14:07:19 INFO  : Disconnected from the channel tcfchan#4.
14:07:20 INFO  : Checking for BSP changes to sync application flags for project 'syncMain'...
14:07:36 INFO  : Checking for BSP changes to sync application flags for project 'syncMain'...
14:08:11 INFO  : Checking for BSP changes to sync application flags for project 'syncMain'...
14:08:48 INFO  : Bit file 'E:/kevin/myCode/microBlaze100/vitisJson/syncMain/_ide/bitstream/download.bit' is generated.
14:08:50 INFO  : Connected to target on host '127.0.0.1' and port '3121'.
14:08:50 INFO  : 'targets -set -filter {jtag_cable_name =~ "Digilent JTAG-HS2 201706300081" && level==0 && jtag_device_ctx=="jsn-JTAG-HS2-201706300081-13631093-0"}' command is executed.
14:08:53 INFO  : Device configured successfully with "E:/kevin/myCode/microBlaze100/vitisJson/syncMain/_ide/bitstream/download.bit"
14:09:28 INFO  : Connected to target on host '127.0.0.1' and port '3121'.
14:09:36 INFO  : Invoking Bootgen: bootgen -arch fpga -image E:/kevin/myCode/microBlaze100/vitisJson/syncMain_system/_ide/flash/bootimage.bif -w -o E:/kevin/myCode/microBlaze100/vitisJson/syncMain_system/_ide/flash/BOOT.bin  -interface spi
14:09:39 INFO  : Bootgen command execution is done.
14:12:33 INFO  : Checking for BSP changes to sync application flags for project 'syncMain'...
14:12:37 INFO  : Connected to target on host '127.0.0.1' and port '3121'.
14:12:38 INFO  : Jtag cable 'Digilent JTAG-HS2 201706300081' is selected.
14:12:38 INFO  : 'jtag frequency' command is executed.
14:12:38 INFO  : 'targets -set -filter {jtag_cable_name =~ "Digilent JTAG-HS2 201706300081" && level==0 && jtag_device_ctx=="jsn-JTAG-HS2-201706300081-13631093-0"}' command is executed.
14:12:41 INFO  : Device configured successfully with "E:/kevin/myCode/microBlaze100/vitisJson/syncMain/_ide/bitstream/download.bit"
14:12:41 INFO  : Context for processor 'microblaze_0' is selected.
14:12:41 INFO  : Hardware design and registers information is loaded from 'E:/kevin/myCode/microBlaze100/vitisJson/syncBlaze/export/syncBlaze/hw/design_1_wrapper.xsa'.
14:12:41 INFO  : 'configparams mdm-detect-bscan-mask 2' command is executed.
14:12:41 INFO  : Context for processor 'microblaze_0' is selected.
14:12:41 INFO  : System reset is completed.
14:12:44 INFO  : 'after 3000' command is executed.
14:12:44 INFO  : Context for processor 'microblaze_0' is selected.
14:12:44 INFO  : The application 'E:/kevin/myCode/microBlaze100/vitisJson/syncMain/Debug/syncMain.elf' is downloaded to processor 'microblaze_0'.
14:12:44 INFO  : ----------------XSDB Script----------------
connect -url tcp:127.0.0.1:3121
targets -set -filter {jtag_cable_name =~ "Digilent JTAG-HS2 201706300081" && level==0 && jtag_device_ctx=="jsn-JTAG-HS2-201706300081-13631093-0"}
fpga -file E:/kevin/myCode/microBlaze100/vitisJson/syncMain/_ide/bitstream/download.bit
targets -set -nocase -filter {name =~ "*microblaze*#0" && bscan=="USER2" }
loadhw -hw E:/kevin/myCode/microBlaze100/vitisJson/syncBlaze/export/syncBlaze/hw/design_1_wrapper.xsa -regs
configparams mdm-detect-bscan-mask 2
targets -set -nocase -filter {name =~ "*microblaze*#0" && bscan=="USER2" }
rst -system
after 3000
targets -set -nocase -filter {name =~ "*microblaze*#0" && bscan=="USER2" }
dow E:/kevin/myCode/microBlaze100/vitisJson/syncMain/Debug/syncMain.elf
----------------End of Script----------------

14:12:44 INFO  : Context for processor 'microblaze_0' is selected.
14:12:44 INFO  : 'con' command is executed.
14:12:44 INFO  : ----------------XSDB Script (After Launch)----------------
targets -set -nocase -filter {name =~ "*microblaze*#0" && bscan=="USER2" }
con
----------------End of Script----------------

14:12:44 INFO  : Launch script is exported to file 'E:\kevin\myCode\microBlaze100\vitisJson\syncMain_system\_ide\scripts\systemdebugger_syncmain_system_standalone.tcl'
14:14:11 INFO  : Disconnected from the channel tcfchan#5.
14:14:45 INFO  : Checking for BSP changes to sync application flags for project 'syncMain'...
14:14:54 INFO  : Connected to target on host '127.0.0.1' and port '3121'.
14:14:54 INFO  : Jtag cable 'Digilent JTAG-HS2 201706300081' is selected.
14:14:54 INFO  : 'jtag frequency' command is executed.
14:14:54 INFO  : 'targets -set -filter {jtag_cable_name =~ "Digilent JTAG-HS2 201706300081" && level==0 && jtag_device_ctx=="jsn-JTAG-HS2-201706300081-13631093-0"}' command is executed.
14:14:58 INFO  : Device configured successfully with "E:/kevin/myCode/microBlaze100/vitisJson/syncMain/_ide/bitstream/download.bit"
14:14:58 INFO  : Context for processor 'microblaze_0' is selected.
14:14:58 INFO  : Hardware design and registers information is loaded from 'E:/kevin/myCode/microBlaze100/vitisJson/syncBlaze/export/syncBlaze/hw/design_1_wrapper.xsa'.
14:14:58 INFO  : 'configparams mdm-detect-bscan-mask 2' command is executed.
14:14:58 INFO  : Context for processor 'microblaze_0' is selected.
14:14:58 INFO  : System reset is completed.
14:15:01 INFO  : 'after 3000' command is executed.
14:15:01 INFO  : Context for processor 'microblaze_0' is selected.
14:15:01 INFO  : The application 'E:/kevin/myCode/microBlaze100/vitisJson/syncMain/Debug/syncMain.elf' is downloaded to processor 'microblaze_0'.
14:15:01 INFO  : ----------------XSDB Script----------------
connect -url tcp:127.0.0.1:3121
targets -set -filter {jtag_cable_name =~ "Digilent JTAG-HS2 201706300081" && level==0 && jtag_device_ctx=="jsn-JTAG-HS2-201706300081-13631093-0"}
fpga -file E:/kevin/myCode/microBlaze100/vitisJson/syncMain/_ide/bitstream/download.bit
targets -set -nocase -filter {name =~ "*microblaze*#0" && bscan=="USER2" }
loadhw -hw E:/kevin/myCode/microBlaze100/vitisJson/syncBlaze/export/syncBlaze/hw/design_1_wrapper.xsa -regs
configparams mdm-detect-bscan-mask 2
targets -set -nocase -filter {name =~ "*microblaze*#0" && bscan=="USER2" }
rst -system
after 3000
targets -set -nocase -filter {name =~ "*microblaze*#0" && bscan=="USER2" }
dow E:/kevin/myCode/microBlaze100/vitisJson/syncMain/Debug/syncMain.elf
----------------End of Script----------------

14:15:01 INFO  : Context for processor 'microblaze_0' is selected.
14:15:01 INFO  : 'con' command is executed.
14:15:01 INFO  : ----------------XSDB Script (After Launch)----------------
targets -set -nocase -filter {name =~ "*microblaze*#0" && bscan=="USER2" }
con
----------------End of Script----------------

14:15:01 INFO  : Launch script is exported to file 'E:\kevin\myCode\microBlaze100\vitisJson\syncMain_system\_ide\scripts\systemdebugger_syncmain_system_standalone.tcl'
14:26:21 INFO  : Disconnected from the channel tcfchan#6.
14:26:22 INFO  : Checking for BSP changes to sync application flags for project 'syncMain'...
14:26:27 INFO  : Connected to target on host '127.0.0.1' and port '3121'.
14:26:27 INFO  : Jtag cable 'Digilent JTAG-HS2 201706300081' is selected.
14:26:27 INFO  : 'jtag frequency' command is executed.
14:26:27 INFO  : 'targets -set -filter {jtag_cable_name =~ "Digilent JTAG-HS2 201706300081" && level==0 && jtag_device_ctx=="jsn-JTAG-HS2-201706300081-13631093-0"}' command is executed.
14:26:30 INFO  : Device configured successfully with "E:/kevin/myCode/microBlaze100/vitisJson/syncMain/_ide/bitstream/download.bit"
14:26:30 INFO  : Context for processor 'microblaze_0' is selected.
14:26:30 INFO  : Hardware design and registers information is loaded from 'E:/kevin/myCode/microBlaze100/vitisJson/syncBlaze/export/syncBlaze/hw/design_1_wrapper.xsa'.
14:26:30 INFO  : 'configparams mdm-detect-bscan-mask 2' command is executed.
14:26:30 INFO  : Context for processor 'microblaze_0' is selected.
14:26:31 INFO  : System reset is completed.
14:26:34 INFO  : 'after 3000' command is executed.
14:26:34 INFO  : Context for processor 'microblaze_0' is selected.
14:26:34 INFO  : The application 'E:/kevin/myCode/microBlaze100/vitisJson/syncMain/Debug/syncMain.elf' is downloaded to processor 'microblaze_0'.
14:26:34 INFO  : ----------------XSDB Script----------------
connect -url tcp:127.0.0.1:3121
targets -set -filter {jtag_cable_name =~ "Digilent JTAG-HS2 201706300081" && level==0 && jtag_device_ctx=="jsn-JTAG-HS2-201706300081-13631093-0"}
fpga -file E:/kevin/myCode/microBlaze100/vitisJson/syncMain/_ide/bitstream/download.bit
targets -set -nocase -filter {name =~ "*microblaze*#0" && bscan=="USER2" }
loadhw -hw E:/kevin/myCode/microBlaze100/vitisJson/syncBlaze/export/syncBlaze/hw/design_1_wrapper.xsa -regs
configparams mdm-detect-bscan-mask 2
targets -set -nocase -filter {name =~ "*microblaze*#0" && bscan=="USER2" }
rst -system
after 3000
targets -set -nocase -filter {name =~ "*microblaze*#0" && bscan=="USER2" }
dow E:/kevin/myCode/microBlaze100/vitisJson/syncMain/Debug/syncMain.elf
----------------End of Script----------------

14:26:34 INFO  : Context for processor 'microblaze_0' is selected.
14:26:34 INFO  : 'con' command is executed.
14:26:34 INFO  : ----------------XSDB Script (After Launch)----------------
targets -set -nocase -filter {name =~ "*microblaze*#0" && bscan=="USER2" }
con
----------------End of Script----------------

14:26:34 INFO  : Launch script is exported to file 'E:\kevin\myCode\microBlaze100\vitisJson\syncMain_system\_ide\scripts\systemdebugger_syncmain_system_standalone.tcl'
14:32:30 INFO  : Disconnected from the channel tcfchan#7.
14:32:31 INFO  : Checking for BSP changes to sync application flags for project 'syncMain'...
14:32:45 INFO  : Connected to target on host '127.0.0.1' and port '3121'.
14:32:45 INFO  : Jtag cable 'Digilent JTAG-HS2 201706300081' is selected.
14:32:45 INFO  : 'jtag frequency' command is executed.
14:32:45 INFO  : 'targets -set -filter {jtag_cable_name =~ "Digilent JTAG-HS2 201706300081" && level==0 && jtag_device_ctx=="jsn-JTAG-HS2-201706300081-13631093-0"}' command is executed.
14:32:48 INFO  : Device configured successfully with "E:/kevin/myCode/microBlaze100/vitisJson/syncMain/_ide/bitstream/download.bit"
14:32:48 INFO  : Context for processor 'microblaze_0' is selected.
14:32:48 INFO  : Hardware design and registers information is loaded from 'E:/kevin/myCode/microBlaze100/vitisJson/syncBlaze/export/syncBlaze/hw/design_1_wrapper.xsa'.
14:32:48 INFO  : 'configparams mdm-detect-bscan-mask 2' command is executed.
14:32:48 INFO  : Context for processor 'microblaze_0' is selected.
14:32:48 INFO  : System reset is completed.
14:32:51 INFO  : 'after 3000' command is executed.
14:32:51 INFO  : Context for processor 'microblaze_0' is selected.
14:32:52 INFO  : The application 'E:/kevin/myCode/microBlaze100/vitisJson/syncMain/Debug/syncMain.elf' is downloaded to processor 'microblaze_0'.
14:32:52 INFO  : ----------------XSDB Script----------------
connect -url tcp:127.0.0.1:3121
targets -set -filter {jtag_cable_name =~ "Digilent JTAG-HS2 201706300081" && level==0 && jtag_device_ctx=="jsn-JTAG-HS2-201706300081-13631093-0"}
fpga -file E:/kevin/myCode/microBlaze100/vitisJson/syncMain/_ide/bitstream/download.bit
targets -set -nocase -filter {name =~ "*microblaze*#0" && bscan=="USER2" }
loadhw -hw E:/kevin/myCode/microBlaze100/vitisJson/syncBlaze/export/syncBlaze/hw/design_1_wrapper.xsa -regs
configparams mdm-detect-bscan-mask 2
targets -set -nocase -filter {name =~ "*microblaze*#0" && bscan=="USER2" }
rst -system
after 3000
targets -set -nocase -filter {name =~ "*microblaze*#0" && bscan=="USER2" }
dow E:/kevin/myCode/microBlaze100/vitisJson/syncMain/Debug/syncMain.elf
----------------End of Script----------------

14:32:52 INFO  : Context for processor 'microblaze_0' is selected.
14:32:52 INFO  : 'con' command is executed.
14:32:52 INFO  : ----------------XSDB Script (After Launch)----------------
targets -set -nocase -filter {name =~ "*microblaze*#0" && bscan=="USER2" }
con
----------------End of Script----------------

14:32:52 INFO  : Launch script is exported to file 'E:\kevin\myCode\microBlaze100\vitisJson\syncMain_system\_ide\scripts\systemdebugger_syncmain_system_standalone.tcl'
14:35:52 INFO  : Checking for BSP changes to sync application flags for project 'syncMain'...
14:35:54 INFO  : Disconnected from the channel tcfchan#8.
14:36:21 INFO  : Bit file 'E:/kevin/myCode/microBlaze100/vitisJson/syncMain/_ide/bitstream/download.bit' is generated.
14:36:23 INFO  : Connected to target on host '127.0.0.1' and port '3121'.
14:36:23 INFO  : 'targets -set -filter {jtag_cable_name =~ "Digilent JTAG-HS2 201706300081" && level==0 && jtag_device_ctx=="jsn-JTAG-HS2-201706300081-13631093-0"}' command is executed.
14:36:26 INFO  : Device configured successfully with "E:/kevin/myCode/microBlaze100/vitisJson/syncMain/_ide/bitstream/download.bit"
14:36:54 INFO  : Connected to target on host '127.0.0.1' and port '3121'.
14:37:00 INFO  : Invoking Bootgen: bootgen -arch fpga -image E:/kevin/myCode/microBlaze100/vitisJson/syncMain_system/_ide/flash/bootimage.bif -w -o E:/kevin/myCode/microBlaze100/vitisJson/syncMain_system/_ide/flash/BOOT.bin  -interface spi
14:37:02 INFO  : Bootgen command execution is done.
14:41:18 INFO  : Checking for BSP changes to sync application flags for project 'syncMain'...
14:41:29 INFO  : Connected to target on host '127.0.0.1' and port '3121'.
14:41:29 INFO  : Jtag cable 'Digilent JTAG-HS2 201706300081' is selected.
14:41:29 INFO  : 'jtag frequency' command is executed.
14:41:29 INFO  : 'targets -set -filter {jtag_cable_name =~ "Digilent JTAG-HS2 201706300081" && level==0 && jtag_device_ctx=="jsn-JTAG-HS2-201706300081-13631093-0"}' command is executed.
14:41:32 INFO  : Device configured successfully with "E:/kevin/myCode/microBlaze100/vitisJson/syncMain/_ide/bitstream/download.bit"
14:41:32 INFO  : Context for processor 'microblaze_0' is selected.
14:41:32 INFO  : Hardware design and registers information is loaded from 'E:/kevin/myCode/microBlaze100/vitisJson/syncBlaze/export/syncBlaze/hw/design_1_wrapper.xsa'.
14:41:32 INFO  : 'configparams mdm-detect-bscan-mask 2' command is executed.
14:41:32 INFO  : Context for processor 'microblaze_0' is selected.
14:41:32 INFO  : System reset is completed.
14:41:35 INFO  : 'after 3000' command is executed.
14:41:35 INFO  : Context for processor 'microblaze_0' is selected.
14:41:35 INFO  : The application 'E:/kevin/myCode/microBlaze100/vitisJson/syncMain/Debug/syncMain.elf' is downloaded to processor 'microblaze_0'.
14:41:35 INFO  : ----------------XSDB Script----------------
connect -url tcp:127.0.0.1:3121
targets -set -filter {jtag_cable_name =~ "Digilent JTAG-HS2 201706300081" && level==0 && jtag_device_ctx=="jsn-JTAG-HS2-201706300081-13631093-0"}
fpga -file E:/kevin/myCode/microBlaze100/vitisJson/syncMain/_ide/bitstream/download.bit
targets -set -nocase -filter {name =~ "*microblaze*#0" && bscan=="USER2" }
loadhw -hw E:/kevin/myCode/microBlaze100/vitisJson/syncBlaze/export/syncBlaze/hw/design_1_wrapper.xsa -regs
configparams mdm-detect-bscan-mask 2
targets -set -nocase -filter {name =~ "*microblaze*#0" && bscan=="USER2" }
rst -system
after 3000
targets -set -nocase -filter {name =~ "*microblaze*#0" && bscan=="USER2" }
dow E:/kevin/myCode/microBlaze100/vitisJson/syncMain/Debug/syncMain.elf
----------------End of Script----------------

14:41:36 INFO  : Context for processor 'microblaze_0' is selected.
14:41:36 INFO  : 'con' command is executed.
14:41:36 INFO  : ----------------XSDB Script (After Launch)----------------
targets -set -nocase -filter {name =~ "*microblaze*#0" && bscan=="USER2" }
con
----------------End of Script----------------

14:41:36 INFO  : Launch script is exported to file 'E:\kevin\myCode\microBlaze100\vitisJson\syncMain_system\_ide\scripts\systemdebugger_syncmain_system_standalone.tcl'
14:44:02 INFO  : Checking for BSP changes to sync application flags for project 'syncMain'...
14:44:43 INFO  : Disconnected from the channel tcfchan#9.
14:44:44 INFO  : Checking for BSP changes to sync application flags for project 'syncMain'...
14:44:49 INFO  : Connected to target on host '127.0.0.1' and port '3121'.
14:44:49 INFO  : Jtag cable 'Digilent JTAG-HS2 201706300081' is selected.
14:44:49 INFO  : 'jtag frequency' command is executed.
14:44:49 INFO  : 'targets -set -filter {jtag_cable_name =~ "Digilent JTAG-HS2 201706300081" && level==0 && jtag_device_ctx=="jsn-JTAG-HS2-201706300081-13631093-0"}' command is executed.
14:44:52 INFO  : Device configured successfully with "E:/kevin/myCode/microBlaze100/vitisJson/syncMain/_ide/bitstream/download.bit"
14:44:52 INFO  : Context for processor 'microblaze_0' is selected.
14:44:52 INFO  : Hardware design and registers information is loaded from 'E:/kevin/myCode/microBlaze100/vitisJson/syncBlaze/export/syncBlaze/hw/design_1_wrapper.xsa'.
14:44:52 INFO  : 'configparams mdm-detect-bscan-mask 2' command is executed.
14:44:52 INFO  : Context for processor 'microblaze_0' is selected.
14:44:52 INFO  : System reset is completed.
14:44:55 INFO  : 'after 3000' command is executed.
14:44:55 INFO  : Context for processor 'microblaze_0' is selected.
14:44:56 INFO  : The application 'E:/kevin/myCode/microBlaze100/vitisJson/syncMain/Debug/syncMain.elf' is downloaded to processor 'microblaze_0'.
14:44:56 INFO  : ----------------XSDB Script----------------
connect -url tcp:127.0.0.1:3121
targets -set -filter {jtag_cable_name =~ "Digilent JTAG-HS2 201706300081" && level==0 && jtag_device_ctx=="jsn-JTAG-HS2-201706300081-13631093-0"}
fpga -file E:/kevin/myCode/microBlaze100/vitisJson/syncMain/_ide/bitstream/download.bit
targets -set -nocase -filter {name =~ "*microblaze*#0" && bscan=="USER2" }
loadhw -hw E:/kevin/myCode/microBlaze100/vitisJson/syncBlaze/export/syncBlaze/hw/design_1_wrapper.xsa -regs
configparams mdm-detect-bscan-mask 2
targets -set -nocase -filter {name =~ "*microblaze*#0" && bscan=="USER2" }
rst -system
after 3000
targets -set -nocase -filter {name =~ "*microblaze*#0" && bscan=="USER2" }
dow E:/kevin/myCode/microBlaze100/vitisJson/syncMain/Debug/syncMain.elf
----------------End of Script----------------

14:44:56 INFO  : Context for processor 'microblaze_0' is selected.
14:44:56 INFO  : 'con' command is executed.
14:44:56 INFO  : ----------------XSDB Script (After Launch)----------------
targets -set -nocase -filter {name =~ "*microblaze*#0" && bscan=="USER2" }
con
----------------End of Script----------------

14:44:56 INFO  : Launch script is exported to file 'E:\kevin\myCode\microBlaze100\vitisJson\syncMain_system\_ide\scripts\systemdebugger_syncmain_system_standalone.tcl'
14:48:33 INFO  : Disconnected from the channel tcfchan#10.
14:48:34 INFO  : Checking for BSP changes to sync application flags for project 'syncMain'...
14:48:49 INFO  : Connected to target on host '127.0.0.1' and port '3121'.
14:48:49 INFO  : Jtag cable 'Digilent JTAG-HS2 201706300081' is selected.
14:48:49 INFO  : 'jtag frequency' command is executed.
14:48:49 INFO  : 'targets -set -filter {jtag_cable_name =~ "Digilent JTAG-HS2 201706300081" && level==0 && jtag_device_ctx=="jsn-JTAG-HS2-201706300081-13631093-0"}' command is executed.
14:48:52 INFO  : Device configured successfully with "E:/kevin/myCode/microBlaze100/vitisJson/syncMain/_ide/bitstream/download.bit"
14:48:52 INFO  : Context for processor 'microblaze_0' is selected.
14:48:52 INFO  : Hardware design and registers information is loaded from 'E:/kevin/myCode/microBlaze100/vitisJson/syncBlaze/export/syncBlaze/hw/design_1_wrapper.xsa'.
14:48:52 INFO  : 'configparams mdm-detect-bscan-mask 2' command is executed.
14:48:52 INFO  : Context for processor 'microblaze_0' is selected.
14:48:52 INFO  : System reset is completed.
14:48:55 INFO  : 'after 3000' command is executed.
14:48:55 INFO  : Context for processor 'microblaze_0' is selected.
14:48:56 INFO  : The application 'E:/kevin/myCode/microBlaze100/vitisJson/syncMain/Debug/syncMain.elf' is downloaded to processor 'microblaze_0'.
14:48:56 INFO  : ----------------XSDB Script----------------
connect -url tcp:127.0.0.1:3121
targets -set -filter {jtag_cable_name =~ "Digilent JTAG-HS2 201706300081" && level==0 && jtag_device_ctx=="jsn-JTAG-HS2-201706300081-13631093-0"}
fpga -file E:/kevin/myCode/microBlaze100/vitisJson/syncMain/_ide/bitstream/download.bit
targets -set -nocase -filter {name =~ "*microblaze*#0" && bscan=="USER2" }
loadhw -hw E:/kevin/myCode/microBlaze100/vitisJson/syncBlaze/export/syncBlaze/hw/design_1_wrapper.xsa -regs
configparams mdm-detect-bscan-mask 2
targets -set -nocase -filter {name =~ "*microblaze*#0" && bscan=="USER2" }
rst -system
after 3000
targets -set -nocase -filter {name =~ "*microblaze*#0" && bscan=="USER2" }
dow E:/kevin/myCode/microBlaze100/vitisJson/syncMain/Debug/syncMain.elf
----------------End of Script----------------

14:48:57 INFO  : Context for processor 'microblaze_0' is selected.
14:48:57 INFO  : 'con' command is executed.
14:48:57 INFO  : ----------------XSDB Script (After Launch)----------------
targets -set -nocase -filter {name =~ "*microblaze*#0" && bscan=="USER2" }
con
----------------End of Script----------------

14:48:57 INFO  : Launch script is exported to file 'E:\kevin\myCode\microBlaze100\vitisJson\syncMain_system\_ide\scripts\systemdebugger_syncmain_system_standalone.tcl'
14:53:44 INFO  : Checking for BSP changes to sync application flags for project 'syncMain'...
14:53:47 INFO  : Disconnected from the channel tcfchan#11.
14:53:48 INFO  : Connected to target on host '127.0.0.1' and port '3121'.
14:53:49 INFO  : Jtag cable 'Digilent JTAG-HS2 201706300081' is selected.
14:53:49 INFO  : 'jtag frequency' command is executed.
14:53:49 INFO  : 'targets -set -filter {jtag_cable_name =~ "Digilent JTAG-HS2 201706300081" && level==0 && jtag_device_ctx=="jsn-JTAG-HS2-201706300081-13631093-0"}' command is executed.
14:53:52 INFO  : Device configured successfully with "E:/kevin/myCode/microBlaze100/vitisJson/syncMain/_ide/bitstream/download.bit"
14:53:52 INFO  : Context for processor 'microblaze_0' is selected.
14:53:52 INFO  : Hardware design and registers information is loaded from 'E:/kevin/myCode/microBlaze100/vitisJson/syncBlaze/export/syncBlaze/hw/design_1_wrapper.xsa'.
14:53:52 INFO  : 'configparams mdm-detect-bscan-mask 2' command is executed.
14:53:52 INFO  : Context for processor 'microblaze_0' is selected.
14:53:52 INFO  : System reset is completed.
14:53:55 INFO  : 'after 3000' command is executed.
14:53:55 INFO  : Context for processor 'microblaze_0' is selected.
14:53:55 INFO  : The application 'E:/kevin/myCode/microBlaze100/vitisJson/syncMain/Debug/syncMain.elf' is downloaded to processor 'microblaze_0'.
14:53:55 INFO  : ----------------XSDB Script----------------
connect -url tcp:127.0.0.1:3121
targets -set -filter {jtag_cable_name =~ "Digilent JTAG-HS2 201706300081" && level==0 && jtag_device_ctx=="jsn-JTAG-HS2-201706300081-13631093-0"}
fpga -file E:/kevin/myCode/microBlaze100/vitisJson/syncMain/_ide/bitstream/download.bit
targets -set -nocase -filter {name =~ "*microblaze*#0" && bscan=="USER2" }
loadhw -hw E:/kevin/myCode/microBlaze100/vitisJson/syncBlaze/export/syncBlaze/hw/design_1_wrapper.xsa -regs
configparams mdm-detect-bscan-mask 2
targets -set -nocase -filter {name =~ "*microblaze*#0" && bscan=="USER2" }
rst -system
after 3000
targets -set -nocase -filter {name =~ "*microblaze*#0" && bscan=="USER2" }
dow E:/kevin/myCode/microBlaze100/vitisJson/syncMain/Debug/syncMain.elf
----------------End of Script----------------

14:53:55 INFO  : Context for processor 'microblaze_0' is selected.
14:53:55 INFO  : 'con' command is executed.
14:53:55 INFO  : ----------------XSDB Script (After Launch)----------------
targets -set -nocase -filter {name =~ "*microblaze*#0" && bscan=="USER2" }
con
----------------End of Script----------------

14:53:55 INFO  : Launch script is exported to file 'E:\kevin\myCode\microBlaze100\vitisJson\syncMain_system\_ide\scripts\systemdebugger_syncmain_system_standalone.tcl'
14:55:06 INFO  : Disconnected from the channel tcfchan#12.
14:55:07 INFO  : Checking for BSP changes to sync application flags for project 'syncMain'...
14:55:11 INFO  : Connected to target on host '127.0.0.1' and port '3121'.
14:55:11 INFO  : Jtag cable 'Digilent JTAG-HS2 201706300081' is selected.
14:55:11 INFO  : 'jtag frequency' command is executed.
14:55:11 INFO  : 'targets -set -filter {jtag_cable_name =~ "Digilent JTAG-HS2 201706300081" && level==0 && jtag_device_ctx=="jsn-JTAG-HS2-201706300081-13631093-0"}' command is executed.
14:55:14 INFO  : Device configured successfully with "E:/kevin/myCode/microBlaze100/vitisJson/syncMain/_ide/bitstream/download.bit"
14:55:14 INFO  : Context for processor 'microblaze_0' is selected.
14:55:14 INFO  : Hardware design and registers information is loaded from 'E:/kevin/myCode/microBlaze100/vitisJson/syncBlaze/export/syncBlaze/hw/design_1_wrapper.xsa'.
14:55:14 INFO  : 'configparams mdm-detect-bscan-mask 2' command is executed.
14:55:14 INFO  : Context for processor 'microblaze_0' is selected.
14:55:14 INFO  : System reset is completed.
14:55:17 INFO  : 'after 3000' command is executed.
14:55:17 INFO  : Context for processor 'microblaze_0' is selected.
14:55:17 INFO  : The application 'E:/kevin/myCode/microBlaze100/vitisJson/syncMain/Debug/syncMain.elf' is downloaded to processor 'microblaze_0'.
14:55:17 INFO  : ----------------XSDB Script----------------
connect -url tcp:127.0.0.1:3121
targets -set -filter {jtag_cable_name =~ "Digilent JTAG-HS2 201706300081" && level==0 && jtag_device_ctx=="jsn-JTAG-HS2-201706300081-13631093-0"}
fpga -file E:/kevin/myCode/microBlaze100/vitisJson/syncMain/_ide/bitstream/download.bit
targets -set -nocase -filter {name =~ "*microblaze*#0" && bscan=="USER2" }
loadhw -hw E:/kevin/myCode/microBlaze100/vitisJson/syncBlaze/export/syncBlaze/hw/design_1_wrapper.xsa -regs
configparams mdm-detect-bscan-mask 2
targets -set -nocase -filter {name =~ "*microblaze*#0" && bscan=="USER2" }
rst -system
after 3000
targets -set -nocase -filter {name =~ "*microblaze*#0" && bscan=="USER2" }
dow E:/kevin/myCode/microBlaze100/vitisJson/syncMain/Debug/syncMain.elf
----------------End of Script----------------

14:55:18 INFO  : Context for processor 'microblaze_0' is selected.
14:55:18 INFO  : 'con' command is executed.
14:55:18 INFO  : ----------------XSDB Script (After Launch)----------------
targets -set -nocase -filter {name =~ "*microblaze*#0" && bscan=="USER2" }
con
----------------End of Script----------------

14:55:18 INFO  : Launch script is exported to file 'E:\kevin\myCode\microBlaze100\vitisJson\syncMain_system\_ide\scripts\systemdebugger_syncmain_system_standalone.tcl'
14:56:29 INFO  : Disconnected from the channel tcfchan#13.
14:56:30 INFO  : Checking for BSP changes to sync application flags for project 'syncMain'...
14:56:36 INFO  : Connected to target on host '127.0.0.1' and port '3121'.
14:56:36 INFO  : Jtag cable 'Digilent JTAG-HS2 201706300081' is selected.
14:56:36 INFO  : 'jtag frequency' command is executed.
14:56:36 INFO  : 'targets -set -filter {jtag_cable_name =~ "Digilent JTAG-HS2 201706300081" && level==0 && jtag_device_ctx=="jsn-JTAG-HS2-201706300081-13631093-0"}' command is executed.
14:56:39 INFO  : Device configured successfully with "E:/kevin/myCode/microBlaze100/vitisJson/syncMain/_ide/bitstream/download.bit"
14:56:39 INFO  : Context for processor 'microblaze_0' is selected.
14:56:39 INFO  : Hardware design and registers information is loaded from 'E:/kevin/myCode/microBlaze100/vitisJson/syncBlaze/export/syncBlaze/hw/design_1_wrapper.xsa'.
14:56:39 INFO  : 'configparams mdm-detect-bscan-mask 2' command is executed.
14:56:39 INFO  : Context for processor 'microblaze_0' is selected.
14:56:39 INFO  : System reset is completed.
14:56:42 INFO  : 'after 3000' command is executed.
14:56:42 INFO  : Context for processor 'microblaze_0' is selected.
14:56:43 INFO  : The application 'E:/kevin/myCode/microBlaze100/vitisJson/syncMain/Debug/syncMain.elf' is downloaded to processor 'microblaze_0'.
14:56:43 INFO  : ----------------XSDB Script----------------
connect -url tcp:127.0.0.1:3121
targets -set -filter {jtag_cable_name =~ "Digilent JTAG-HS2 201706300081" && level==0 && jtag_device_ctx=="jsn-JTAG-HS2-201706300081-13631093-0"}
fpga -file E:/kevin/myCode/microBlaze100/vitisJson/syncMain/_ide/bitstream/download.bit
targets -set -nocase -filter {name =~ "*microblaze*#0" && bscan=="USER2" }
loadhw -hw E:/kevin/myCode/microBlaze100/vitisJson/syncBlaze/export/syncBlaze/hw/design_1_wrapper.xsa -regs
configparams mdm-detect-bscan-mask 2
targets -set -nocase -filter {name =~ "*microblaze*#0" && bscan=="USER2" }
rst -system
after 3000
targets -set -nocase -filter {name =~ "*microblaze*#0" && bscan=="USER2" }
dow E:/kevin/myCode/microBlaze100/vitisJson/syncMain/Debug/syncMain.elf
----------------End of Script----------------

14:56:43 INFO  : Context for processor 'microblaze_0' is selected.
14:56:43 INFO  : 'con' command is executed.
14:56:43 INFO  : ----------------XSDB Script (After Launch)----------------
targets -set -nocase -filter {name =~ "*microblaze*#0" && bscan=="USER2" }
con
----------------End of Script----------------

14:56:43 INFO  : Launch script is exported to file 'E:\kevin\myCode\microBlaze100\vitisJson\syncMain_system\_ide\scripts\systemdebugger_syncmain_system_standalone.tcl'
14:57:36 INFO  : Disconnected from the channel tcfchan#14.
14:58:03 INFO  : Bit file 'E:/kevin/myCode/microBlaze100/vitisJson/syncMain/_ide/bitstream/download.bit' is generated.
14:58:05 INFO  : Connected to target on host '127.0.0.1' and port '3121'.
14:58:05 INFO  : 'targets -set -filter {jtag_cable_name =~ "Digilent JTAG-HS2 201706300081" && level==0 && jtag_device_ctx=="jsn-JTAG-HS2-201706300081-13631093-0"}' command is executed.
14:58:09 INFO  : Device configured successfully with "E:/kevin/myCode/microBlaze100/vitisJson/syncMain/_ide/bitstream/download.bit"
14:58:25 INFO  : Connected to target on host '127.0.0.1' and port '3121'.
14:58:27 INFO  : Invoking Bootgen: bootgen -arch fpga -image E:/kevin/myCode/microBlaze100/vitisJson/syncMain_system/_ide/flash/bootimage.bif -w -o E:/kevin/myCode/microBlaze100/vitisJson/syncMain_system/_ide/flash/BOOT.bin  -interface spi
14:58:29 INFO  : Bootgen command execution is done.
17:08:22 INFO  : Checking for BSP changes to sync application flags for project 'syncMain'...
17:08:25 INFO  : Connected to target on host '127.0.0.1' and port '3121'.
17:08:25 INFO  : Jtag cable 'Digilent JTAG-HS2 201706300081' is selected.
17:08:25 INFO  : 'jtag frequency' command is executed.
17:08:25 INFO  : 'targets -set -filter {jtag_cable_name =~ "Digilent JTAG-HS2 201706300081" && level==0 && jtag_device_ctx=="jsn-JTAG-HS2-201706300081-13631093-0"}' command is executed.
17:08:29 INFO  : Device configured successfully with "E:/kevin/myCode/microBlaze100/vitisJson/syncMain/_ide/bitstream/download.bit"
17:08:29 INFO  : Context for processor 'microblaze_0' is selected.
17:08:29 INFO  : Hardware design and registers information is loaded from 'E:/kevin/myCode/microBlaze100/vitisJson/syncBlaze/export/syncBlaze/hw/design_1_wrapper.xsa'.
17:08:29 INFO  : 'configparams mdm-detect-bscan-mask 2' command is executed.
17:08:29 INFO  : Context for processor 'microblaze_0' is selected.
17:08:29 INFO  : System reset is completed.
17:08:32 INFO  : 'after 3000' command is executed.
17:08:32 INFO  : Context for processor 'microblaze_0' is selected.
17:08:32 INFO  : The application 'E:/kevin/myCode/microBlaze100/vitisJson/syncMain/Debug/syncMain.elf' is downloaded to processor 'microblaze_0'.
17:08:32 INFO  : ----------------XSDB Script----------------
connect -url tcp:127.0.0.1:3121
targets -set -filter {jtag_cable_name =~ "Digilent JTAG-HS2 201706300081" && level==0 && jtag_device_ctx=="jsn-JTAG-HS2-201706300081-13631093-0"}
fpga -file E:/kevin/myCode/microBlaze100/vitisJson/syncMain/_ide/bitstream/download.bit
targets -set -nocase -filter {name =~ "*microblaze*#0" && bscan=="USER2" }
loadhw -hw E:/kevin/myCode/microBlaze100/vitisJson/syncBlaze/export/syncBlaze/hw/design_1_wrapper.xsa -regs
configparams mdm-detect-bscan-mask 2
targets -set -nocase -filter {name =~ "*microblaze*#0" && bscan=="USER2" }
rst -system
after 3000
targets -set -nocase -filter {name =~ "*microblaze*#0" && bscan=="USER2" }
dow E:/kevin/myCode/microBlaze100/vitisJson/syncMain/Debug/syncMain.elf
----------------End of Script----------------

17:08:32 INFO  : Context for processor 'microblaze_0' is selected.
17:08:32 INFO  : 'con' command is executed.
17:08:32 INFO  : ----------------XSDB Script (After Launch)----------------
targets -set -nocase -filter {name =~ "*microblaze*#0" && bscan=="USER2" }
con
----------------End of Script----------------

17:08:32 INFO  : Launch script is exported to file 'E:\kevin\myCode\microBlaze100\vitisJson\syncMain_system\_ide\scripts\systemdebugger_syncmain_system_standalone.tcl'
17:15:36 INFO  : Disconnected from the channel tcfchan#15.
17:15:36 INFO  : Checking for BSP changes to sync application flags for project 'syncMain'...
17:15:39 INFO  : Connected to target on host '127.0.0.1' and port '3121'.
17:15:39 INFO  : Jtag cable 'Digilent JTAG-HS2 201706300081' is selected.
17:15:39 INFO  : 'jtag frequency' command is executed.
17:15:39 INFO  : 'targets -set -filter {jtag_cable_name =~ "Digilent JTAG-HS2 201706300081" && level==0 && jtag_device_ctx=="jsn-JTAG-HS2-201706300081-13631093-0"}' command is executed.
17:15:42 INFO  : Device configured successfully with "E:/kevin/myCode/microBlaze100/vitisJson/syncMain/_ide/bitstream/download.bit"
17:15:42 INFO  : Context for processor 'microblaze_0' is selected.
17:15:42 INFO  : Hardware design and registers information is loaded from 'E:/kevin/myCode/microBlaze100/vitisJson/syncBlaze/export/syncBlaze/hw/design_1_wrapper.xsa'.
17:15:42 INFO  : 'configparams mdm-detect-bscan-mask 2' command is executed.
17:15:42 INFO  : Context for processor 'microblaze_0' is selected.
17:15:42 INFO  : System reset is completed.
17:15:45 INFO  : 'after 3000' command is executed.
17:15:45 INFO  : Context for processor 'microblaze_0' is selected.
17:15:46 INFO  : The application 'E:/kevin/myCode/microBlaze100/vitisJson/syncMain/Debug/syncMain.elf' is downloaded to processor 'microblaze_0'.
17:15:46 INFO  : ----------------XSDB Script----------------
connect -url tcp:127.0.0.1:3121
targets -set -filter {jtag_cable_name =~ "Digilent JTAG-HS2 201706300081" && level==0 && jtag_device_ctx=="jsn-JTAG-HS2-201706300081-13631093-0"}
fpga -file E:/kevin/myCode/microBlaze100/vitisJson/syncMain/_ide/bitstream/download.bit
targets -set -nocase -filter {name =~ "*microblaze*#0" && bscan=="USER2" }
loadhw -hw E:/kevin/myCode/microBlaze100/vitisJson/syncBlaze/export/syncBlaze/hw/design_1_wrapper.xsa -regs
configparams mdm-detect-bscan-mask 2
targets -set -nocase -filter {name =~ "*microblaze*#0" && bscan=="USER2" }
rst -system
after 3000
targets -set -nocase -filter {name =~ "*microblaze*#0" && bscan=="USER2" }
dow E:/kevin/myCode/microBlaze100/vitisJson/syncMain/Debug/syncMain.elf
----------------End of Script----------------

17:15:46 INFO  : Context for processor 'microblaze_0' is selected.
17:15:46 INFO  : 'con' command is executed.
17:15:46 INFO  : ----------------XSDB Script (After Launch)----------------
targets -set -nocase -filter {name =~ "*microblaze*#0" && bscan=="USER2" }
con
----------------End of Script----------------

17:15:46 INFO  : Launch script is exported to file 'E:\kevin\myCode\microBlaze100\vitisJson\syncMain_system\_ide\scripts\systemdebugger_syncmain_system_standalone.tcl'
17:22:00 INFO  : Disconnected from the channel tcfchan#16.
17:22:01 INFO  : Checking for BSP changes to sync application flags for project 'syncMain'...
17:22:05 INFO  : Connected to target on host '127.0.0.1' and port '3121'.
17:22:05 INFO  : Jtag cable 'Digilent JTAG-HS2 201706300081' is selected.
17:22:05 INFO  : 'jtag frequency' command is executed.
17:22:05 INFO  : 'targets -set -filter {jtag_cable_name =~ "Digilent JTAG-HS2 201706300081" && level==0 && jtag_device_ctx=="jsn-JTAG-HS2-201706300081-13631093-0"}' command is executed.
17:22:08 INFO  : Device configured successfully with "E:/kevin/myCode/microBlaze100/vitisJson/syncMain/_ide/bitstream/download.bit"
17:22:08 INFO  : Context for processor 'microblaze_0' is selected.
17:22:08 INFO  : Hardware design and registers information is loaded from 'E:/kevin/myCode/microBlaze100/vitisJson/syncBlaze/export/syncBlaze/hw/design_1_wrapper.xsa'.
17:22:08 INFO  : 'configparams mdm-detect-bscan-mask 2' command is executed.
17:22:08 INFO  : Context for processor 'microblaze_0' is selected.
17:22:08 INFO  : System reset is completed.
17:22:11 INFO  : 'after 3000' command is executed.
17:22:11 INFO  : Context for processor 'microblaze_0' is selected.
17:22:12 INFO  : The application 'E:/kevin/myCode/microBlaze100/vitisJson/syncMain/Debug/syncMain.elf' is downloaded to processor 'microblaze_0'.
17:22:12 INFO  : ----------------XSDB Script----------------
connect -url tcp:127.0.0.1:3121
targets -set -filter {jtag_cable_name =~ "Digilent JTAG-HS2 201706300081" && level==0 && jtag_device_ctx=="jsn-JTAG-HS2-201706300081-13631093-0"}
fpga -file E:/kevin/myCode/microBlaze100/vitisJson/syncMain/_ide/bitstream/download.bit
targets -set -nocase -filter {name =~ "*microblaze*#0" && bscan=="USER2" }
loadhw -hw E:/kevin/myCode/microBlaze100/vitisJson/syncBlaze/export/syncBlaze/hw/design_1_wrapper.xsa -regs
configparams mdm-detect-bscan-mask 2
targets -set -nocase -filter {name =~ "*microblaze*#0" && bscan=="USER2" }
rst -system
after 3000
targets -set -nocase -filter {name =~ "*microblaze*#0" && bscan=="USER2" }
dow E:/kevin/myCode/microBlaze100/vitisJson/syncMain/Debug/syncMain.elf
----------------End of Script----------------

17:22:12 INFO  : Context for processor 'microblaze_0' is selected.
17:22:12 INFO  : 'con' command is executed.
17:22:12 INFO  : ----------------XSDB Script (After Launch)----------------
targets -set -nocase -filter {name =~ "*microblaze*#0" && bscan=="USER2" }
con
----------------End of Script----------------

17:22:12 INFO  : Launch script is exported to file 'E:\kevin\myCode\microBlaze100\vitisJson\syncMain_system\_ide\scripts\systemdebugger_syncmain_system_standalone.tcl'
17:34:27 INFO  : Disconnected from the channel tcfchan#17.
17:34:29 INFO  : Checking for BSP changes to sync application flags for project 'syncMain'...
17:34:33 INFO  : Connected to target on host '127.0.0.1' and port '3121'.
17:34:33 INFO  : Jtag cable 'Digilent JTAG-HS2 201706300081' is selected.
17:34:33 INFO  : 'jtag frequency' command is executed.
17:34:33 INFO  : 'targets -set -filter {jtag_cable_name =~ "Digilent JTAG-HS2 201706300081" && level==0 && jtag_device_ctx=="jsn-JTAG-HS2-201706300081-13631093-0"}' command is executed.
17:34:36 INFO  : Device configured successfully with "E:/kevin/myCode/microBlaze100/vitisJson/syncMain/_ide/bitstream/download.bit"
17:34:36 INFO  : Context for processor 'microblaze_0' is selected.
17:34:37 INFO  : Hardware design and registers information is loaded from 'E:/kevin/myCode/microBlaze100/vitisJson/syncBlaze/export/syncBlaze/hw/design_1_wrapper.xsa'.
17:34:37 INFO  : 'configparams mdm-detect-bscan-mask 2' command is executed.
17:34:37 INFO  : Context for processor 'microblaze_0' is selected.
17:34:37 INFO  : System reset is completed.
17:34:40 INFO  : 'after 3000' command is executed.
17:34:40 INFO  : Context for processor 'microblaze_0' is selected.
17:34:40 INFO  : The application 'E:/kevin/myCode/microBlaze100/vitisJson/syncMain/Debug/syncMain.elf' is downloaded to processor 'microblaze_0'.
17:34:40 INFO  : ----------------XSDB Script----------------
connect -url tcp:127.0.0.1:3121
targets -set -filter {jtag_cable_name =~ "Digilent JTAG-HS2 201706300081" && level==0 && jtag_device_ctx=="jsn-JTAG-HS2-201706300081-13631093-0"}
fpga -file E:/kevin/myCode/microBlaze100/vitisJson/syncMain/_ide/bitstream/download.bit
targets -set -nocase -filter {name =~ "*microblaze*#0" && bscan=="USER2" }
loadhw -hw E:/kevin/myCode/microBlaze100/vitisJson/syncBlaze/export/syncBlaze/hw/design_1_wrapper.xsa -regs
configparams mdm-detect-bscan-mask 2
targets -set -nocase -filter {name =~ "*microblaze*#0" && bscan=="USER2" }
rst -system
after 3000
targets -set -nocase -filter {name =~ "*microblaze*#0" && bscan=="USER2" }
dow E:/kevin/myCode/microBlaze100/vitisJson/syncMain/Debug/syncMain.elf
----------------End of Script----------------

17:34:40 INFO  : Context for processor 'microblaze_0' is selected.
17:34:40 INFO  : 'con' command is executed.
17:34:40 INFO  : ----------------XSDB Script (After Launch)----------------
targets -set -nocase -filter {name =~ "*microblaze*#0" && bscan=="USER2" }
con
----------------End of Script----------------

17:34:40 INFO  : Launch script is exported to file 'E:\kevin\myCode\microBlaze100\vitisJson\syncMain_system\_ide\scripts\systemdebugger_syncmain_system_standalone.tcl'
17:38:14 INFO  : Checking for BSP changes to sync application flags for project 'syncMain'...
17:38:18 INFO  : Disconnected from the channel tcfchan#18.
17:39:58 INFO  : Connected to target on host '127.0.0.1' and port '3121'.
17:39:58 INFO  : Jtag cable 'Digilent JTAG-HS2 201706300081' is selected.
17:39:58 INFO  : 'jtag frequency' command is executed.
17:39:58 INFO  : 'targets -set -filter {jtag_cable_name =~ "Digilent JTAG-HS2 201706300081" && level==0 && jtag_device_ctx=="jsn-JTAG-HS2-201706300081-13631093-0"}' command is executed.
17:40:02 INFO  : Device configured successfully with "E:/kevin/myCode/microBlaze100/vitisJson/syncMain/_ide/bitstream/download.bit"
17:40:02 INFO  : Context for processor 'microblaze_0' is selected.
17:40:02 INFO  : Hardware design and registers information is loaded from 'E:/kevin/myCode/microBlaze100/vitisJson/syncBlaze/export/syncBlaze/hw/design_1_wrapper.xsa'.
17:40:02 INFO  : 'configparams mdm-detect-bscan-mask 2' command is executed.
17:40:02 INFO  : Context for processor 'microblaze_0' is selected.
17:40:02 INFO  : System reset is completed.
17:40:05 INFO  : 'after 3000' command is executed.
17:40:05 INFO  : Connected to target on host '127.0.0.1' and port '3121'.
17:40:05 INFO  : Context for processor 'microblaze_0' is selected.
17:40:05 INFO  : The application 'E:/kevin/myCode/microBlaze100/vitisJson/syncMain/Debug/syncMain.elf' is downloaded to processor 'microblaze_0'.
17:40:05 INFO  : ----------------XSDB Script----------------
connect -url tcp:127.0.0.1:3121
targets -set -filter {jtag_cable_name =~ "Digilent JTAG-HS2 201706300081" && level==0 && jtag_device_ctx=="jsn-JTAG-HS2-201706300081-13631093-0"}
fpga -file E:/kevin/myCode/microBlaze100/vitisJson/syncMain/_ide/bitstream/download.bit
targets -set -nocase -filter {name =~ "*microblaze*#0" && bscan=="USER2" }
loadhw -hw E:/kevin/myCode/microBlaze100/vitisJson/syncBlaze/export/syncBlaze/hw/design_1_wrapper.xsa -regs
configparams mdm-detect-bscan-mask 2
targets -set -nocase -filter {name =~ "*microblaze*#0" && bscan=="USER2" }
rst -system
after 3000
targets -set -nocase -filter {name =~ "*microblaze*#0" && bscan=="USER2" }
dow E:/kevin/myCode/microBlaze100/vitisJson/syncMain/Debug/syncMain.elf
----------------End of Script----------------

17:40:05 INFO  : Context for processor 'microblaze_0' is selected.
17:40:05 INFO  : 'con' command is executed.
17:40:05 INFO  : ----------------XSDB Script (After Launch)----------------
targets -set -nocase -filter {name =~ "*microblaze*#0" && bscan=="USER2" }
con
----------------End of Script----------------

17:40:05 INFO  : Launch script is exported to file 'E:\kevin\myCode\microBlaze100\vitisJson\syncMain_system\_ide\scripts\systemdebugger_syncmain_system_standalone.tcl'
17:40:05 INFO  : Jtag cable 'Digilent JTAG-HS2 201706300081' is selected.
17:40:05 INFO  : 'jtag frequency' command is executed.
17:40:05 INFO  : 'targets -set -filter {jtag_cable_name =~ "Digilent JTAG-HS2 201706300081" && level==0 && jtag_device_ctx=="jsn-JTAG-HS2-201706300081-13631093-0"}' command is executed.
17:40:09 INFO  : Device configured successfully with "E:/kevin/myCode/microBlaze100/vitisJson/syncMain/_ide/bitstream/download.bit"
17:40:09 INFO  : Context for processor 'microblaze_0' is selected.
17:40:09 INFO  : Hardware design and registers information is loaded from 'E:/kevin/myCode/microBlaze100/vitisJson/syncBlaze/export/syncBlaze/hw/design_1_wrapper.xsa'.
17:40:09 INFO  : 'configparams mdm-detect-bscan-mask 2' command is executed.
17:40:09 INFO  : Context for processor 'microblaze_0' is selected.
17:40:09 INFO  : System reset is completed.
17:40:12 INFO  : 'after 3000' command is executed.
17:40:12 INFO  : Context for processor 'microblaze_0' is selected.
17:40:12 INFO  : The application 'E:/kevin/myCode/microBlaze100/vitisJson/syncMain/Debug/syncMain.elf' is downloaded to processor 'microblaze_0'.
17:40:12 INFO  : ----------------XSDB Script----------------
connect -url tcp:127.0.0.1:3121
targets -set -filter {jtag_cable_name =~ "Digilent JTAG-HS2 201706300081" && level==0 && jtag_device_ctx=="jsn-JTAG-HS2-201706300081-13631093-0"}
fpga -file E:/kevin/myCode/microBlaze100/vitisJson/syncMain/_ide/bitstream/download.bit
targets -set -nocase -filter {name =~ "*microblaze*#0" && bscan=="USER2" }
loadhw -hw E:/kevin/myCode/microBlaze100/vitisJson/syncBlaze/export/syncBlaze/hw/design_1_wrapper.xsa -regs
configparams mdm-detect-bscan-mask 2
targets -set -nocase -filter {name =~ "*microblaze*#0" && bscan=="USER2" }
rst -system
after 3000
targets -set -nocase -filter {name =~ "*microblaze*#0" && bscan=="USER2" }
dow E:/kevin/myCode/microBlaze100/vitisJson/syncMain/Debug/syncMain.elf
----------------End of Script----------------

17:40:12 INFO  : Context for processor 'microblaze_0' is selected.
17:40:12 INFO  : 'con' command is executed.
17:40:12 INFO  : ----------------XSDB Script (After Launch)----------------
targets -set -nocase -filter {name =~ "*microblaze*#0" && bscan=="USER2" }
con
----------------End of Script----------------

17:40:12 INFO  : Launch script is exported to file 'E:\kevin\myCode\microBlaze100\vitisJson\syncMain_system\_ide\scripts\systemdebugger_syncmain_system_standalone.tcl'
17:43:49 INFO  : Checking for BSP changes to sync application flags for project 'syncMain'...
17:43:51 INFO  : Disconnected from the channel tcfchan#19.
17:43:54 INFO  : Connected to target on host '127.0.0.1' and port '3121'.
17:43:56 INFO  : Jtag cable 'Digilent JTAG-HS2 201706300081' is selected.
17:43:56 INFO  : 'jtag frequency' command is executed.
17:43:56 INFO  : 'targets -set -filter {jtag_cable_name =~ "Digilent JTAG-HS2 201706300081" && level==0 && jtag_device_ctx=="jsn-JTAG-HS2-201706300081-13631093-0"}' command is executed.
17:43:59 INFO  : Device configured successfully with "E:/kevin/myCode/microBlaze100/vitisJson/syncMain/_ide/bitstream/download.bit"
17:43:59 INFO  : Context for processor 'microblaze_0' is selected.
17:43:59 INFO  : Hardware design and registers information is loaded from 'E:/kevin/myCode/microBlaze100/vitisJson/syncBlaze/export/syncBlaze/hw/design_1_wrapper.xsa'.
17:43:59 INFO  : 'configparams mdm-detect-bscan-mask 2' command is executed.
17:43:59 INFO  : Context for processor 'microblaze_0' is selected.
17:43:59 INFO  : System reset is completed.
17:44:02 INFO  : 'after 3000' command is executed.
17:44:02 INFO  : Context for processor 'microblaze_0' is selected.
17:44:02 INFO  : The application 'E:/kevin/myCode/microBlaze100/vitisJson/syncMain/Debug/syncMain.elf' is downloaded to processor 'microblaze_0'.
17:44:02 INFO  : ----------------XSDB Script----------------
connect -url tcp:127.0.0.1:3121
targets -set -filter {jtag_cable_name =~ "Digilent JTAG-HS2 201706300081" && level==0 && jtag_device_ctx=="jsn-JTAG-HS2-201706300081-13631093-0"}
fpga -file E:/kevin/myCode/microBlaze100/vitisJson/syncMain/_ide/bitstream/download.bit
targets -set -nocase -filter {name =~ "*microblaze*#0" && bscan=="USER2" }
loadhw -hw E:/kevin/myCode/microBlaze100/vitisJson/syncBlaze/export/syncBlaze/hw/design_1_wrapper.xsa -regs
configparams mdm-detect-bscan-mask 2
targets -set -nocase -filter {name =~ "*microblaze*#0" && bscan=="USER2" }
rst -system
after 3000
targets -set -nocase -filter {name =~ "*microblaze*#0" && bscan=="USER2" }
dow E:/kevin/myCode/microBlaze100/vitisJson/syncMain/Debug/syncMain.elf
----------------End of Script----------------

17:44:02 INFO  : Context for processor 'microblaze_0' is selected.
17:44:02 INFO  : 'con' command is executed.
17:44:02 INFO  : ----------------XSDB Script (After Launch)----------------
targets -set -nocase -filter {name =~ "*microblaze*#0" && bscan=="USER2" }
con
----------------End of Script----------------

17:44:02 INFO  : Launch script is exported to file 'E:\kevin\myCode\microBlaze100\vitisJson\syncMain_system\_ide\scripts\systemdebugger_syncmain_system_standalone.tcl'
17:45:46 INFO  : Disconnected from the channel tcfchan#20.
17:45:50 INFO  : Connected to target on host '127.0.0.1' and port '3121'.
17:45:51 INFO  : Jtag cable 'Digilent JTAG-HS2 201706300081' is selected.
17:45:51 INFO  : 'jtag frequency' command is executed.
17:45:51 INFO  : 'targets -set -filter {jtag_cable_name =~ "Digilent JTAG-HS2 201706300081" && level==0 && jtag_device_ctx=="jsn-JTAG-HS2-201706300081-13631093-0"}' command is executed.
17:45:54 INFO  : Device configured successfully with "E:/kevin/myCode/microBlaze100/vitisJson/syncMain/_ide/bitstream/download.bit"
17:45:54 INFO  : Context for processor 'microblaze_0' is selected.
17:45:54 INFO  : Hardware design and registers information is loaded from 'E:/kevin/myCode/microBlaze100/vitisJson/syncBlaze/export/syncBlaze/hw/design_1_wrapper.xsa'.
17:45:54 INFO  : 'configparams mdm-detect-bscan-mask 2' command is executed.
17:45:54 INFO  : Context for processor 'microblaze_0' is selected.
17:45:54 INFO  : System reset is completed.
17:45:57 INFO  : 'after 3000' command is executed.
17:45:57 INFO  : Context for processor 'microblaze_0' is selected.
17:45:57 INFO  : The application 'E:/kevin/myCode/microBlaze100/vitisJson/syncMain/Debug/syncMain.elf' is downloaded to processor 'microblaze_0'.
17:45:57 INFO  : ----------------XSDB Script----------------
connect -url tcp:127.0.0.1:3121
targets -set -filter {jtag_cable_name =~ "Digilent JTAG-HS2 201706300081" && level==0 && jtag_device_ctx=="jsn-JTAG-HS2-201706300081-13631093-0"}
fpga -file E:/kevin/myCode/microBlaze100/vitisJson/syncMain/_ide/bitstream/download.bit
targets -set -nocase -filter {name =~ "*microblaze*#0" && bscan=="USER2" }
loadhw -hw E:/kevin/myCode/microBlaze100/vitisJson/syncBlaze/export/syncBlaze/hw/design_1_wrapper.xsa -regs
configparams mdm-detect-bscan-mask 2
targets -set -nocase -filter {name =~ "*microblaze*#0" && bscan=="USER2" }
rst -system
after 3000
targets -set -nocase -filter {name =~ "*microblaze*#0" && bscan=="USER2" }
dow E:/kevin/myCode/microBlaze100/vitisJson/syncMain/Debug/syncMain.elf
----------------End of Script----------------

17:45:57 INFO  : Context for processor 'microblaze_0' is selected.
17:45:57 INFO  : 'con' command is executed.
17:45:57 INFO  : ----------------XSDB Script (After Launch)----------------
targets -set -nocase -filter {name =~ "*microblaze*#0" && bscan=="USER2" }
con
----------------End of Script----------------

17:45:57 INFO  : Launch script is exported to file 'E:\kevin\myCode\microBlaze100\vitisJson\syncMain_system\_ide\scripts\systemdebugger_syncmain_system_standalone.tcl'
17:47:41 INFO  : Disconnected from the channel tcfchan#21.
17:47:42 INFO  : Checking for BSP changes to sync application flags for project 'syncMain'...
17:47:51 INFO  : Connected to target on host '127.0.0.1' and port '3121'.
17:47:51 INFO  : Jtag cable 'Digilent JTAG-HS2 201706300081' is selected.
17:47:51 INFO  : 'jtag frequency' command is executed.
17:47:51 INFO  : 'targets -set -filter {jtag_cable_name =~ "Digilent JTAG-HS2 201706300081" && level==0 && jtag_device_ctx=="jsn-JTAG-HS2-201706300081-13631093-0"}' command is executed.
17:47:54 INFO  : Device configured successfully with "E:/kevin/myCode/microBlaze100/vitisJson/syncMain/_ide/bitstream/download.bit"
17:47:54 INFO  : Context for processor 'microblaze_0' is selected.
17:47:54 INFO  : Hardware design and registers information is loaded from 'E:/kevin/myCode/microBlaze100/vitisJson/syncBlaze/export/syncBlaze/hw/design_1_wrapper.xsa'.
17:47:54 INFO  : 'configparams mdm-detect-bscan-mask 2' command is executed.
17:47:54 INFO  : Context for processor 'microblaze_0' is selected.
17:47:54 INFO  : System reset is completed.
17:47:57 INFO  : 'after 3000' command is executed.
17:47:57 INFO  : Context for processor 'microblaze_0' is selected.
17:47:58 INFO  : The application 'E:/kevin/myCode/microBlaze100/vitisJson/syncMain/Debug/syncMain.elf' is downloaded to processor 'microblaze_0'.
17:47:58 INFO  : ----------------XSDB Script----------------
connect -url tcp:127.0.0.1:3121
targets -set -filter {jtag_cable_name =~ "Digilent JTAG-HS2 201706300081" && level==0 && jtag_device_ctx=="jsn-JTAG-HS2-201706300081-13631093-0"}
fpga -file E:/kevin/myCode/microBlaze100/vitisJson/syncMain/_ide/bitstream/download.bit
targets -set -nocase -filter {name =~ "*microblaze*#0" && bscan=="USER2" }
loadhw -hw E:/kevin/myCode/microBlaze100/vitisJson/syncBlaze/export/syncBlaze/hw/design_1_wrapper.xsa -regs
configparams mdm-detect-bscan-mask 2
targets -set -nocase -filter {name =~ "*microblaze*#0" && bscan=="USER2" }
rst -system
after 3000
targets -set -nocase -filter {name =~ "*microblaze*#0" && bscan=="USER2" }
dow E:/kevin/myCode/microBlaze100/vitisJson/syncMain/Debug/syncMain.elf
----------------End of Script----------------

17:47:58 INFO  : Context for processor 'microblaze_0' is selected.
17:47:58 INFO  : 'con' command is executed.
17:47:58 INFO  : ----------------XSDB Script (After Launch)----------------
targets -set -nocase -filter {name =~ "*microblaze*#0" && bscan=="USER2" }
con
----------------End of Script----------------

17:47:58 INFO  : Launch script is exported to file 'E:\kevin\myCode\microBlaze100\vitisJson\syncMain_system\_ide\scripts\systemdebugger_syncmain_system_standalone.tcl'
17:51:23 INFO  : Disconnected from the channel tcfchan#22.
17:51:25 INFO  : Checking for BSP changes to sync application flags for project 'syncMain'...
17:52:51 INFO  : Checking for BSP changes to sync application flags for project 'syncMain'...
17:52:55 INFO  : Connected to target on host '127.0.0.1' and port '3121'.
17:52:55 INFO  : Jtag cable 'Digilent JTAG-HS2 201706300081' is selected.
17:52:55 INFO  : 'jtag frequency' command is executed.
17:52:55 INFO  : 'targets -set -filter {jtag_cable_name =~ "Digilent JTAG-HS2 201706300081" && level==0 && jtag_device_ctx=="jsn-JTAG-HS2-201706300081-13631093-0"}' command is executed.
17:52:58 INFO  : Device configured successfully with "E:/kevin/myCode/microBlaze100/vitisJson/syncMain/_ide/bitstream/download.bit"
17:52:58 INFO  : Context for processor 'microblaze_0' is selected.
17:52:58 INFO  : Hardware design and registers information is loaded from 'E:/kevin/myCode/microBlaze100/vitisJson/syncBlaze/export/syncBlaze/hw/design_1_wrapper.xsa'.
17:52:58 INFO  : 'configparams mdm-detect-bscan-mask 2' command is executed.
17:52:58 INFO  : Context for processor 'microblaze_0' is selected.
17:52:58 INFO  : System reset is completed.
17:53:01 INFO  : 'after 3000' command is executed.
17:53:01 INFO  : Context for processor 'microblaze_0' is selected.
17:53:01 INFO  : The application 'E:/kevin/myCode/microBlaze100/vitisJson/syncMain/Debug/syncMain.elf' is downloaded to processor 'microblaze_0'.
17:53:01 INFO  : ----------------XSDB Script----------------
connect -url tcp:127.0.0.1:3121
targets -set -filter {jtag_cable_name =~ "Digilent JTAG-HS2 201706300081" && level==0 && jtag_device_ctx=="jsn-JTAG-HS2-201706300081-13631093-0"}
fpga -file E:/kevin/myCode/microBlaze100/vitisJson/syncMain/_ide/bitstream/download.bit
targets -set -nocase -filter {name =~ "*microblaze*#0" && bscan=="USER2" }
loadhw -hw E:/kevin/myCode/microBlaze100/vitisJson/syncBlaze/export/syncBlaze/hw/design_1_wrapper.xsa -regs
configparams mdm-detect-bscan-mask 2
targets -set -nocase -filter {name =~ "*microblaze*#0" && bscan=="USER2" }
rst -system
after 3000
targets -set -nocase -filter {name =~ "*microblaze*#0" && bscan=="USER2" }
dow E:/kevin/myCode/microBlaze100/vitisJson/syncMain/Debug/syncMain.elf
----------------End of Script----------------

17:53:02 INFO  : Context for processor 'microblaze_0' is selected.
17:53:02 INFO  : 'con' command is executed.
17:53:02 INFO  : ----------------XSDB Script (After Launch)----------------
targets -set -nocase -filter {name =~ "*microblaze*#0" && bscan=="USER2" }
con
----------------End of Script----------------

17:53:02 INFO  : Launch script is exported to file 'E:\kevin\myCode\microBlaze100\vitisJson\syncMain_system\_ide\scripts\systemdebugger_syncmain_system_standalone.tcl'
17:57:54 INFO  : Disconnected from the channel tcfchan#23.
17:57:55 INFO  : Checking for BSP changes to sync application flags for project 'syncMain'...
17:57:58 INFO  : Connected to target on host '127.0.0.1' and port '3121'.
17:57:58 INFO  : Jtag cable 'Digilent JTAG-HS2 201706300081' is selected.
17:57:58 INFO  : 'jtag frequency' command is executed.
17:57:58 INFO  : 'targets -set -filter {jtag_cable_name =~ "Digilent JTAG-HS2 201706300081" && level==0 && jtag_device_ctx=="jsn-JTAG-HS2-201706300081-13631093-0"}' command is executed.
17:58:01 INFO  : Device configured successfully with "E:/kevin/myCode/microBlaze100/vitisJson/syncMain/_ide/bitstream/download.bit"
17:58:01 INFO  : Context for processor 'microblaze_0' is selected.
17:58:01 INFO  : Hardware design and registers information is loaded from 'E:/kevin/myCode/microBlaze100/vitisJson/syncBlaze/export/syncBlaze/hw/design_1_wrapper.xsa'.
17:58:01 INFO  : 'configparams mdm-detect-bscan-mask 2' command is executed.
17:58:01 INFO  : Context for processor 'microblaze_0' is selected.
17:58:01 INFO  : System reset is completed.
17:58:04 INFO  : 'after 3000' command is executed.
17:58:04 INFO  : Context for processor 'microblaze_0' is selected.
17:58:04 INFO  : The application 'E:/kevin/myCode/microBlaze100/vitisJson/syncMain/Debug/syncMain.elf' is downloaded to processor 'microblaze_0'.
17:58:04 INFO  : ----------------XSDB Script----------------
connect -url tcp:127.0.0.1:3121
targets -set -filter {jtag_cable_name =~ "Digilent JTAG-HS2 201706300081" && level==0 && jtag_device_ctx=="jsn-JTAG-HS2-201706300081-13631093-0"}
fpga -file E:/kevin/myCode/microBlaze100/vitisJson/syncMain/_ide/bitstream/download.bit
targets -set -nocase -filter {name =~ "*microblaze*#0" && bscan=="USER2" }
loadhw -hw E:/kevin/myCode/microBlaze100/vitisJson/syncBlaze/export/syncBlaze/hw/design_1_wrapper.xsa -regs
configparams mdm-detect-bscan-mask 2
targets -set -nocase -filter {name =~ "*microblaze*#0" && bscan=="USER2" }
rst -system
after 3000
targets -set -nocase -filter {name =~ "*microblaze*#0" && bscan=="USER2" }
dow E:/kevin/myCode/microBlaze100/vitisJson/syncMain/Debug/syncMain.elf
----------------End of Script----------------

17:58:04 INFO  : Context for processor 'microblaze_0' is selected.
17:58:04 INFO  : 'con' command is executed.
17:58:04 INFO  : ----------------XSDB Script (After Launch)----------------
targets -set -nocase -filter {name =~ "*microblaze*#0" && bscan=="USER2" }
con
----------------End of Script----------------

17:58:04 INFO  : Launch script is exported to file 'E:\kevin\myCode\microBlaze100\vitisJson\syncMain_system\_ide\scripts\systemdebugger_syncmain_system_standalone.tcl'
17:59:47 INFO  : Disconnected from the channel tcfchan#24.
17:59:50 INFO  : Checking for BSP changes to sync application flags for project 'syncMain'...
17:59:54 INFO  : Connected to target on host '127.0.0.1' and port '3121'.
17:59:54 INFO  : Jtag cable 'Digilent JTAG-HS2 201706300081' is selected.
17:59:54 INFO  : 'jtag frequency' command is executed.
17:59:54 INFO  : 'targets -set -filter {jtag_cable_name =~ "Digilent JTAG-HS2 201706300081" && level==0 && jtag_device_ctx=="jsn-JTAG-HS2-201706300081-13631093-0"}' command is executed.
17:59:58 INFO  : Device configured successfully with "E:/kevin/myCode/microBlaze100/vitisJson/syncMain/_ide/bitstream/download.bit"
17:59:58 INFO  : Context for processor 'microblaze_0' is selected.
17:59:58 INFO  : Hardware design and registers information is loaded from 'E:/kevin/myCode/microBlaze100/vitisJson/syncBlaze/export/syncBlaze/hw/design_1_wrapper.xsa'.
17:59:58 INFO  : 'configparams mdm-detect-bscan-mask 2' command is executed.
17:59:58 INFO  : Context for processor 'microblaze_0' is selected.
17:59:58 INFO  : System reset is completed.
18:00:01 INFO  : 'after 3000' command is executed.
18:00:01 INFO  : Context for processor 'microblaze_0' is selected.
18:00:01 INFO  : The application 'E:/kevin/myCode/microBlaze100/vitisJson/syncMain/Debug/syncMain.elf' is downloaded to processor 'microblaze_0'.
18:00:01 INFO  : ----------------XSDB Script----------------
connect -url tcp:127.0.0.1:3121
targets -set -filter {jtag_cable_name =~ "Digilent JTAG-HS2 201706300081" && level==0 && jtag_device_ctx=="jsn-JTAG-HS2-201706300081-13631093-0"}
fpga -file E:/kevin/myCode/microBlaze100/vitisJson/syncMain/_ide/bitstream/download.bit
targets -set -nocase -filter {name =~ "*microblaze*#0" && bscan=="USER2" }
loadhw -hw E:/kevin/myCode/microBlaze100/vitisJson/syncBlaze/export/syncBlaze/hw/design_1_wrapper.xsa -regs
configparams mdm-detect-bscan-mask 2
targets -set -nocase -filter {name =~ "*microblaze*#0" && bscan=="USER2" }
rst -system
after 3000
targets -set -nocase -filter {name =~ "*microblaze*#0" && bscan=="USER2" }
dow E:/kevin/myCode/microBlaze100/vitisJson/syncMain/Debug/syncMain.elf
----------------End of Script----------------

18:00:01 INFO  : Context for processor 'microblaze_0' is selected.
18:00:01 INFO  : 'con' command is executed.
18:00:01 INFO  : ----------------XSDB Script (After Launch)----------------
targets -set -nocase -filter {name =~ "*microblaze*#0" && bscan=="USER2" }
con
----------------End of Script----------------

18:00:01 INFO  : Launch script is exported to file 'E:\kevin\myCode\microBlaze100\vitisJson\syncMain_system\_ide\scripts\systemdebugger_syncmain_system_standalone.tcl'
18:00:48 INFO  : Disconnected from the channel tcfchan#25.
18:00:49 INFO  : Checking for BSP changes to sync application flags for project 'syncMain'...
18:00:53 INFO  : Connected to target on host '127.0.0.1' and port '3121'.
18:00:53 INFO  : Jtag cable 'Digilent JTAG-HS2 201706300081' is selected.
18:00:53 INFO  : 'jtag frequency' command is executed.
18:00:53 INFO  : 'targets -set -filter {jtag_cable_name =~ "Digilent JTAG-HS2 201706300081" && level==0 && jtag_device_ctx=="jsn-JTAG-HS2-201706300081-13631093-0"}' command is executed.
18:00:56 INFO  : Device configured successfully with "E:/kevin/myCode/microBlaze100/vitisJson/syncMain/_ide/bitstream/download.bit"
18:00:56 INFO  : Context for processor 'microblaze_0' is selected.
18:00:56 INFO  : Hardware design and registers information is loaded from 'E:/kevin/myCode/microBlaze100/vitisJson/syncBlaze/export/syncBlaze/hw/design_1_wrapper.xsa'.
18:00:56 INFO  : 'configparams mdm-detect-bscan-mask 2' command is executed.
18:00:56 INFO  : Context for processor 'microblaze_0' is selected.
18:00:56 INFO  : System reset is completed.
18:00:59 INFO  : 'after 3000' command is executed.
18:00:59 INFO  : Context for processor 'microblaze_0' is selected.
18:01:00 INFO  : The application 'E:/kevin/myCode/microBlaze100/vitisJson/syncMain/Debug/syncMain.elf' is downloaded to processor 'microblaze_0'.
18:01:00 INFO  : ----------------XSDB Script----------------
connect -url tcp:127.0.0.1:3121
targets -set -filter {jtag_cable_name =~ "Digilent JTAG-HS2 201706300081" && level==0 && jtag_device_ctx=="jsn-JTAG-HS2-201706300081-13631093-0"}
fpga -file E:/kevin/myCode/microBlaze100/vitisJson/syncMain/_ide/bitstream/download.bit
targets -set -nocase -filter {name =~ "*microblaze*#0" && bscan=="USER2" }
loadhw -hw E:/kevin/myCode/microBlaze100/vitisJson/syncBlaze/export/syncBlaze/hw/design_1_wrapper.xsa -regs
configparams mdm-detect-bscan-mask 2
targets -set -nocase -filter {name =~ "*microblaze*#0" && bscan=="USER2" }
rst -system
after 3000
targets -set -nocase -filter {name =~ "*microblaze*#0" && bscan=="USER2" }
dow E:/kevin/myCode/microBlaze100/vitisJson/syncMain/Debug/syncMain.elf
----------------End of Script----------------

18:01:00 INFO  : Context for processor 'microblaze_0' is selected.
18:01:00 INFO  : 'con' command is executed.
18:01:00 INFO  : ----------------XSDB Script (After Launch)----------------
targets -set -nocase -filter {name =~ "*microblaze*#0" && bscan=="USER2" }
con
----------------End of Script----------------

18:01:00 INFO  : Launch script is exported to file 'E:\kevin\myCode\microBlaze100\vitisJson\syncMain_system\_ide\scripts\systemdebugger_syncmain_system_standalone.tcl'
18:08:51 INFO  : Disconnected from the channel tcfchan#26.
18:08:57 INFO  : Checking for BSP changes to sync application flags for project 'syncMain'...
18:09:01 INFO  : Connected to target on host '127.0.0.1' and port '3121'.
18:09:01 INFO  : Jtag cable 'Digilent JTAG-HS2 201706300081' is selected.
18:09:01 INFO  : 'jtag frequency' command is executed.
18:09:01 INFO  : 'targets -set -filter {jtag_cable_name =~ "Digilent JTAG-HS2 201706300081" && level==0 && jtag_device_ctx=="jsn-JTAG-HS2-201706300081-13631093-0"}' command is executed.
18:09:04 INFO  : Device configured successfully with "E:/kevin/myCode/microBlaze100/vitisJson/syncMain/_ide/bitstream/download.bit"
18:09:04 INFO  : Context for processor 'microblaze_0' is selected.
18:09:04 INFO  : Hardware design and registers information is loaded from 'E:/kevin/myCode/microBlaze100/vitisJson/syncBlaze/export/syncBlaze/hw/design_1_wrapper.xsa'.
18:09:04 INFO  : 'configparams mdm-detect-bscan-mask 2' command is executed.
18:09:04 INFO  : Context for processor 'microblaze_0' is selected.
18:09:04 INFO  : System reset is completed.
18:09:07 INFO  : 'after 3000' command is executed.
18:09:07 INFO  : Context for processor 'microblaze_0' is selected.
18:09:07 INFO  : The application 'E:/kevin/myCode/microBlaze100/vitisJson/syncMain/Debug/syncMain.elf' is downloaded to processor 'microblaze_0'.
18:09:07 INFO  : ----------------XSDB Script----------------
connect -url tcp:127.0.0.1:3121
targets -set -filter {jtag_cable_name =~ "Digilent JTAG-HS2 201706300081" && level==0 && jtag_device_ctx=="jsn-JTAG-HS2-201706300081-13631093-0"}
fpga -file E:/kevin/myCode/microBlaze100/vitisJson/syncMain/_ide/bitstream/download.bit
targets -set -nocase -filter {name =~ "*microblaze*#0" && bscan=="USER2" }
loadhw -hw E:/kevin/myCode/microBlaze100/vitisJson/syncBlaze/export/syncBlaze/hw/design_1_wrapper.xsa -regs
configparams mdm-detect-bscan-mask 2
targets -set -nocase -filter {name =~ "*microblaze*#0" && bscan=="USER2" }
rst -system
after 3000
targets -set -nocase -filter {name =~ "*microblaze*#0" && bscan=="USER2" }
dow E:/kevin/myCode/microBlaze100/vitisJson/syncMain/Debug/syncMain.elf
----------------End of Script----------------

18:09:07 INFO  : Context for processor 'microblaze_0' is selected.
18:09:07 INFO  : 'con' command is executed.
18:09:07 INFO  : ----------------XSDB Script (After Launch)----------------
targets -set -nocase -filter {name =~ "*microblaze*#0" && bscan=="USER2" }
con
----------------End of Script----------------

18:09:07 INFO  : Launch script is exported to file 'E:\kevin\myCode\microBlaze100\vitisJson\syncMain_system\_ide\scripts\systemdebugger_syncmain_system_standalone.tcl'
18:09:53 INFO  : Disconnected from the channel tcfchan#27.
18:09:54 INFO  : Checking for BSP changes to sync application flags for project 'syncMain'...
18:10:01 INFO  : Checking for BSP changes to sync application flags for project 'syncMain'...
18:10:08 INFO  : Connected to target on host '127.0.0.1' and port '3121'.
18:10:08 INFO  : Jtag cable 'Digilent JTAG-HS2 201706300081' is selected.
18:10:08 INFO  : 'jtag frequency' command is executed.
18:10:08 INFO  : 'targets -set -filter {jtag_cable_name =~ "Digilent JTAG-HS2 201706300081" && level==0 && jtag_device_ctx=="jsn-JTAG-HS2-201706300081-13631093-0"}' command is executed.
18:10:11 INFO  : Device configured successfully with "E:/kevin/myCode/microBlaze100/vitisJson/syncMain/_ide/bitstream/download.bit"
18:10:11 INFO  : Context for processor 'microblaze_0' is selected.
18:10:11 INFO  : Hardware design and registers information is loaded from 'E:/kevin/myCode/microBlaze100/vitisJson/syncBlaze/export/syncBlaze/hw/design_1_wrapper.xsa'.
18:10:11 INFO  : 'configparams mdm-detect-bscan-mask 2' command is executed.
18:10:11 INFO  : Context for processor 'microblaze_0' is selected.
18:10:11 INFO  : System reset is completed.
18:10:14 INFO  : 'after 3000' command is executed.
18:10:14 INFO  : Context for processor 'microblaze_0' is selected.
18:10:15 INFO  : The application 'E:/kevin/myCode/microBlaze100/vitisJson/syncMain/Debug/syncMain.elf' is downloaded to processor 'microblaze_0'.
18:10:15 INFO  : ----------------XSDB Script----------------
connect -url tcp:127.0.0.1:3121
targets -set -filter {jtag_cable_name =~ "Digilent JTAG-HS2 201706300081" && level==0 && jtag_device_ctx=="jsn-JTAG-HS2-201706300081-13631093-0"}
fpga -file E:/kevin/myCode/microBlaze100/vitisJson/syncMain/_ide/bitstream/download.bit
targets -set -nocase -filter {name =~ "*microblaze*#0" && bscan=="USER2" }
loadhw -hw E:/kevin/myCode/microBlaze100/vitisJson/syncBlaze/export/syncBlaze/hw/design_1_wrapper.xsa -regs
configparams mdm-detect-bscan-mask 2
targets -set -nocase -filter {name =~ "*microblaze*#0" && bscan=="USER2" }
rst -system
after 3000
targets -set -nocase -filter {name =~ "*microblaze*#0" && bscan=="USER2" }
dow E:/kevin/myCode/microBlaze100/vitisJson/syncMain/Debug/syncMain.elf
----------------End of Script----------------

18:10:15 INFO  : Context for processor 'microblaze_0' is selected.
18:10:15 INFO  : 'con' command is executed.
18:10:15 INFO  : ----------------XSDB Script (After Launch)----------------
targets -set -nocase -filter {name =~ "*microblaze*#0" && bscan=="USER2" }
con
----------------End of Script----------------

18:10:15 INFO  : Launch script is exported to file 'E:\kevin\myCode\microBlaze100\vitisJson\syncMain_system\_ide\scripts\systemdebugger_syncmain_system_standalone.tcl'
18:10:37 INFO  : Disconnected from the channel tcfchan#28.
18:10:38 INFO  : Checking for BSP changes to sync application flags for project 'syncMain'...
18:10:42 INFO  : Connected to target on host '127.0.0.1' and port '3121'.
18:10:42 INFO  : Jtag cable 'Digilent JTAG-HS2 201706300081' is selected.
18:10:42 INFO  : 'jtag frequency' command is executed.
18:10:43 INFO  : 'targets -set -filter {jtag_cable_name =~ "Digilent JTAG-HS2 201706300081" && level==0 && jtag_device_ctx=="jsn-JTAG-HS2-201706300081-13631093-0"}' command is executed.
18:10:46 INFO  : Device configured successfully with "E:/kevin/myCode/microBlaze100/vitisJson/syncMain/_ide/bitstream/download.bit"
18:10:46 INFO  : Context for processor 'microblaze_0' is selected.
18:10:46 INFO  : Hardware design and registers information is loaded from 'E:/kevin/myCode/microBlaze100/vitisJson/syncBlaze/export/syncBlaze/hw/design_1_wrapper.xsa'.
18:10:46 INFO  : 'configparams mdm-detect-bscan-mask 2' command is executed.
18:10:46 INFO  : Context for processor 'microblaze_0' is selected.
18:10:46 INFO  : System reset is completed.
18:10:49 INFO  : 'after 3000' command is executed.
18:10:49 INFO  : Context for processor 'microblaze_0' is selected.
18:10:49 INFO  : The application 'E:/kevin/myCode/microBlaze100/vitisJson/syncMain/Debug/syncMain.elf' is downloaded to processor 'microblaze_0'.
18:10:49 INFO  : ----------------XSDB Script----------------
connect -url tcp:127.0.0.1:3121
targets -set -filter {jtag_cable_name =~ "Digilent JTAG-HS2 201706300081" && level==0 && jtag_device_ctx=="jsn-JTAG-HS2-201706300081-13631093-0"}
fpga -file E:/kevin/myCode/microBlaze100/vitisJson/syncMain/_ide/bitstream/download.bit
targets -set -nocase -filter {name =~ "*microblaze*#0" && bscan=="USER2" }
loadhw -hw E:/kevin/myCode/microBlaze100/vitisJson/syncBlaze/export/syncBlaze/hw/design_1_wrapper.xsa -regs
configparams mdm-detect-bscan-mask 2
targets -set -nocase -filter {name =~ "*microblaze*#0" && bscan=="USER2" }
rst -system
after 3000
targets -set -nocase -filter {name =~ "*microblaze*#0" && bscan=="USER2" }
dow E:/kevin/myCode/microBlaze100/vitisJson/syncMain/Debug/syncMain.elf
----------------End of Script----------------

18:10:49 INFO  : Context for processor 'microblaze_0' is selected.
18:10:49 INFO  : 'con' command is executed.
18:10:49 INFO  : ----------------XSDB Script (After Launch)----------------
targets -set -nocase -filter {name =~ "*microblaze*#0" && bscan=="USER2" }
con
----------------End of Script----------------

18:10:49 INFO  : Launch script is exported to file 'E:\kevin\myCode\microBlaze100\vitisJson\syncMain_system\_ide\scripts\systemdebugger_syncmain_system_standalone.tcl'
18:12:48 INFO  : Disconnected from the channel tcfchan#29.
18:12:51 INFO  : Checking for BSP changes to sync application flags for project 'syncMain'...
18:12:54 INFO  : Connected to target on host '127.0.0.1' and port '3121'.
18:12:54 INFO  : Jtag cable 'Digilent JTAG-HS2 201706300081' is selected.
18:12:54 INFO  : 'jtag frequency' command is executed.
18:12:54 INFO  : 'targets -set -filter {jtag_cable_name =~ "Digilent JTAG-HS2 201706300081" && level==0 && jtag_device_ctx=="jsn-JTAG-HS2-201706300081-13631093-0"}' command is executed.
18:12:57 INFO  : Device configured successfully with "E:/kevin/myCode/microBlaze100/vitisJson/syncMain/_ide/bitstream/download.bit"
18:12:57 INFO  : Context for processor 'microblaze_0' is selected.
18:12:57 INFO  : Hardware design and registers information is loaded from 'E:/kevin/myCode/microBlaze100/vitisJson/syncBlaze/export/syncBlaze/hw/design_1_wrapper.xsa'.
18:12:57 INFO  : 'configparams mdm-detect-bscan-mask 2' command is executed.
18:12:57 INFO  : Context for processor 'microblaze_0' is selected.
18:12:57 INFO  : System reset is completed.
18:13:00 INFO  : 'after 3000' command is executed.
18:13:00 INFO  : Context for processor 'microblaze_0' is selected.
18:13:00 INFO  : The application 'E:/kevin/myCode/microBlaze100/vitisJson/syncMain/Debug/syncMain.elf' is downloaded to processor 'microblaze_0'.
18:13:00 INFO  : ----------------XSDB Script----------------
connect -url tcp:127.0.0.1:3121
targets -set -filter {jtag_cable_name =~ "Digilent JTAG-HS2 201706300081" && level==0 && jtag_device_ctx=="jsn-JTAG-HS2-201706300081-13631093-0"}
fpga -file E:/kevin/myCode/microBlaze100/vitisJson/syncMain/_ide/bitstream/download.bit
targets -set -nocase -filter {name =~ "*microblaze*#0" && bscan=="USER2" }
loadhw -hw E:/kevin/myCode/microBlaze100/vitisJson/syncBlaze/export/syncBlaze/hw/design_1_wrapper.xsa -regs
configparams mdm-detect-bscan-mask 2
targets -set -nocase -filter {name =~ "*microblaze*#0" && bscan=="USER2" }
rst -system
after 3000
targets -set -nocase -filter {name =~ "*microblaze*#0" && bscan=="USER2" }
dow E:/kevin/myCode/microBlaze100/vitisJson/syncMain/Debug/syncMain.elf
----------------End of Script----------------

18:13:00 INFO  : Context for processor 'microblaze_0' is selected.
18:13:00 INFO  : 'con' command is executed.
18:13:00 INFO  : ----------------XSDB Script (After Launch)----------------
targets -set -nocase -filter {name =~ "*microblaze*#0" && bscan=="USER2" }
con
----------------End of Script----------------

18:13:00 INFO  : Launch script is exported to file 'E:\kevin\myCode\microBlaze100\vitisJson\syncMain_system\_ide\scripts\systemdebugger_syncmain_system_standalone.tcl'
18:13:30 INFO  : Disconnected from the channel tcfchan#30.
18:13:31 INFO  : Connected to target on host '127.0.0.1' and port '3121'.
18:13:31 INFO  : Jtag cable 'Digilent JTAG-HS2 201706300081' is selected.
18:13:31 INFO  : 'jtag frequency' command is executed.
18:13:31 INFO  : 'targets -set -filter {jtag_cable_name =~ "Digilent JTAG-HS2 201706300081" && level==0 && jtag_device_ctx=="jsn-JTAG-HS2-201706300081-13631093-0"}' command is executed.
18:13:35 INFO  : Device configured successfully with "E:/kevin/myCode/microBlaze100/vitisJson/syncMain/_ide/bitstream/download.bit"
18:13:35 INFO  : Context for processor 'microblaze_0' is selected.
18:13:35 INFO  : Hardware design and registers information is loaded from 'E:/kevin/myCode/microBlaze100/vitisJson/syncBlaze/export/syncBlaze/hw/design_1_wrapper.xsa'.
18:13:35 INFO  : 'configparams mdm-detect-bscan-mask 2' command is executed.
18:13:35 INFO  : Context for processor 'microblaze_0' is selected.
18:13:35 INFO  : System reset is completed.
18:13:38 INFO  : 'after 3000' command is executed.
18:13:38 INFO  : Context for processor 'microblaze_0' is selected.
18:13:38 INFO  : The application 'E:/kevin/myCode/microBlaze100/vitisJson/syncMain/Debug/syncMain.elf' is downloaded to processor 'microblaze_0'.
18:13:38 INFO  : ----------------XSDB Script----------------
connect -url tcp:127.0.0.1:3121
targets -set -filter {jtag_cable_name =~ "Digilent JTAG-HS2 201706300081" && level==0 && jtag_device_ctx=="jsn-JTAG-HS2-201706300081-13631093-0"}
fpga -file E:/kevin/myCode/microBlaze100/vitisJson/syncMain/_ide/bitstream/download.bit
targets -set -nocase -filter {name =~ "*microblaze*#0" && bscan=="USER2" }
loadhw -hw E:/kevin/myCode/microBlaze100/vitisJson/syncBlaze/export/syncBlaze/hw/design_1_wrapper.xsa -regs
configparams mdm-detect-bscan-mask 2
targets -set -nocase -filter {name =~ "*microblaze*#0" && bscan=="USER2" }
rst -system
after 3000
targets -set -nocase -filter {name =~ "*microblaze*#0" && bscan=="USER2" }
dow E:/kevin/myCode/microBlaze100/vitisJson/syncMain/Debug/syncMain.elf
----------------End of Script----------------

18:13:38 INFO  : Context for processor 'microblaze_0' is selected.
18:13:38 INFO  : 'con' command is executed.
18:13:38 INFO  : ----------------XSDB Script (After Launch)----------------
targets -set -nocase -filter {name =~ "*microblaze*#0" && bscan=="USER2" }
con
----------------End of Script----------------

18:13:38 INFO  : Launch script is exported to file 'E:\kevin\myCode\microBlaze100\vitisJson\syncMain_system\_ide\scripts\systemdebugger_syncmain_system_standalone.tcl'
18:14:19 INFO  : Disconnected from the channel tcfchan#31.
18:14:25 INFO  : Connected to target on host '127.0.0.1' and port '3121'.
18:14:26 INFO  : Jtag cable 'Digilent JTAG-HS2 201706300081' is selected.
18:14:26 INFO  : 'jtag frequency' command is executed.
18:14:26 INFO  : 'targets -set -filter {jtag_cable_name =~ "Digilent JTAG-HS2 201706300081" && level==0 && jtag_device_ctx=="jsn-JTAG-HS2-201706300081-13631093-0"}' command is executed.
18:14:29 INFO  : Device configured successfully with "E:/kevin/myCode/microBlaze100/vitisJson/syncMain/_ide/bitstream/download.bit"
18:14:29 INFO  : Context for processor 'microblaze_0' is selected.
18:14:29 INFO  : Hardware design and registers information is loaded from 'E:/kevin/myCode/microBlaze100/vitisJson/syncBlaze/export/syncBlaze/hw/design_1_wrapper.xsa'.
18:14:29 INFO  : 'configparams mdm-detect-bscan-mask 2' command is executed.
18:14:29 INFO  : Context for processor 'microblaze_0' is selected.
18:14:29 INFO  : System reset is completed.
18:14:32 INFO  : 'after 3000' command is executed.
18:14:32 INFO  : Context for processor 'microblaze_0' is selected.
18:14:32 INFO  : The application 'E:/kevin/myCode/microBlaze100/vitisJson/syncMain/Debug/syncMain.elf' is downloaded to processor 'microblaze_0'.
18:14:32 INFO  : ----------------XSDB Script----------------
connect -url tcp:127.0.0.1:3121
targets -set -filter {jtag_cable_name =~ "Digilent JTAG-HS2 201706300081" && level==0 && jtag_device_ctx=="jsn-JTAG-HS2-201706300081-13631093-0"}
fpga -file E:/kevin/myCode/microBlaze100/vitisJson/syncMain/_ide/bitstream/download.bit
targets -set -nocase -filter {name =~ "*microblaze*#0" && bscan=="USER2" }
loadhw -hw E:/kevin/myCode/microBlaze100/vitisJson/syncBlaze/export/syncBlaze/hw/design_1_wrapper.xsa -regs
configparams mdm-detect-bscan-mask 2
targets -set -nocase -filter {name =~ "*microblaze*#0" && bscan=="USER2" }
rst -system
after 3000
targets -set -nocase -filter {name =~ "*microblaze*#0" && bscan=="USER2" }
dow E:/kevin/myCode/microBlaze100/vitisJson/syncMain/Debug/syncMain.elf
----------------End of Script----------------

18:14:32 INFO  : Context for processor 'microblaze_0' is selected.
18:14:32 INFO  : 'con' command is executed.
18:14:32 INFO  : ----------------XSDB Script (After Launch)----------------
targets -set -nocase -filter {name =~ "*microblaze*#0" && bscan=="USER2" }
con
----------------End of Script----------------

18:14:32 INFO  : Launch script is exported to file 'E:\kevin\myCode\microBlaze100\vitisJson\syncMain_system\_ide\scripts\systemdebugger_syncmain_system_standalone.tcl'
18:16:13 INFO  : Disconnected from the channel tcfchan#32.
18:16:16 INFO  : Connected to target on host '127.0.0.1' and port '3121'.
18:16:16 INFO  : Jtag cable 'Digilent JTAG-HS2 201706300081' is selected.
18:16:16 INFO  : 'jtag frequency' command is executed.
18:16:16 INFO  : 'targets -set -filter {jtag_cable_name =~ "Digilent JTAG-HS2 201706300081" && level==0 && jtag_device_ctx=="jsn-JTAG-HS2-201706300081-13631093-0"}' command is executed.
18:16:20 INFO  : Device configured successfully with "E:/kevin/myCode/microBlaze100/vitisJson/syncMain/_ide/bitstream/download.bit"
18:16:20 INFO  : Context for processor 'microblaze_0' is selected.
18:16:20 INFO  : Hardware design and registers information is loaded from 'E:/kevin/myCode/microBlaze100/vitisJson/syncBlaze/export/syncBlaze/hw/design_1_wrapper.xsa'.
18:16:20 INFO  : 'configparams mdm-detect-bscan-mask 2' command is executed.
18:16:20 INFO  : Context for processor 'microblaze_0' is selected.
18:16:20 INFO  : System reset is completed.
18:16:23 INFO  : 'after 3000' command is executed.
18:16:23 INFO  : Context for processor 'microblaze_0' is selected.
18:16:23 INFO  : The application 'E:/kevin/myCode/microBlaze100/vitisJson/syncMain/Debug/syncMain.elf' is downloaded to processor 'microblaze_0'.
18:16:23 INFO  : ----------------XSDB Script----------------
connect -url tcp:127.0.0.1:3121
targets -set -filter {jtag_cable_name =~ "Digilent JTAG-HS2 201706300081" && level==0 && jtag_device_ctx=="jsn-JTAG-HS2-201706300081-13631093-0"}
fpga -file E:/kevin/myCode/microBlaze100/vitisJson/syncMain/_ide/bitstream/download.bit
targets -set -nocase -filter {name =~ "*microblaze*#0" && bscan=="USER2" }
loadhw -hw E:/kevin/myCode/microBlaze100/vitisJson/syncBlaze/export/syncBlaze/hw/design_1_wrapper.xsa -regs
configparams mdm-detect-bscan-mask 2
targets -set -nocase -filter {name =~ "*microblaze*#0" && bscan=="USER2" }
rst -system
after 3000
targets -set -nocase -filter {name =~ "*microblaze*#0" && bscan=="USER2" }
dow E:/kevin/myCode/microBlaze100/vitisJson/syncMain/Debug/syncMain.elf
----------------End of Script----------------

18:16:23 INFO  : Context for processor 'microblaze_0' is selected.
18:16:23 INFO  : 'con' command is executed.
18:16:23 INFO  : ----------------XSDB Script (After Launch)----------------
targets -set -nocase -filter {name =~ "*microblaze*#0" && bscan=="USER2" }
con
----------------End of Script----------------

18:16:23 INFO  : Launch script is exported to file 'E:\kevin\myCode\microBlaze100\vitisJson\syncMain_system\_ide\scripts\systemdebugger_syncmain_system_standalone.tcl'
18:17:28 INFO  : Disconnected from the channel tcfchan#33.
18:17:30 INFO  : Connected to target on host '127.0.0.1' and port '3121'.
18:17:31 INFO  : Jtag cable 'Digilent JTAG-HS2 201706300081' is selected.
18:17:31 INFO  : 'jtag frequency' command is executed.
18:17:31 INFO  : 'targets -set -filter {jtag_cable_name =~ "Digilent JTAG-HS2 201706300081" && level==0 && jtag_device_ctx=="jsn-JTAG-HS2-201706300081-13631093-0"}' command is executed.
18:17:34 INFO  : Device configured successfully with "E:/kevin/myCode/microBlaze100/vitisJson/syncMain/_ide/bitstream/download.bit"
18:17:34 INFO  : Context for processor 'microblaze_0' is selected.
18:17:34 INFO  : Hardware design and registers information is loaded from 'E:/kevin/myCode/microBlaze100/vitisJson/syncBlaze/export/syncBlaze/hw/design_1_wrapper.xsa'.
18:17:34 INFO  : 'configparams mdm-detect-bscan-mask 2' command is executed.
18:17:34 INFO  : Context for processor 'microblaze_0' is selected.
18:17:34 INFO  : System reset is completed.
18:17:37 INFO  : 'after 3000' command is executed.
18:17:37 INFO  : Context for processor 'microblaze_0' is selected.
18:17:37 INFO  : The application 'E:/kevin/myCode/microBlaze100/vitisJson/syncMain/Debug/syncMain.elf' is downloaded to processor 'microblaze_0'.
18:17:37 INFO  : ----------------XSDB Script----------------
connect -url tcp:127.0.0.1:3121
targets -set -filter {jtag_cable_name =~ "Digilent JTAG-HS2 201706300081" && level==0 && jtag_device_ctx=="jsn-JTAG-HS2-201706300081-13631093-0"}
fpga -file E:/kevin/myCode/microBlaze100/vitisJson/syncMain/_ide/bitstream/download.bit
targets -set -nocase -filter {name =~ "*microblaze*#0" && bscan=="USER2" }
loadhw -hw E:/kevin/myCode/microBlaze100/vitisJson/syncBlaze/export/syncBlaze/hw/design_1_wrapper.xsa -regs
configparams mdm-detect-bscan-mask 2
targets -set -nocase -filter {name =~ "*microblaze*#0" && bscan=="USER2" }
rst -system
after 3000
targets -set -nocase -filter {name =~ "*microblaze*#0" && bscan=="USER2" }
dow E:/kevin/myCode/microBlaze100/vitisJson/syncMain/Debug/syncMain.elf
----------------End of Script----------------

18:17:37 INFO  : Context for processor 'microblaze_0' is selected.
18:17:37 INFO  : 'con' command is executed.
18:17:37 INFO  : ----------------XSDB Script (After Launch)----------------
targets -set -nocase -filter {name =~ "*microblaze*#0" && bscan=="USER2" }
con
----------------End of Script----------------

18:17:37 INFO  : Launch script is exported to file 'E:\kevin\myCode\microBlaze100\vitisJson\syncMain_system\_ide\scripts\systemdebugger_syncmain_system_standalone.tcl'
18:18:53 INFO  : Hardware specification for platform project 'syncBlaze' is updated.
18:19:08 INFO  : Result from executing command 'getProjects': syncBlaze
18:19:08 INFO  : Result from executing command 'getPlatforms': syncBlaze|E:/kevin/myCode/microBlaze100/vitisJson/syncBlaze/export/syncBlaze/syncBlaze.xpfm;xilinx_vck190_base_202220_1|D:/Xilinx202202/Vitis/2022.2/base_platforms/xilinx_vck190_base_202220_1/xilinx_vck190_base_202220_1.xpfm;xilinx_vck190_base_dfx_202220_1|D:/Xilinx202202/Vitis/2022.2/base_platforms/xilinx_vck190_base_dfx_202220_1/xilinx_vck190_base_dfx_202220_1.xpfm;xilinx_vmk180_base_202220_1|D:/Xilinx202202/Vitis/2022.2/base_platforms/xilinx_vmk180_base_202220_1/xilinx_vmk180_base_202220_1.xpfm;xilinx_zcu102_base_202220_1|D:/Xilinx202202/Vitis/2022.2/base_platforms/xilinx_zcu102_base_202220_1/xilinx_zcu102_base_202220_1.xpfm;xilinx_zcu102_base_dfx_202220_1|D:/Xilinx202202/Vitis/2022.2/base_platforms/xilinx_zcu102_base_dfx_202220_1/xilinx_zcu102_base_dfx_202220_1.xpfm;xilinx_zcu104_base_202220_1|D:/Xilinx202202/Vitis/2022.2/base_platforms/xilinx_zcu104_base_202220_1/xilinx_zcu104_base_202220_1.xpfm
18:19:13 INFO  : Checking for BSP changes to sync application flags for project 'syncMain'...
18:19:19 INFO  : Disconnected from the channel tcfchan#34.
18:19:20 INFO  : Connected to target on host '127.0.0.1' and port '3121'.
18:19:20 INFO  : Jtag cable 'Digilent JTAG-HS2 201706300081' is selected.
18:19:20 INFO  : 'jtag frequency' command is executed.
18:19:20 INFO  : 'targets -set -filter {jtag_cable_name =~ "Digilent JTAG-HS2 201706300081" && level==0 && jtag_device_ctx=="jsn-JTAG-HS2-201706300081-13631093-0"}' command is executed.
18:19:23 INFO  : Device configured successfully with "E:/kevin/myCode/microBlaze100/vitisJson/syncMain/_ide/bitstream/download.bit"
18:19:23 INFO  : Context for processor 'microblaze_0' is selected.
18:19:23 INFO  : Hardware design and registers information is loaded from 'E:/kevin/myCode/microBlaze100/vitisJson/syncBlaze/export/syncBlaze/hw/design_1_wrapper.xsa'.
18:19:23 INFO  : 'configparams mdm-detect-bscan-mask 2' command is executed.
18:19:23 INFO  : Context for processor 'microblaze_0' is selected.
18:19:23 INFO  : System reset is completed.
18:19:26 INFO  : 'after 3000' command is executed.
18:19:26 INFO  : Context for processor 'microblaze_0' is selected.
18:19:27 INFO  : The application 'E:/kevin/myCode/microBlaze100/vitisJson/syncMain/Debug/syncMain.elf' is downloaded to processor 'microblaze_0'.
18:19:27 INFO  : ----------------XSDB Script----------------
connect -url tcp:127.0.0.1:3121
targets -set -filter {jtag_cable_name =~ "Digilent JTAG-HS2 201706300081" && level==0 && jtag_device_ctx=="jsn-JTAG-HS2-201706300081-13631093-0"}
fpga -file E:/kevin/myCode/microBlaze100/vitisJson/syncMain/_ide/bitstream/download.bit
targets -set -nocase -filter {name =~ "*microblaze*#0" && bscan=="USER2" }
loadhw -hw E:/kevin/myCode/microBlaze100/vitisJson/syncBlaze/export/syncBlaze/hw/design_1_wrapper.xsa -regs
configparams mdm-detect-bscan-mask 2
targets -set -nocase -filter {name =~ "*microblaze*#0" && bscan=="USER2" }
rst -system
after 3000
targets -set -nocase -filter {name =~ "*microblaze*#0" && bscan=="USER2" }
dow E:/kevin/myCode/microBlaze100/vitisJson/syncMain/Debug/syncMain.elf
----------------End of Script----------------

18:19:27 INFO  : Context for processor 'microblaze_0' is selected.
18:19:27 INFO  : 'con' command is executed.
18:19:27 INFO  : ----------------XSDB Script (After Launch)----------------
targets -set -nocase -filter {name =~ "*microblaze*#0" && bscan=="USER2" }
con
----------------End of Script----------------

18:19:27 INFO  : Launch script is exported to file 'E:\kevin\myCode\microBlaze100\vitisJson\syncMain_system\_ide\scripts\systemdebugger_syncmain_system_standalone.tcl'
18:19:59 INFO  : Disconnected from the channel tcfchan#36.
18:20:01 INFO  : Checking for BSP changes to sync application flags for project 'syncMain'...
18:20:04 INFO  : Connected to target on host '127.0.0.1' and port '3121'.
18:20:04 INFO  : Jtag cable 'Digilent JTAG-HS2 201706300081' is selected.
18:20:04 INFO  : 'jtag frequency' command is executed.
18:20:04 INFO  : 'targets -set -filter {jtag_cable_name =~ "Digilent JTAG-HS2 201706300081" && level==0 && jtag_device_ctx=="jsn-JTAG-HS2-201706300081-13631093-0"}' command is executed.
18:20:07 INFO  : Device configured successfully with "E:/kevin/myCode/microBlaze100/vitisJson/syncMain/_ide/bitstream/download.bit"
18:20:07 INFO  : Context for processor 'microblaze_0' is selected.
18:20:07 INFO  : Hardware design and registers information is loaded from 'E:/kevin/myCode/microBlaze100/vitisJson/syncBlaze/export/syncBlaze/hw/design_1_wrapper.xsa'.
18:20:07 INFO  : 'configparams mdm-detect-bscan-mask 2' command is executed.
18:20:07 INFO  : Context for processor 'microblaze_0' is selected.
18:20:07 INFO  : System reset is completed.
18:20:10 INFO  : 'after 3000' command is executed.
18:20:10 INFO  : Context for processor 'microblaze_0' is selected.
18:20:11 INFO  : The application 'E:/kevin/myCode/microBlaze100/vitisJson/syncMain/Debug/syncMain.elf' is downloaded to processor 'microblaze_0'.
18:20:11 INFO  : ----------------XSDB Script----------------
connect -url tcp:127.0.0.1:3121
targets -set -filter {jtag_cable_name =~ "Digilent JTAG-HS2 201706300081" && level==0 && jtag_device_ctx=="jsn-JTAG-HS2-201706300081-13631093-0"}
fpga -file E:/kevin/myCode/microBlaze100/vitisJson/syncMain/_ide/bitstream/download.bit
targets -set -nocase -filter {name =~ "*microblaze*#0" && bscan=="USER2" }
loadhw -hw E:/kevin/myCode/microBlaze100/vitisJson/syncBlaze/export/syncBlaze/hw/design_1_wrapper.xsa -regs
configparams mdm-detect-bscan-mask 2
targets -set -nocase -filter {name =~ "*microblaze*#0" && bscan=="USER2" }
rst -system
after 3000
targets -set -nocase -filter {name =~ "*microblaze*#0" && bscan=="USER2" }
dow E:/kevin/myCode/microBlaze100/vitisJson/syncMain/Debug/syncMain.elf
----------------End of Script----------------

18:20:11 INFO  : Context for processor 'microblaze_0' is selected.
18:20:11 INFO  : 'con' command is executed.
18:20:11 INFO  : ----------------XSDB Script (After Launch)----------------
targets -set -nocase -filter {name =~ "*microblaze*#0" && bscan=="USER2" }
con
----------------End of Script----------------

18:20:11 INFO  : Launch script is exported to file 'E:\kevin\myCode\microBlaze100\vitisJson\syncMain_system\_ide\scripts\systemdebugger_syncmain_system_standalone.tcl'
18:22:04 INFO  : Disconnected from the channel tcfchan#37.
18:22:06 INFO  : Checking for BSP changes to sync application flags for project 'syncMain'...
18:22:09 INFO  : Connected to target on host '127.0.0.1' and port '3121'.
18:22:09 INFO  : Jtag cable 'Digilent JTAG-HS2 201706300081' is selected.
18:22:09 INFO  : 'jtag frequency' command is executed.
18:22:09 INFO  : 'targets -set -filter {jtag_cable_name =~ "Digilent JTAG-HS2 201706300081" && level==0 && jtag_device_ctx=="jsn-JTAG-HS2-201706300081-13631093-0"}' command is executed.
18:22:13 INFO  : Device configured successfully with "E:/kevin/myCode/microBlaze100/vitisJson/syncMain/_ide/bitstream/download.bit"
18:22:13 INFO  : Context for processor 'microblaze_0' is selected.
18:22:13 INFO  : Hardware design and registers information is loaded from 'E:/kevin/myCode/microBlaze100/vitisJson/syncBlaze/export/syncBlaze/hw/design_1_wrapper.xsa'.
18:22:13 INFO  : 'configparams mdm-detect-bscan-mask 2' command is executed.
18:22:13 INFO  : Context for processor 'microblaze_0' is selected.
18:22:13 INFO  : System reset is completed.
18:22:16 INFO  : 'after 3000' command is executed.
18:22:16 INFO  : Context for processor 'microblaze_0' is selected.
18:22:16 INFO  : The application 'E:/kevin/myCode/microBlaze100/vitisJson/syncMain/Debug/syncMain.elf' is downloaded to processor 'microblaze_0'.
18:22:16 INFO  : ----------------XSDB Script----------------
connect -url tcp:127.0.0.1:3121
targets -set -filter {jtag_cable_name =~ "Digilent JTAG-HS2 201706300081" && level==0 && jtag_device_ctx=="jsn-JTAG-HS2-201706300081-13631093-0"}
fpga -file E:/kevin/myCode/microBlaze100/vitisJson/syncMain/_ide/bitstream/download.bit
targets -set -nocase -filter {name =~ "*microblaze*#0" && bscan=="USER2" }
loadhw -hw E:/kevin/myCode/microBlaze100/vitisJson/syncBlaze/export/syncBlaze/hw/design_1_wrapper.xsa -regs
configparams mdm-detect-bscan-mask 2
targets -set -nocase -filter {name =~ "*microblaze*#0" && bscan=="USER2" }
rst -system
after 3000
targets -set -nocase -filter {name =~ "*microblaze*#0" && bscan=="USER2" }
dow E:/kevin/myCode/microBlaze100/vitisJson/syncMain/Debug/syncMain.elf
----------------End of Script----------------

18:22:16 INFO  : Context for processor 'microblaze_0' is selected.
18:22:16 INFO  : 'con' command is executed.
18:22:16 INFO  : ----------------XSDB Script (After Launch)----------------
targets -set -nocase -filter {name =~ "*microblaze*#0" && bscan=="USER2" }
con
----------------End of Script----------------

18:22:16 INFO  : Launch script is exported to file 'E:\kevin\myCode\microBlaze100\vitisJson\syncMain_system\_ide\scripts\systemdebugger_syncmain_system_standalone.tcl'
18:23:31 INFO  : Disconnected from the channel tcfchan#38.
18:23:32 INFO  : Checking for BSP changes to sync application flags for project 'syncMain'...
18:23:36 INFO  : Connected to target on host '127.0.0.1' and port '3121'.
18:23:36 INFO  : Jtag cable 'Digilent JTAG-HS2 201706300081' is selected.
18:23:36 INFO  : 'jtag frequency' command is executed.
18:23:36 INFO  : 'targets -set -filter {jtag_cable_name =~ "Digilent JTAG-HS2 201706300081" && level==0 && jtag_device_ctx=="jsn-JTAG-HS2-201706300081-13631093-0"}' command is executed.
18:23:40 INFO  : Device configured successfully with "E:/kevin/myCode/microBlaze100/vitisJson/syncMain/_ide/bitstream/download.bit"
18:23:40 INFO  : Context for processor 'microblaze_0' is selected.
18:23:40 INFO  : Hardware design and registers information is loaded from 'E:/kevin/myCode/microBlaze100/vitisJson/syncBlaze/export/syncBlaze/hw/design_1_wrapper.xsa'.
18:23:40 INFO  : 'configparams mdm-detect-bscan-mask 2' command is executed.
18:23:40 INFO  : Context for processor 'microblaze_0' is selected.
18:23:40 INFO  : System reset is completed.
18:23:43 INFO  : 'after 3000' command is executed.
18:23:43 INFO  : Context for processor 'microblaze_0' is selected.
18:23:43 INFO  : The application 'E:/kevin/myCode/microBlaze100/vitisJson/syncMain/Debug/syncMain.elf' is downloaded to processor 'microblaze_0'.
18:23:43 INFO  : ----------------XSDB Script----------------
connect -url tcp:127.0.0.1:3121
targets -set -filter {jtag_cable_name =~ "Digilent JTAG-HS2 201706300081" && level==0 && jtag_device_ctx=="jsn-JTAG-HS2-201706300081-13631093-0"}
fpga -file E:/kevin/myCode/microBlaze100/vitisJson/syncMain/_ide/bitstream/download.bit
targets -set -nocase -filter {name =~ "*microblaze*#0" && bscan=="USER2" }
loadhw -hw E:/kevin/myCode/microBlaze100/vitisJson/syncBlaze/export/syncBlaze/hw/design_1_wrapper.xsa -regs
configparams mdm-detect-bscan-mask 2
targets -set -nocase -filter {name =~ "*microblaze*#0" && bscan=="USER2" }
rst -system
after 3000
targets -set -nocase -filter {name =~ "*microblaze*#0" && bscan=="USER2" }
dow E:/kevin/myCode/microBlaze100/vitisJson/syncMain/Debug/syncMain.elf
----------------End of Script----------------

18:23:43 INFO  : Context for processor 'microblaze_0' is selected.
18:23:43 INFO  : 'con' command is executed.
18:23:43 INFO  : ----------------XSDB Script (After Launch)----------------
targets -set -nocase -filter {name =~ "*microblaze*#0" && bscan=="USER2" }
con
----------------End of Script----------------

18:23:43 INFO  : Launch script is exported to file 'E:\kevin\myCode\microBlaze100\vitisJson\syncMain_system\_ide\scripts\systemdebugger_syncmain_system_standalone.tcl'
18:26:31 INFO  : Disconnected from the channel tcfchan#39.
18:26:32 INFO  : Checking for BSP changes to sync application flags for project 'syncMain'...
18:26:35 INFO  : Connected to target on host '127.0.0.1' and port '3121'.
18:26:35 INFO  : Jtag cable 'Digilent JTAG-HS2 201706300081' is selected.
18:26:35 INFO  : 'jtag frequency' command is executed.
18:26:35 INFO  : 'targets -set -filter {jtag_cable_name =~ "Digilent JTAG-HS2 201706300081" && level==0 && jtag_device_ctx=="jsn-JTAG-HS2-201706300081-13631093-0"}' command is executed.
18:26:38 INFO  : Device configured successfully with "E:/kevin/myCode/microBlaze100/vitisJson/syncMain/_ide/bitstream/download.bit"
18:26:38 INFO  : Context for processor 'microblaze_0' is selected.
18:26:38 INFO  : Hardware design and registers information is loaded from 'E:/kevin/myCode/microBlaze100/vitisJson/syncBlaze/export/syncBlaze/hw/design_1_wrapper.xsa'.
18:26:38 INFO  : 'configparams mdm-detect-bscan-mask 2' command is executed.
18:26:38 INFO  : Context for processor 'microblaze_0' is selected.
18:26:38 INFO  : System reset is completed.
18:26:41 INFO  : 'after 3000' command is executed.
18:26:41 INFO  : Context for processor 'microblaze_0' is selected.
18:26:42 INFO  : The application 'E:/kevin/myCode/microBlaze100/vitisJson/syncMain/Debug/syncMain.elf' is downloaded to processor 'microblaze_0'.
18:26:42 INFO  : ----------------XSDB Script----------------
connect -url tcp:127.0.0.1:3121
targets -set -filter {jtag_cable_name =~ "Digilent JTAG-HS2 201706300081" && level==0 && jtag_device_ctx=="jsn-JTAG-HS2-201706300081-13631093-0"}
fpga -file E:/kevin/myCode/microBlaze100/vitisJson/syncMain/_ide/bitstream/download.bit
targets -set -nocase -filter {name =~ "*microblaze*#0" && bscan=="USER2" }
loadhw -hw E:/kevin/myCode/microBlaze100/vitisJson/syncBlaze/export/syncBlaze/hw/design_1_wrapper.xsa -regs
configparams mdm-detect-bscan-mask 2
targets -set -nocase -filter {name =~ "*microblaze*#0" && bscan=="USER2" }
rst -system
after 3000
targets -set -nocase -filter {name =~ "*microblaze*#0" && bscan=="USER2" }
dow E:/kevin/myCode/microBlaze100/vitisJson/syncMain/Debug/syncMain.elf
----------------End of Script----------------

18:26:42 INFO  : Context for processor 'microblaze_0' is selected.
18:26:42 INFO  : 'con' command is executed.
18:26:42 INFO  : ----------------XSDB Script (After Launch)----------------
targets -set -nocase -filter {name =~ "*microblaze*#0" && bscan=="USER2" }
con
----------------End of Script----------------

18:26:42 INFO  : Launch script is exported to file 'E:\kevin\myCode\microBlaze100\vitisJson\syncMain_system\_ide\scripts\systemdebugger_syncmain_system_standalone.tcl'
18:28:34 INFO  : Disconnected from the channel tcfchan#40.
18:28:36 INFO  : Checking for BSP changes to sync application flags for project 'syncMain'...
18:28:39 INFO  : Connected to target on host '127.0.0.1' and port '3121'.
18:28:39 INFO  : Jtag cable 'Digilent JTAG-HS2 201706300081' is selected.
18:28:39 INFO  : 'jtag frequency' command is executed.
18:28:39 INFO  : 'targets -set -filter {jtag_cable_name =~ "Digilent JTAG-HS2 201706300081" && level==0 && jtag_device_ctx=="jsn-JTAG-HS2-201706300081-13631093-0"}' command is executed.
18:28:42 INFO  : Device configured successfully with "E:/kevin/myCode/microBlaze100/vitisJson/syncMain/_ide/bitstream/download.bit"
18:28:42 INFO  : Context for processor 'microblaze_0' is selected.
18:28:42 INFO  : Hardware design and registers information is loaded from 'E:/kevin/myCode/microBlaze100/vitisJson/syncBlaze/export/syncBlaze/hw/design_1_wrapper.xsa'.
18:28:42 INFO  : 'configparams mdm-detect-bscan-mask 2' command is executed.
18:28:42 INFO  : Context for processor 'microblaze_0' is selected.
18:28:42 INFO  : System reset is completed.
18:28:45 INFO  : 'after 3000' command is executed.
18:28:45 INFO  : Context for processor 'microblaze_0' is selected.
18:28:46 INFO  : The application 'E:/kevin/myCode/microBlaze100/vitisJson/syncMain/Debug/syncMain.elf' is downloaded to processor 'microblaze_0'.
18:28:46 INFO  : ----------------XSDB Script----------------
connect -url tcp:127.0.0.1:3121
targets -set -filter {jtag_cable_name =~ "Digilent JTAG-HS2 201706300081" && level==0 && jtag_device_ctx=="jsn-JTAG-HS2-201706300081-13631093-0"}
fpga -file E:/kevin/myCode/microBlaze100/vitisJson/syncMain/_ide/bitstream/download.bit
targets -set -nocase -filter {name =~ "*microblaze*#0" && bscan=="USER2" }
loadhw -hw E:/kevin/myCode/microBlaze100/vitisJson/syncBlaze/export/syncBlaze/hw/design_1_wrapper.xsa -regs
configparams mdm-detect-bscan-mask 2
targets -set -nocase -filter {name =~ "*microblaze*#0" && bscan=="USER2" }
rst -system
after 3000
targets -set -nocase -filter {name =~ "*microblaze*#0" && bscan=="USER2" }
dow E:/kevin/myCode/microBlaze100/vitisJson/syncMain/Debug/syncMain.elf
----------------End of Script----------------

18:28:46 INFO  : Context for processor 'microblaze_0' is selected.
18:28:46 INFO  : 'con' command is executed.
18:28:46 INFO  : ----------------XSDB Script (After Launch)----------------
targets -set -nocase -filter {name =~ "*microblaze*#0" && bscan=="USER2" }
con
----------------End of Script----------------

18:28:46 INFO  : Launch script is exported to file 'E:\kevin\myCode\microBlaze100\vitisJson\syncMain_system\_ide\scripts\systemdebugger_syncmain_system_standalone.tcl'
18:29:30 INFO  : Disconnected from the channel tcfchan#41.
18:29:31 INFO  : Checking for BSP changes to sync application flags for project 'syncMain'...
18:29:34 INFO  : Connected to target on host '127.0.0.1' and port '3121'.
18:29:34 INFO  : Jtag cable 'Digilent JTAG-HS2 201706300081' is selected.
18:29:34 INFO  : 'jtag frequency' command is executed.
18:29:34 INFO  : 'targets -set -filter {jtag_cable_name =~ "Digilent JTAG-HS2 201706300081" && level==0 && jtag_device_ctx=="jsn-JTAG-HS2-201706300081-13631093-0"}' command is executed.
18:29:37 INFO  : Device configured successfully with "E:/kevin/myCode/microBlaze100/vitisJson/syncMain/_ide/bitstream/download.bit"
18:29:38 INFO  : Context for processor 'microblaze_0' is selected.
18:29:38 INFO  : Hardware design and registers information is loaded from 'E:/kevin/myCode/microBlaze100/vitisJson/syncBlaze/export/syncBlaze/hw/design_1_wrapper.xsa'.
18:29:38 INFO  : 'configparams mdm-detect-bscan-mask 2' command is executed.
18:29:38 INFO  : Context for processor 'microblaze_0' is selected.
18:29:38 INFO  : System reset is completed.
18:29:41 INFO  : 'after 3000' command is executed.
18:29:41 INFO  : Context for processor 'microblaze_0' is selected.
18:29:41 INFO  : The application 'E:/kevin/myCode/microBlaze100/vitisJson/syncMain/Debug/syncMain.elf' is downloaded to processor 'microblaze_0'.
18:29:41 INFO  : ----------------XSDB Script----------------
connect -url tcp:127.0.0.1:3121
targets -set -filter {jtag_cable_name =~ "Digilent JTAG-HS2 201706300081" && level==0 && jtag_device_ctx=="jsn-JTAG-HS2-201706300081-13631093-0"}
fpga -file E:/kevin/myCode/microBlaze100/vitisJson/syncMain/_ide/bitstream/download.bit
targets -set -nocase -filter {name =~ "*microblaze*#0" && bscan=="USER2" }
loadhw -hw E:/kevin/myCode/microBlaze100/vitisJson/syncBlaze/export/syncBlaze/hw/design_1_wrapper.xsa -regs
configparams mdm-detect-bscan-mask 2
targets -set -nocase -filter {name =~ "*microblaze*#0" && bscan=="USER2" }
rst -system
after 3000
targets -set -nocase -filter {name =~ "*microblaze*#0" && bscan=="USER2" }
dow E:/kevin/myCode/microBlaze100/vitisJson/syncMain/Debug/syncMain.elf
----------------End of Script----------------

18:29:41 INFO  : Context for processor 'microblaze_0' is selected.
18:29:41 INFO  : 'con' command is executed.
18:29:41 INFO  : ----------------XSDB Script (After Launch)----------------
targets -set -nocase -filter {name =~ "*microblaze*#0" && bscan=="USER2" }
con
----------------End of Script----------------

18:29:41 INFO  : Launch script is exported to file 'E:\kevin\myCode\microBlaze100\vitisJson\syncMain_system\_ide\scripts\systemdebugger_syncmain_system_standalone.tcl'
18:33:33 INFO  : Disconnected from the channel tcfchan#42.
18:33:34 INFO  : Connected to target on host '127.0.0.1' and port '3121'.
18:33:34 INFO  : Jtag cable 'Digilent JTAG-HS2 201706300081' is selected.
18:33:34 INFO  : 'jtag frequency' command is executed.
18:33:34 INFO  : 'targets -set -filter {jtag_cable_name =~ "Digilent JTAG-HS2 201706300081" && level==0 && jtag_device_ctx=="jsn-JTAG-HS2-201706300081-13631093-0"}' command is executed.
18:33:37 INFO  : Device configured successfully with "E:/kevin/myCode/microBlaze100/vitisJson/syncMain/_ide/bitstream/download.bit"
18:33:37 INFO  : Context for processor 'microblaze_0' is selected.
18:33:37 INFO  : Hardware design and registers information is loaded from 'E:/kevin/myCode/microBlaze100/vitisJson/syncBlaze/export/syncBlaze/hw/design_1_wrapper.xsa'.
18:33:37 INFO  : 'configparams mdm-detect-bscan-mask 2' command is executed.
18:33:37 INFO  : Context for processor 'microblaze_0' is selected.
18:33:37 INFO  : System reset is completed.
18:33:40 INFO  : 'after 3000' command is executed.
18:33:40 INFO  : Context for processor 'microblaze_0' is selected.
18:33:40 INFO  : The application 'E:/kevin/myCode/microBlaze100/vitisJson/syncMain/Debug/syncMain.elf' is downloaded to processor 'microblaze_0'.
18:33:40 INFO  : ----------------XSDB Script----------------
connect -url tcp:127.0.0.1:3121
targets -set -filter {jtag_cable_name =~ "Digilent JTAG-HS2 201706300081" && level==0 && jtag_device_ctx=="jsn-JTAG-HS2-201706300081-13631093-0"}
fpga -file E:/kevin/myCode/microBlaze100/vitisJson/syncMain/_ide/bitstream/download.bit
targets -set -nocase -filter {name =~ "*microblaze*#0" && bscan=="USER2" }
loadhw -hw E:/kevin/myCode/microBlaze100/vitisJson/syncBlaze/export/syncBlaze/hw/design_1_wrapper.xsa -regs
configparams mdm-detect-bscan-mask 2
targets -set -nocase -filter {name =~ "*microblaze*#0" && bscan=="USER2" }
rst -system
after 3000
targets -set -nocase -filter {name =~ "*microblaze*#0" && bscan=="USER2" }
dow E:/kevin/myCode/microBlaze100/vitisJson/syncMain/Debug/syncMain.elf
----------------End of Script----------------

18:33:40 INFO  : Context for processor 'microblaze_0' is selected.
18:33:40 INFO  : 'con' command is executed.
18:33:40 INFO  : ----------------XSDB Script (After Launch)----------------
targets -set -nocase -filter {name =~ "*microblaze*#0" && bscan=="USER2" }
con
----------------End of Script----------------

18:33:40 INFO  : Launch script is exported to file 'E:\kevin\myCode\microBlaze100\vitisJson\syncMain_system\_ide\scripts\systemdebugger_syncmain_system_standalone.tcl'
18:37:13 INFO  : Disconnected from the channel tcfchan#43.
18:37:16 INFO  : Checking for BSP changes to sync application flags for project 'syncMain'...
18:37:20 INFO  : Connected to target on host '127.0.0.1' and port '3121'.
18:37:21 INFO  : Jtag cable 'Digilent JTAG-HS2 201706300081' is selected.
18:37:21 INFO  : 'jtag frequency' command is executed.
18:37:21 INFO  : 'targets -set -filter {jtag_cable_name =~ "Digilent JTAG-HS2 201706300081" && level==0 && jtag_device_ctx=="jsn-JTAG-HS2-201706300081-13631093-0"}' command is executed.
18:37:24 INFO  : Device configured successfully with "E:/kevin/myCode/microBlaze100/vitisJson/syncMain/_ide/bitstream/download.bit"
18:37:24 INFO  : Context for processor 'microblaze_0' is selected.
18:37:24 INFO  : Hardware design and registers information is loaded from 'E:/kevin/myCode/microBlaze100/vitisJson/syncBlaze/export/syncBlaze/hw/design_1_wrapper.xsa'.
18:37:24 INFO  : 'configparams mdm-detect-bscan-mask 2' command is executed.
18:37:24 INFO  : Context for processor 'microblaze_0' is selected.
18:37:24 INFO  : System reset is completed.
18:37:27 INFO  : 'after 3000' command is executed.
18:37:27 INFO  : Context for processor 'microblaze_0' is selected.
18:37:27 INFO  : The application 'E:/kevin/myCode/microBlaze100/vitisJson/syncMain/Debug/syncMain.elf' is downloaded to processor 'microblaze_0'.
18:37:27 INFO  : ----------------XSDB Script----------------
connect -url tcp:127.0.0.1:3121
targets -set -filter {jtag_cable_name =~ "Digilent JTAG-HS2 201706300081" && level==0 && jtag_device_ctx=="jsn-JTAG-HS2-201706300081-13631093-0"}
fpga -file E:/kevin/myCode/microBlaze100/vitisJson/syncMain/_ide/bitstream/download.bit
targets -set -nocase -filter {name =~ "*microblaze*#0" && bscan=="USER2" }
loadhw -hw E:/kevin/myCode/microBlaze100/vitisJson/syncBlaze/export/syncBlaze/hw/design_1_wrapper.xsa -regs
configparams mdm-detect-bscan-mask 2
targets -set -nocase -filter {name =~ "*microblaze*#0" && bscan=="USER2" }
rst -system
after 3000
targets -set -nocase -filter {name =~ "*microblaze*#0" && bscan=="USER2" }
dow E:/kevin/myCode/microBlaze100/vitisJson/syncMain/Debug/syncMain.elf
----------------End of Script----------------

18:37:27 INFO  : Context for processor 'microblaze_0' is selected.
18:37:27 INFO  : 'con' command is executed.
18:37:27 INFO  : ----------------XSDB Script (After Launch)----------------
targets -set -nocase -filter {name =~ "*microblaze*#0" && bscan=="USER2" }
con
----------------End of Script----------------

18:37:27 INFO  : Launch script is exported to file 'E:\kevin\myCode\microBlaze100\vitisJson\syncMain_system\_ide\scripts\systemdebugger_syncmain_system_standalone.tcl'
18:38:31 INFO  : Checking for BSP changes to sync application flags for project 'syncMain'...
18:38:33 INFO  : Disconnected from the channel tcfchan#44.
18:38:34 INFO  : Connected to target on host '127.0.0.1' and port '3121'.
18:38:34 INFO  : Jtag cable 'Digilent JTAG-HS2 201706300081' is selected.
18:38:34 INFO  : 'jtag frequency' command is executed.
18:38:34 INFO  : 'targets -set -filter {jtag_cable_name =~ "Digilent JTAG-HS2 201706300081" && level==0 && jtag_device_ctx=="jsn-JTAG-HS2-201706300081-13631093-0"}' command is executed.
18:38:37 INFO  : Device configured successfully with "E:/kevin/myCode/microBlaze100/vitisJson/syncMain/_ide/bitstream/download.bit"
18:38:37 INFO  : Context for processor 'microblaze_0' is selected.
18:38:37 INFO  : Hardware design and registers information is loaded from 'E:/kevin/myCode/microBlaze100/vitisJson/syncBlaze/export/syncBlaze/hw/design_1_wrapper.xsa'.
18:38:37 INFO  : 'configparams mdm-detect-bscan-mask 2' command is executed.
18:38:37 INFO  : Context for processor 'microblaze_0' is selected.
18:38:37 INFO  : System reset is completed.
18:38:40 INFO  : 'after 3000' command is executed.
18:38:40 INFO  : Context for processor 'microblaze_0' is selected.
18:38:41 INFO  : The application 'E:/kevin/myCode/microBlaze100/vitisJson/syncMain/Debug/syncMain.elf' is downloaded to processor 'microblaze_0'.
18:38:41 INFO  : ----------------XSDB Script----------------
connect -url tcp:127.0.0.1:3121
targets -set -filter {jtag_cable_name =~ "Digilent JTAG-HS2 201706300081" && level==0 && jtag_device_ctx=="jsn-JTAG-HS2-201706300081-13631093-0"}
fpga -file E:/kevin/myCode/microBlaze100/vitisJson/syncMain/_ide/bitstream/download.bit
targets -set -nocase -filter {name =~ "*microblaze*#0" && bscan=="USER2" }
loadhw -hw E:/kevin/myCode/microBlaze100/vitisJson/syncBlaze/export/syncBlaze/hw/design_1_wrapper.xsa -regs
configparams mdm-detect-bscan-mask 2
targets -set -nocase -filter {name =~ "*microblaze*#0" && bscan=="USER2" }
rst -system
after 3000
targets -set -nocase -filter {name =~ "*microblaze*#0" && bscan=="USER2" }
dow E:/kevin/myCode/microBlaze100/vitisJson/syncMain/Debug/syncMain.elf
----------------End of Script----------------

18:38:41 INFO  : Context for processor 'microblaze_0' is selected.
18:38:41 INFO  : 'con' command is executed.
18:38:41 INFO  : ----------------XSDB Script (After Launch)----------------
targets -set -nocase -filter {name =~ "*microblaze*#0" && bscan=="USER2" }
con
----------------End of Script----------------

18:38:41 INFO  : Launch script is exported to file 'E:\kevin\myCode\microBlaze100\vitisJson\syncMain_system\_ide\scripts\systemdebugger_syncmain_system_standalone.tcl'
18:39:04 INFO  : Disconnected from the channel tcfchan#45.
18:39:07 INFO  : Connected to target on host '127.0.0.1' and port '3121'.
18:39:07 INFO  : Jtag cable 'Digilent JTAG-HS2 201706300081' is selected.
18:39:07 INFO  : 'jtag frequency' command is executed.
18:39:07 INFO  : 'targets -set -filter {jtag_cable_name =~ "Digilent JTAG-HS2 201706300081" && level==0 && jtag_device_ctx=="jsn-JTAG-HS2-201706300081-13631093-0"}' command is executed.
18:39:10 INFO  : Device configured successfully with "E:/kevin/myCode/microBlaze100/vitisJson/syncMain/_ide/bitstream/download.bit"
18:39:10 INFO  : Context for processor 'microblaze_0' is selected.
18:39:10 INFO  : Hardware design and registers information is loaded from 'E:/kevin/myCode/microBlaze100/vitisJson/syncBlaze/export/syncBlaze/hw/design_1_wrapper.xsa'.
18:39:10 INFO  : 'configparams mdm-detect-bscan-mask 2' command is executed.
18:39:10 INFO  : Context for processor 'microblaze_0' is selected.
18:39:10 INFO  : System reset is completed.
18:39:13 INFO  : 'after 3000' command is executed.
18:39:13 INFO  : Context for processor 'microblaze_0' is selected.
18:39:14 INFO  : The application 'E:/kevin/myCode/microBlaze100/vitisJson/syncMain/Debug/syncMain.elf' is downloaded to processor 'microblaze_0'.
18:39:14 INFO  : ----------------XSDB Script----------------
connect -url tcp:127.0.0.1:3121
targets -set -filter {jtag_cable_name =~ "Digilent JTAG-HS2 201706300081" && level==0 && jtag_device_ctx=="jsn-JTAG-HS2-201706300081-13631093-0"}
fpga -file E:/kevin/myCode/microBlaze100/vitisJson/syncMain/_ide/bitstream/download.bit
targets -set -nocase -filter {name =~ "*microblaze*#0" && bscan=="USER2" }
loadhw -hw E:/kevin/myCode/microBlaze100/vitisJson/syncBlaze/export/syncBlaze/hw/design_1_wrapper.xsa -regs
configparams mdm-detect-bscan-mask 2
targets -set -nocase -filter {name =~ "*microblaze*#0" && bscan=="USER2" }
rst -system
after 3000
targets -set -nocase -filter {name =~ "*microblaze*#0" && bscan=="USER2" }
dow E:/kevin/myCode/microBlaze100/vitisJson/syncMain/Debug/syncMain.elf
----------------End of Script----------------

18:39:14 INFO  : Context for processor 'microblaze_0' is selected.
18:39:14 INFO  : 'con' command is executed.
18:39:14 INFO  : ----------------XSDB Script (After Launch)----------------
targets -set -nocase -filter {name =~ "*microblaze*#0" && bscan=="USER2" }
con
----------------End of Script----------------

18:39:14 INFO  : Launch script is exported to file 'E:\kevin\myCode\microBlaze100\vitisJson\syncMain_system\_ide\scripts\systemdebugger_syncmain_system_standalone.tcl'
18:41:41 INFO  : Checking for BSP changes to sync application flags for project 'syncMain'...
18:41:57 INFO  : Checking for BSP changes to sync application flags for project 'syncMain'...
18:42:26 INFO  : Checking for BSP changes to sync application flags for project 'syncMain'...
18:42:44 INFO  : Disconnected from the channel tcfchan#46.
18:43:28 DEBUG : Logs will be stored at 'E:/kevin/myCode/microBlaze100/vitisJson/IDE.log'.
18:43:29 INFO  : Launching XSCT server: xsct.bat -n  -interactive E:\kevin\myCode\microBlaze100\vitisJson\temp_xsdb_launch_script.tcl
18:43:31 INFO  : XSCT server has started successfully.
18:43:31 INFO  : plnx-install-location is set to ''
18:43:31 INFO  : Successfully done setting XSCT server connection channel  
18:43:31 INFO  : Successfully done setting workspace for the tool. 
18:43:32 INFO  : Registering command handlers for Vitis TCF services
18:43:33 INFO  : Platform repository initialization has completed.
18:43:40 INFO  : Successfully done query RDI_DATADIR 
18:43:46 INFO  : Checking for BSP changes to sync application flags for project 'syncMain'...
18:43:54 INFO  : Connected to target on host '127.0.0.1' and port '3121'.
18:43:55 INFO  : Jtag cable 'Digilent JTAG-HS2 201706300081' is selected.
18:43:55 INFO  : 'jtag frequency' command is executed.
18:43:55 INFO  : 'targets -set -filter {jtag_cable_name =~ "Digilent JTAG-HS2 201706300081" && level==0 && jtag_device_ctx=="jsn-JTAG-HS2-201706300081-13631093-0"}' command is executed.
18:43:58 INFO  : Device configured successfully with "E:/kevin/myCode/microBlaze100/vitisJson/syncMain/_ide/bitstream/download.bit"
18:43:58 INFO  : Context for processor 'microblaze_0' is selected.
18:43:58 INFO  : Hardware design and registers information is loaded from 'E:/kevin/myCode/microBlaze100/vitisJson/syncBlaze/export/syncBlaze/hw/design_1_wrapper.xsa'.
18:43:58 INFO  : 'configparams mdm-detect-bscan-mask 2' command is executed.
18:43:58 INFO  : Context for processor 'microblaze_0' is selected.
18:43:58 INFO  : System reset is completed.
18:44:01 INFO  : 'after 3000' command is executed.
18:44:01 INFO  : Context for processor 'microblaze_0' is selected.
18:44:01 INFO  : The application 'E:/kevin/myCode/microBlaze100/vitisJson/syncMain/Debug/syncMain.elf' is downloaded to processor 'microblaze_0'.
18:44:01 INFO  : ----------------XSDB Script----------------
connect -url tcp:127.0.0.1:3121
targets -set -filter {jtag_cable_name =~ "Digilent JTAG-HS2 201706300081" && level==0 && jtag_device_ctx=="jsn-JTAG-HS2-201706300081-13631093-0"}
fpga -file E:/kevin/myCode/microBlaze100/vitisJson/syncMain/_ide/bitstream/download.bit
targets -set -nocase -filter {name =~ "*microblaze*#0" && bscan=="USER2" }
loadhw -hw E:/kevin/myCode/microBlaze100/vitisJson/syncBlaze/export/syncBlaze/hw/design_1_wrapper.xsa -regs
configparams mdm-detect-bscan-mask 2
targets -set -nocase -filter {name =~ "*microblaze*#0" && bscan=="USER2" }
rst -system
after 3000
targets -set -nocase -filter {name =~ "*microblaze*#0" && bscan=="USER2" }
dow E:/kevin/myCode/microBlaze100/vitisJson/syncMain/Debug/syncMain.elf
----------------End of Script----------------

18:44:01 INFO  : Context for processor 'microblaze_0' is selected.
18:44:01 INFO  : 'con' command is executed.
18:44:01 INFO  : ----------------XSDB Script (After Launch)----------------
targets -set -nocase -filter {name =~ "*microblaze*#0" && bscan=="USER2" }
con
----------------End of Script----------------

18:44:01 INFO  : Launch script is exported to file 'E:\kevin\myCode\microBlaze100\vitisJson\syncMain_system\_ide\scripts\systemdebugger_syncmain_system_standalone.tcl'
18:44:50 INFO  : Hardware specification for platform project 'syncBlaze' is updated.
18:45:01 INFO  : Result from executing command 'getProjects': syncBlaze
18:45:01 INFO  : Result from executing command 'getPlatforms': syncBlaze|E:/kevin/myCode/microBlaze100/vitisJson/syncBlaze/export/syncBlaze/syncBlaze.xpfm;xilinx_vck190_base_202220_1|D:/Xilinx202202/Vitis/2022.2/base_platforms/xilinx_vck190_base_202220_1/xilinx_vck190_base_202220_1.xpfm;xilinx_vck190_base_dfx_202220_1|D:/Xilinx202202/Vitis/2022.2/base_platforms/xilinx_vck190_base_dfx_202220_1/xilinx_vck190_base_dfx_202220_1.xpfm;xilinx_vmk180_base_202220_1|D:/Xilinx202202/Vitis/2022.2/base_platforms/xilinx_vmk180_base_202220_1/xilinx_vmk180_base_202220_1.xpfm;xilinx_zcu102_base_202220_1|D:/Xilinx202202/Vitis/2022.2/base_platforms/xilinx_zcu102_base_202220_1/xilinx_zcu102_base_202220_1.xpfm;xilinx_zcu102_base_dfx_202220_1|D:/Xilinx202202/Vitis/2022.2/base_platforms/xilinx_zcu102_base_dfx_202220_1/xilinx_zcu102_base_dfx_202220_1.xpfm;xilinx_zcu104_base_202220_1|D:/Xilinx202202/Vitis/2022.2/base_platforms/xilinx_zcu104_base_202220_1/xilinx_zcu104_base_202220_1.xpfm
18:45:15 INFO  : Checking for BSP changes to sync application flags for project 'syncMain'...
18:47:00 INFO  : Disconnected from the channel tcfchan#1.
18:47:17 DEBUG : Logs will be stored at 'E:/kevin/myCode/microBlaze100/vitisJson/IDE.log'.
18:47:18 INFO  : Registering command handlers for Vitis TCF services
18:47:19 INFO  : XSCT server has started successfully.
18:47:19 INFO  : plnx-install-location is set to ''
18:47:19 INFO  : Successfully done setting XSCT server connection channel  
18:47:19 INFO  : Successfully done query RDI_DATADIR 
18:47:19 INFO  : Successfully done setting workspace for the tool. 
18:47:19 INFO  : Platform repository initialization has completed.
18:47:56 INFO  : Checking for BSP changes to sync application flags for project 'syncMain'...
18:49:44 INFO  : Checking for BSP changes to sync application flags for project 'syncMain'...
18:49:53 INFO  : Connected to target on host '127.0.0.1' and port '3121'.
18:49:53 INFO  : Jtag cable 'Digilent JTAG-HS2 201706300081' is selected.
18:49:53 INFO  : 'jtag frequency' command is executed.
18:49:53 INFO  : 'targets -set -filter {jtag_cable_name =~ "Digilent JTAG-HS2 201706300081" && level==0 && jtag_device_ctx=="jsn-JTAG-HS2-201706300081-13631093-0"}' command is executed.
18:49:56 INFO  : Device configured successfully with "E:/kevin/myCode/microBlaze100/vitisJson/syncMain/_ide/bitstream/download.bit"
18:49:56 INFO  : Context for processor 'microblaze_0' is selected.
18:49:56 INFO  : Hardware design and registers information is loaded from 'E:/kevin/myCode/microBlaze100/vitisJson/syncBlaze/export/syncBlaze/hw/design_1_wrapper.xsa'.
18:49:56 INFO  : 'configparams mdm-detect-bscan-mask 2' command is executed.
18:49:56 INFO  : Context for processor 'microblaze_0' is selected.
18:49:56 INFO  : System reset is completed.
18:49:59 INFO  : 'after 3000' command is executed.
18:49:59 INFO  : Context for processor 'microblaze_0' is selected.
18:50:00 INFO  : The application 'E:/kevin/myCode/microBlaze100/vitisJson/syncMain/Debug/syncMain.elf' is downloaded to processor 'microblaze_0'.
18:50:00 INFO  : ----------------XSDB Script----------------
connect -url tcp:127.0.0.1:3121
targets -set -filter {jtag_cable_name =~ "Digilent JTAG-HS2 201706300081" && level==0 && jtag_device_ctx=="jsn-JTAG-HS2-201706300081-13631093-0"}
fpga -file E:/kevin/myCode/microBlaze100/vitisJson/syncMain/_ide/bitstream/download.bit
targets -set -nocase -filter {name =~ "*microblaze*#0" && bscan=="USER2" }
loadhw -hw E:/kevin/myCode/microBlaze100/vitisJson/syncBlaze/export/syncBlaze/hw/design_1_wrapper.xsa -regs
configparams mdm-detect-bscan-mask 2
targets -set -nocase -filter {name =~ "*microblaze*#0" && bscan=="USER2" }
rst -system
after 3000
targets -set -nocase -filter {name =~ "*microblaze*#0" && bscan=="USER2" }
dow E:/kevin/myCode/microBlaze100/vitisJson/syncMain/Debug/syncMain.elf
----------------End of Script----------------

18:50:00 INFO  : Context for processor 'microblaze_0' is selected.
18:50:00 INFO  : 'con' command is executed.
18:50:00 INFO  : ----------------XSDB Script (After Launch)----------------
targets -set -nocase -filter {name =~ "*microblaze*#0" && bscan=="USER2" }
con
----------------End of Script----------------

18:50:00 INFO  : Launch script is exported to file 'E:\kevin\myCode\microBlaze100\vitisJson\syncMain_system\_ide\scripts\systemdebugger_syncmain_system_standalone.tcl'
18:50:06 INFO  : Disconnected from the channel tcfchan#1.
18:50:07 INFO  : Connected to target on host '127.0.0.1' and port '3121'.
18:50:07 INFO  : Jtag cable 'Digilent JTAG-HS2 201706300081' is selected.
18:50:07 INFO  : 'jtag frequency' command is executed.
18:50:07 INFO  : 'targets -set -filter {jtag_cable_name =~ "Digilent JTAG-HS2 201706300081" && level==0 && jtag_device_ctx=="jsn-JTAG-HS2-201706300081-13631093-0"}' command is executed.
18:50:10 INFO  : Device configured successfully with "E:/kevin/myCode/microBlaze100/vitisJson/syncMain/_ide/bitstream/download.bit"
18:50:10 INFO  : Context for processor 'microblaze_0' is selected.
18:50:11 INFO  : Hardware design and registers information is loaded from 'E:/kevin/myCode/microBlaze100/vitisJson/syncBlaze/export/syncBlaze/hw/design_1_wrapper.xsa'.
18:50:11 INFO  : 'configparams mdm-detect-bscan-mask 2' command is executed.
18:50:11 INFO  : Context for processor 'microblaze_0' is selected.
18:50:11 INFO  : System reset is completed.
18:50:14 INFO  : 'after 3000' command is executed.
18:50:14 INFO  : Context for processor 'microblaze_0' is selected.
18:50:14 INFO  : The application 'E:/kevin/myCode/microBlaze100/vitisJson/syncMain/Debug/syncMain.elf' is downloaded to processor 'microblaze_0'.
18:50:14 INFO  : ----------------XSDB Script----------------
connect -url tcp:127.0.0.1:3121
targets -set -filter {jtag_cable_name =~ "Digilent JTAG-HS2 201706300081" && level==0 && jtag_device_ctx=="jsn-JTAG-HS2-201706300081-13631093-0"}
fpga -file E:/kevin/myCode/microBlaze100/vitisJson/syncMain/_ide/bitstream/download.bit
targets -set -nocase -filter {name =~ "*microblaze*#0" && bscan=="USER2" }
loadhw -hw E:/kevin/myCode/microBlaze100/vitisJson/syncBlaze/export/syncBlaze/hw/design_1_wrapper.xsa -regs
configparams mdm-detect-bscan-mask 2
targets -set -nocase -filter {name =~ "*microblaze*#0" && bscan=="USER2" }
rst -system
after 3000
targets -set -nocase -filter {name =~ "*microblaze*#0" && bscan=="USER2" }
dow E:/kevin/myCode/microBlaze100/vitisJson/syncMain/Debug/syncMain.elf
----------------End of Script----------------

18:50:14 INFO  : Context for processor 'microblaze_0' is selected.
18:50:14 INFO  : 'con' command is executed.
18:50:14 INFO  : ----------------XSDB Script (After Launch)----------------
targets -set -nocase -filter {name =~ "*microblaze*#0" && bscan=="USER2" }
con
----------------End of Script----------------

18:50:14 INFO  : Launch script is exported to file 'E:\kevin\myCode\microBlaze100\vitisJson\syncMain_system\_ide\scripts\systemdebugger_syncmain_system_standalone.tcl'
18:50:25 INFO  : Disconnected from the channel tcfchan#2.
18:50:25 INFO  : Connected to target on host '127.0.0.1' and port '3121'.
18:50:25 INFO  : Jtag cable 'Digilent JTAG-HS2 201706300081' is selected.
18:50:25 INFO  : 'jtag frequency' command is executed.
18:50:25 INFO  : 'targets -set -filter {jtag_cable_name =~ "Digilent JTAG-HS2 201706300081" && level==0 && jtag_device_ctx=="jsn-JTAG-HS2-201706300081-13631093-0"}' command is executed.
18:50:29 INFO  : Device configured successfully with "E:/kevin/myCode/microBlaze100/vitisJson/syncMain/_ide/bitstream/download.bit"
18:50:29 INFO  : Context for processor 'microblaze_0' is selected.
18:50:29 INFO  : Hardware design and registers information is loaded from 'E:/kevin/myCode/microBlaze100/vitisJson/syncBlaze/export/syncBlaze/hw/design_1_wrapper.xsa'.
18:50:29 INFO  : 'configparams mdm-detect-bscan-mask 2' command is executed.
18:50:29 INFO  : Context for processor 'microblaze_0' is selected.
18:50:29 INFO  : System reset is completed.
18:50:32 INFO  : 'after 3000' command is executed.
18:50:32 INFO  : Context for processor 'microblaze_0' is selected.
18:50:32 INFO  : The application 'E:/kevin/myCode/microBlaze100/vitisJson/syncMain/Debug/syncMain.elf' is downloaded to processor 'microblaze_0'.
18:50:32 INFO  : ----------------XSDB Script----------------
connect -url tcp:127.0.0.1:3121
targets -set -filter {jtag_cable_name =~ "Digilent JTAG-HS2 201706300081" && level==0 && jtag_device_ctx=="jsn-JTAG-HS2-201706300081-13631093-0"}
fpga -file E:/kevin/myCode/microBlaze100/vitisJson/syncMain/_ide/bitstream/download.bit
targets -set -nocase -filter {name =~ "*microblaze*#0" && bscan=="USER2" }
loadhw -hw E:/kevin/myCode/microBlaze100/vitisJson/syncBlaze/export/syncBlaze/hw/design_1_wrapper.xsa -regs
configparams mdm-detect-bscan-mask 2
targets -set -nocase -filter {name =~ "*microblaze*#0" && bscan=="USER2" }
rst -system
after 3000
targets -set -nocase -filter {name =~ "*microblaze*#0" && bscan=="USER2" }
dow E:/kevin/myCode/microBlaze100/vitisJson/syncMain/Debug/syncMain.elf
----------------End of Script----------------

18:50:32 INFO  : Context for processor 'microblaze_0' is selected.
18:50:32 INFO  : 'con' command is executed.
18:50:32 INFO  : ----------------XSDB Script (After Launch)----------------
targets -set -nocase -filter {name =~ "*microblaze*#0" && bscan=="USER2" }
con
----------------End of Script----------------

18:50:32 INFO  : Launch script is exported to file 'E:\kevin\myCode\microBlaze100\vitisJson\syncMain_system\_ide\scripts\systemdebugger_syncmain_system_standalone.tcl'
18:52:32 INFO  : Disconnected from the channel tcfchan#3.
18:52:33 INFO  : Checking for BSP changes to sync application flags for project 'syncMain'...
18:52:36 INFO  : Connected to target on host '127.0.0.1' and port '3121'.
18:52:36 INFO  : Jtag cable 'Digilent JTAG-HS2 201706300081' is selected.
18:52:36 INFO  : 'jtag frequency' command is executed.
18:52:36 INFO  : 'targets -set -filter {jtag_cable_name =~ "Digilent JTAG-HS2 201706300081" && level==0 && jtag_device_ctx=="jsn-JTAG-HS2-201706300081-13631093-0"}' command is executed.
18:52:39 INFO  : Device configured successfully with "E:/kevin/myCode/microBlaze100/vitisJson/syncMain/_ide/bitstream/download.bit"
18:52:39 INFO  : Context for processor 'microblaze_0' is selected.
18:52:39 INFO  : Hardware design and registers information is loaded from 'E:/kevin/myCode/microBlaze100/vitisJson/syncBlaze/export/syncBlaze/hw/design_1_wrapper.xsa'.
18:52:39 INFO  : 'configparams mdm-detect-bscan-mask 2' command is executed.
18:52:39 INFO  : Context for processor 'microblaze_0' is selected.
18:52:39 INFO  : System reset is completed.
18:52:42 INFO  : 'after 3000' command is executed.
18:52:42 INFO  : Context for processor 'microblaze_0' is selected.
18:52:43 INFO  : The application 'E:/kevin/myCode/microBlaze100/vitisJson/syncMain/Debug/syncMain.elf' is downloaded to processor 'microblaze_0'.
18:52:43 INFO  : ----------------XSDB Script----------------
connect -url tcp:127.0.0.1:3121
targets -set -filter {jtag_cable_name =~ "Digilent JTAG-HS2 201706300081" && level==0 && jtag_device_ctx=="jsn-JTAG-HS2-201706300081-13631093-0"}
fpga -file E:/kevin/myCode/microBlaze100/vitisJson/syncMain/_ide/bitstream/download.bit
targets -set -nocase -filter {name =~ "*microblaze*#0" && bscan=="USER2" }
loadhw -hw E:/kevin/myCode/microBlaze100/vitisJson/syncBlaze/export/syncBlaze/hw/design_1_wrapper.xsa -regs
configparams mdm-detect-bscan-mask 2
targets -set -nocase -filter {name =~ "*microblaze*#0" && bscan=="USER2" }
rst -system
after 3000
targets -set -nocase -filter {name =~ "*microblaze*#0" && bscan=="USER2" }
dow E:/kevin/myCode/microBlaze100/vitisJson/syncMain/Debug/syncMain.elf
----------------End of Script----------------

18:52:43 INFO  : Context for processor 'microblaze_0' is selected.
18:52:43 INFO  : 'con' command is executed.
18:52:43 INFO  : ----------------XSDB Script (After Launch)----------------
targets -set -nocase -filter {name =~ "*microblaze*#0" && bscan=="USER2" }
con
----------------End of Script----------------

18:52:43 INFO  : Launch script is exported to file 'E:\kevin\myCode\microBlaze100\vitisJson\syncMain_system\_ide\scripts\systemdebugger_syncmain_system_standalone.tcl'
09:37:14 INFO  : Disconnected from the channel tcfchan#4.
09:37:14 INFO  : Connected to target on host '127.0.0.1' and port '3121'.
09:37:14 INFO  : Jtag cable 'Digilent JTAG-HS2 201706300081' is selected.
09:37:14 INFO  : 'jtag frequency' command is executed.
09:37:14 INFO  : 'targets -set -filter {jtag_cable_name =~ "Digilent JTAG-HS2 201706300081" && level==0 && jtag_device_ctx=="jsn-JTAG-HS2-201706300081-13631093-0"}' command is executed.
09:37:17 INFO  : Device configured successfully with "E:/kevin/myCode/microBlaze100/vitisJson/syncMain/_ide/bitstream/download.bit"
09:37:17 INFO  : Context for processor 'microblaze_0' is selected.
09:37:18 INFO  : Hardware design and registers information is loaded from 'E:/kevin/myCode/microBlaze100/vitisJson/syncBlaze/export/syncBlaze/hw/design_1_wrapper.xsa'.
09:37:18 INFO  : 'configparams mdm-detect-bscan-mask 2' command is executed.
09:37:18 INFO  : Context for processor 'microblaze_0' is selected.
09:37:18 INFO  : System reset is completed.
09:37:21 INFO  : 'after 3000' command is executed.
09:37:21 INFO  : Context for processor 'microblaze_0' is selected.
09:37:21 INFO  : The application 'E:/kevin/myCode/microBlaze100/vitisJson/syncMain/Debug/syncMain.elf' is downloaded to processor 'microblaze_0'.
09:37:21 INFO  : ----------------XSDB Script----------------
connect -url tcp:127.0.0.1:3121
targets -set -filter {jtag_cable_name =~ "Digilent JTAG-HS2 201706300081" && level==0 && jtag_device_ctx=="jsn-JTAG-HS2-201706300081-13631093-0"}
fpga -file E:/kevin/myCode/microBlaze100/vitisJson/syncMain/_ide/bitstream/download.bit
targets -set -nocase -filter {name =~ "*microblaze*#0" && bscan=="USER2" }
loadhw -hw E:/kevin/myCode/microBlaze100/vitisJson/syncBlaze/export/syncBlaze/hw/design_1_wrapper.xsa -regs
configparams mdm-detect-bscan-mask 2
targets -set -nocase -filter {name =~ "*microblaze*#0" && bscan=="USER2" }
rst -system
after 3000
targets -set -nocase -filter {name =~ "*microblaze*#0" && bscan=="USER2" }
dow E:/kevin/myCode/microBlaze100/vitisJson/syncMain/Debug/syncMain.elf
----------------End of Script----------------

09:37:21 INFO  : Context for processor 'microblaze_0' is selected.
09:37:21 INFO  : 'con' command is executed.
09:37:21 INFO  : ----------------XSDB Script (After Launch)----------------
targets -set -nocase -filter {name =~ "*microblaze*#0" && bscan=="USER2" }
con
----------------End of Script----------------

09:37:21 INFO  : Launch script is exported to file 'E:\kevin\myCode\microBlaze100\vitisJson\syncMain_system\_ide\scripts\systemdebugger_syncmain_system_standalone.tcl'
09:43:03 INFO  : Checking for BSP changes to sync application flags for project 'syncMain'...
09:43:08 INFO  : Disconnected from the channel tcfchan#5.
09:43:08 INFO  : Connected to target on host '127.0.0.1' and port '3121'.
09:43:08 INFO  : Jtag cable 'Digilent JTAG-HS2 201706300081' is selected.
09:43:08 INFO  : 'jtag frequency' command is executed.
09:43:08 INFO  : 'targets -set -filter {jtag_cable_name =~ "Digilent JTAG-HS2 201706300081" && level==0 && jtag_device_ctx=="jsn-JTAG-HS2-201706300081-13631093-0"}' command is executed.
09:43:12 INFO  : Device configured successfully with "E:/kevin/myCode/microBlaze100/vitisJson/syncMain/_ide/bitstream/download.bit"
09:43:12 INFO  : Context for processor 'microblaze_0' is selected.
09:43:12 INFO  : Hardware design and registers information is loaded from 'E:/kevin/myCode/microBlaze100/vitisJson/syncBlaze/export/syncBlaze/hw/design_1_wrapper.xsa'.
09:43:12 INFO  : 'configparams mdm-detect-bscan-mask 2' command is executed.
09:43:12 INFO  : Context for processor 'microblaze_0' is selected.
09:43:12 INFO  : System reset is completed.
09:43:15 INFO  : 'after 3000' command is executed.
09:43:15 INFO  : Context for processor 'microblaze_0' is selected.
09:43:15 INFO  : The application 'E:/kevin/myCode/microBlaze100/vitisJson/syncMain/Debug/syncMain.elf' is downloaded to processor 'microblaze_0'.
09:43:15 INFO  : ----------------XSDB Script----------------
connect -url tcp:127.0.0.1:3121
targets -set -filter {jtag_cable_name =~ "Digilent JTAG-HS2 201706300081" && level==0 && jtag_device_ctx=="jsn-JTAG-HS2-201706300081-13631093-0"}
fpga -file E:/kevin/myCode/microBlaze100/vitisJson/syncMain/_ide/bitstream/download.bit
targets -set -nocase -filter {name =~ "*microblaze*#0" && bscan=="USER2" }
loadhw -hw E:/kevin/myCode/microBlaze100/vitisJson/syncBlaze/export/syncBlaze/hw/design_1_wrapper.xsa -regs
configparams mdm-detect-bscan-mask 2
targets -set -nocase -filter {name =~ "*microblaze*#0" && bscan=="USER2" }
rst -system
after 3000
targets -set -nocase -filter {name =~ "*microblaze*#0" && bscan=="USER2" }
dow E:/kevin/myCode/microBlaze100/vitisJson/syncMain/Debug/syncMain.elf
----------------End of Script----------------

09:43:15 INFO  : Context for processor 'microblaze_0' is selected.
09:43:15 INFO  : 'con' command is executed.
09:43:15 INFO  : ----------------XSDB Script (After Launch)----------------
targets -set -nocase -filter {name =~ "*microblaze*#0" && bscan=="USER2" }
con
----------------End of Script----------------

09:43:15 INFO  : Launch script is exported to file 'E:\kevin\myCode\microBlaze100\vitisJson\syncMain_system\_ide\scripts\systemdebugger_syncmain_system_standalone.tcl'
09:46:11 INFO  : Disconnected from the channel tcfchan#6.
09:46:12 INFO  : Checking for BSP changes to sync application flags for project 'syncMain'...
09:46:26 INFO  : Connected to target on host '127.0.0.1' and port '3121'.
09:46:26 INFO  : Jtag cable 'Digilent JTAG-HS2 201706300081' is selected.
09:46:26 INFO  : 'jtag frequency' command is executed.
09:46:26 INFO  : 'targets -set -filter {jtag_cable_name =~ "Digilent JTAG-HS2 201706300081" && level==0 && jtag_device_ctx=="jsn-JTAG-HS2-201706300081-13631093-0"}' command is executed.
09:46:29 INFO  : Device configured successfully with "E:/kevin/myCode/microBlaze100/vitisJson/syncMain/_ide/bitstream/download.bit"
09:46:29 INFO  : Context for processor 'microblaze_0' is selected.
09:46:30 INFO  : Hardware design and registers information is loaded from 'E:/kevin/myCode/microBlaze100/vitisJson/syncBlaze/export/syncBlaze/hw/design_1_wrapper.xsa'.
09:46:30 INFO  : 'configparams mdm-detect-bscan-mask 2' command is executed.
09:46:30 INFO  : Context for processor 'microblaze_0' is selected.
09:46:30 INFO  : System reset is completed.
09:46:33 INFO  : 'after 3000' command is executed.
09:46:33 INFO  : Context for processor 'microblaze_0' is selected.
09:46:33 INFO  : The application 'E:/kevin/myCode/microBlaze100/vitisJson/syncMain/Debug/syncMain.elf' is downloaded to processor 'microblaze_0'.
09:46:33 INFO  : ----------------XSDB Script----------------
connect -url tcp:127.0.0.1:3121
targets -set -filter {jtag_cable_name =~ "Digilent JTAG-HS2 201706300081" && level==0 && jtag_device_ctx=="jsn-JTAG-HS2-201706300081-13631093-0"}
fpga -file E:/kevin/myCode/microBlaze100/vitisJson/syncMain/_ide/bitstream/download.bit
targets -set -nocase -filter {name =~ "*microblaze*#0" && bscan=="USER2" }
loadhw -hw E:/kevin/myCode/microBlaze100/vitisJson/syncBlaze/export/syncBlaze/hw/design_1_wrapper.xsa -regs
configparams mdm-detect-bscan-mask 2
targets -set -nocase -filter {name =~ "*microblaze*#0" && bscan=="USER2" }
rst -system
after 3000
targets -set -nocase -filter {name =~ "*microblaze*#0" && bscan=="USER2" }
dow E:/kevin/myCode/microBlaze100/vitisJson/syncMain/Debug/syncMain.elf
----------------End of Script----------------

09:46:33 INFO  : Context for processor 'microblaze_0' is selected.
09:46:33 INFO  : 'con' command is executed.
09:46:33 INFO  : ----------------XSDB Script (After Launch)----------------
targets -set -nocase -filter {name =~ "*microblaze*#0" && bscan=="USER2" }
con
----------------End of Script----------------

09:46:33 INFO  : Launch script is exported to file 'E:\kevin\myCode\microBlaze100\vitisJson\syncMain_system\_ide\scripts\systemdebugger_syncmain_system_standalone.tcl'
09:47:11 INFO  : Disconnected from the channel tcfchan#7.
09:47:13 INFO  : Checking for BSP changes to sync application flags for project 'syncMain'...
09:47:24 INFO  : Connected to target on host '127.0.0.1' and port '3121'.
09:47:25 INFO  : Jtag cable 'Digilent JTAG-HS2 201706300081' is selected.
09:47:25 INFO  : 'jtag frequency' command is executed.
09:47:25 INFO  : 'targets -set -filter {jtag_cable_name =~ "Digilent JTAG-HS2 201706300081" && level==0 && jtag_device_ctx=="jsn-JTAG-HS2-201706300081-13631093-0"}' command is executed.
09:47:28 INFO  : Device configured successfully with "E:/kevin/myCode/microBlaze100/vitisJson/syncMain/_ide/bitstream/download.bit"
09:47:28 INFO  : Context for processor 'microblaze_0' is selected.
09:47:28 INFO  : Hardware design and registers information is loaded from 'E:/kevin/myCode/microBlaze100/vitisJson/syncBlaze/export/syncBlaze/hw/design_1_wrapper.xsa'.
09:47:28 INFO  : 'configparams mdm-detect-bscan-mask 2' command is executed.
09:47:28 INFO  : Context for processor 'microblaze_0' is selected.
09:47:28 INFO  : System reset is completed.
09:47:31 INFO  : 'after 3000' command is executed.
09:47:31 INFO  : Context for processor 'microblaze_0' is selected.
09:47:31 INFO  : The application 'E:/kevin/myCode/microBlaze100/vitisJson/syncMain/Debug/syncMain.elf' is downloaded to processor 'microblaze_0'.
09:47:31 INFO  : ----------------XSDB Script----------------
connect -url tcp:127.0.0.1:3121
targets -set -filter {jtag_cable_name =~ "Digilent JTAG-HS2 201706300081" && level==0 && jtag_device_ctx=="jsn-JTAG-HS2-201706300081-13631093-0"}
fpga -file E:/kevin/myCode/microBlaze100/vitisJson/syncMain/_ide/bitstream/download.bit
targets -set -nocase -filter {name =~ "*microblaze*#0" && bscan=="USER2" }
loadhw -hw E:/kevin/myCode/microBlaze100/vitisJson/syncBlaze/export/syncBlaze/hw/design_1_wrapper.xsa -regs
configparams mdm-detect-bscan-mask 2
targets -set -nocase -filter {name =~ "*microblaze*#0" && bscan=="USER2" }
rst -system
after 3000
targets -set -nocase -filter {name =~ "*microblaze*#0" && bscan=="USER2" }
dow E:/kevin/myCode/microBlaze100/vitisJson/syncMain/Debug/syncMain.elf
----------------End of Script----------------

09:47:31 INFO  : Context for processor 'microblaze_0' is selected.
09:47:31 INFO  : 'con' command is executed.
09:47:31 INFO  : ----------------XSDB Script (After Launch)----------------
targets -set -nocase -filter {name =~ "*microblaze*#0" && bscan=="USER2" }
con
----------------End of Script----------------

09:47:31 INFO  : Launch script is exported to file 'E:\kevin\myCode\microBlaze100\vitisJson\syncMain_system\_ide\scripts\systemdebugger_syncmain_system_standalone.tcl'
09:50:17 INFO  : Disconnected from the channel tcfchan#8.
09:50:18 INFO  : Checking for BSP changes to sync application flags for project 'syncMain'...
09:50:26 INFO  : Checking for BSP changes to sync application flags for project 'syncMain'...
09:50:35 INFO  : Connected to target on host '127.0.0.1' and port '3121'.
09:50:35 INFO  : Jtag cable 'Digilent JTAG-HS2 201706300081' is selected.
09:50:35 INFO  : 'jtag frequency' command is executed.
09:50:35 INFO  : 'targets -set -filter {jtag_cable_name =~ "Digilent JTAG-HS2 201706300081" && level==0 && jtag_device_ctx=="jsn-JTAG-HS2-201706300081-13631093-0"}' command is executed.
09:50:38 INFO  : Device configured successfully with "E:/kevin/myCode/microBlaze100/vitisJson/syncMain/_ide/bitstream/download.bit"
09:50:38 INFO  : Context for processor 'microblaze_0' is selected.
09:50:38 INFO  : Hardware design and registers information is loaded from 'E:/kevin/myCode/microBlaze100/vitisJson/syncBlaze/export/syncBlaze/hw/design_1_wrapper.xsa'.
09:50:38 INFO  : 'configparams mdm-detect-bscan-mask 2' command is executed.
09:50:38 INFO  : Context for processor 'microblaze_0' is selected.
09:50:38 INFO  : System reset is completed.
09:50:41 INFO  : 'after 3000' command is executed.
09:50:41 INFO  : Context for processor 'microblaze_0' is selected.
09:50:42 INFO  : The application 'E:/kevin/myCode/microBlaze100/vitisJson/syncMain/Debug/syncMain.elf' is downloaded to processor 'microblaze_0'.
09:50:42 INFO  : ----------------XSDB Script----------------
connect -url tcp:127.0.0.1:3121
targets -set -filter {jtag_cable_name =~ "Digilent JTAG-HS2 201706300081" && level==0 && jtag_device_ctx=="jsn-JTAG-HS2-201706300081-13631093-0"}
fpga -file E:/kevin/myCode/microBlaze100/vitisJson/syncMain/_ide/bitstream/download.bit
targets -set -nocase -filter {name =~ "*microblaze*#0" && bscan=="USER2" }
loadhw -hw E:/kevin/myCode/microBlaze100/vitisJson/syncBlaze/export/syncBlaze/hw/design_1_wrapper.xsa -regs
configparams mdm-detect-bscan-mask 2
targets -set -nocase -filter {name =~ "*microblaze*#0" && bscan=="USER2" }
rst -system
after 3000
targets -set -nocase -filter {name =~ "*microblaze*#0" && bscan=="USER2" }
dow E:/kevin/myCode/microBlaze100/vitisJson/syncMain/Debug/syncMain.elf
----------------End of Script----------------

09:50:42 INFO  : Context for processor 'microblaze_0' is selected.
09:50:42 INFO  : 'con' command is executed.
09:50:42 INFO  : ----------------XSDB Script (After Launch)----------------
targets -set -nocase -filter {name =~ "*microblaze*#0" && bscan=="USER2" }
con
----------------End of Script----------------

09:50:42 INFO  : Launch script is exported to file 'E:\kevin\myCode\microBlaze100\vitisJson\syncMain_system\_ide\scripts\systemdebugger_syncmain_system_standalone.tcl'
09:52:01 INFO  : Disconnected from the channel tcfchan#9.
09:52:02 INFO  : Checking for BSP changes to sync application flags for project 'syncMain'...
09:52:05 INFO  : Connected to target on host '127.0.0.1' and port '3121'.
09:52:06 INFO  : Jtag cable 'Digilent JTAG-HS2 201706300081' is selected.
09:52:06 INFO  : 'jtag frequency' command is executed.
09:52:06 INFO  : 'targets -set -filter {jtag_cable_name =~ "Digilent JTAG-HS2 201706300081" && level==0 && jtag_device_ctx=="jsn-JTAG-HS2-201706300081-13631093-0"}' command is executed.
09:52:09 INFO  : Device configured successfully with "E:/kevin/myCode/microBlaze100/vitisJson/syncMain/_ide/bitstream/download.bit"
09:52:09 INFO  : Context for processor 'microblaze_0' is selected.
09:52:09 INFO  : Hardware design and registers information is loaded from 'E:/kevin/myCode/microBlaze100/vitisJson/syncBlaze/export/syncBlaze/hw/design_1_wrapper.xsa'.
09:52:09 INFO  : 'configparams mdm-detect-bscan-mask 2' command is executed.
09:52:09 INFO  : Context for processor 'microblaze_0' is selected.
09:52:09 INFO  : System reset is completed.
09:52:12 INFO  : 'after 3000' command is executed.
09:52:12 INFO  : Context for processor 'microblaze_0' is selected.
09:52:12 INFO  : The application 'E:/kevin/myCode/microBlaze100/vitisJson/syncMain/Debug/syncMain.elf' is downloaded to processor 'microblaze_0'.
09:52:12 INFO  : ----------------XSDB Script----------------
connect -url tcp:127.0.0.1:3121
targets -set -filter {jtag_cable_name =~ "Digilent JTAG-HS2 201706300081" && level==0 && jtag_device_ctx=="jsn-JTAG-HS2-201706300081-13631093-0"}
fpga -file E:/kevin/myCode/microBlaze100/vitisJson/syncMain/_ide/bitstream/download.bit
targets -set -nocase -filter {name =~ "*microblaze*#0" && bscan=="USER2" }
loadhw -hw E:/kevin/myCode/microBlaze100/vitisJson/syncBlaze/export/syncBlaze/hw/design_1_wrapper.xsa -regs
configparams mdm-detect-bscan-mask 2
targets -set -nocase -filter {name =~ "*microblaze*#0" && bscan=="USER2" }
rst -system
after 3000
targets -set -nocase -filter {name =~ "*microblaze*#0" && bscan=="USER2" }
dow E:/kevin/myCode/microBlaze100/vitisJson/syncMain/Debug/syncMain.elf
----------------End of Script----------------

09:52:12 INFO  : Context for processor 'microblaze_0' is selected.
09:52:12 INFO  : 'con' command is executed.
09:52:12 INFO  : ----------------XSDB Script (After Launch)----------------
targets -set -nocase -filter {name =~ "*microblaze*#0" && bscan=="USER2" }
con
----------------End of Script----------------

09:52:12 INFO  : Launch script is exported to file 'E:\kevin\myCode\microBlaze100\vitisJson\syncMain_system\_ide\scripts\systemdebugger_syncmain_system_standalone.tcl'
09:53:21 INFO  : Disconnected from the channel tcfchan#10.
09:53:22 INFO  : Checking for BSP changes to sync application flags for project 'syncMain'...
09:53:24 INFO  : Connected to target on host '127.0.0.1' and port '3121'.
09:53:25 INFO  : Jtag cable 'Digilent JTAG-HS2 201706300081' is selected.
09:53:25 INFO  : 'jtag frequency' command is executed.
09:53:25 INFO  : 'targets -set -filter {jtag_cable_name =~ "Digilent JTAG-HS2 201706300081" && level==0 && jtag_device_ctx=="jsn-JTAG-HS2-201706300081-13631093-0"}' command is executed.
09:53:28 INFO  : Device configured successfully with "E:/kevin/myCode/microBlaze100/vitisJson/syncMain/_ide/bitstream/download.bit"
09:53:28 INFO  : Context for processor 'microblaze_0' is selected.
09:53:28 INFO  : Hardware design and registers information is loaded from 'E:/kevin/myCode/microBlaze100/vitisJson/syncBlaze/export/syncBlaze/hw/design_1_wrapper.xsa'.
09:53:28 INFO  : 'configparams mdm-detect-bscan-mask 2' command is executed.
09:53:28 INFO  : Context for processor 'microblaze_0' is selected.
09:53:28 INFO  : System reset is completed.
09:53:31 INFO  : 'after 3000' command is executed.
09:53:31 INFO  : Context for processor 'microblaze_0' is selected.
09:53:31 INFO  : The application 'E:/kevin/myCode/microBlaze100/vitisJson/syncMain/Debug/syncMain.elf' is downloaded to processor 'microblaze_0'.
09:53:31 INFO  : ----------------XSDB Script----------------
connect -url tcp:127.0.0.1:3121
targets -set -filter {jtag_cable_name =~ "Digilent JTAG-HS2 201706300081" && level==0 && jtag_device_ctx=="jsn-JTAG-HS2-201706300081-13631093-0"}
fpga -file E:/kevin/myCode/microBlaze100/vitisJson/syncMain/_ide/bitstream/download.bit
targets -set -nocase -filter {name =~ "*microblaze*#0" && bscan=="USER2" }
loadhw -hw E:/kevin/myCode/microBlaze100/vitisJson/syncBlaze/export/syncBlaze/hw/design_1_wrapper.xsa -regs
configparams mdm-detect-bscan-mask 2
targets -set -nocase -filter {name =~ "*microblaze*#0" && bscan=="USER2" }
rst -system
after 3000
targets -set -nocase -filter {name =~ "*microblaze*#0" && bscan=="USER2" }
dow E:/kevin/myCode/microBlaze100/vitisJson/syncMain/Debug/syncMain.elf
----------------End of Script----------------

09:53:31 INFO  : Context for processor 'microblaze_0' is selected.
09:53:31 INFO  : 'con' command is executed.
09:53:31 INFO  : ----------------XSDB Script (After Launch)----------------
targets -set -nocase -filter {name =~ "*microblaze*#0" && bscan=="USER2" }
con
----------------End of Script----------------

09:53:31 INFO  : Launch script is exported to file 'E:\kevin\myCode\microBlaze100\vitisJson\syncMain_system\_ide\scripts\systemdebugger_syncmain_system_standalone.tcl'
09:55:09 INFO  : Disconnected from the channel tcfchan#11.
09:55:11 INFO  : Checking for BSP changes to sync application flags for project 'syncMain'...
09:55:15 INFO  : Connected to target on host '127.0.0.1' and port '3121'.
09:55:15 INFO  : Jtag cable 'Digilent JTAG-HS2 201706300081' is selected.
09:55:15 INFO  : 'jtag frequency' command is executed.
09:55:15 INFO  : 'targets -set -filter {jtag_cable_name =~ "Digilent JTAG-HS2 201706300081" && level==0 && jtag_device_ctx=="jsn-JTAG-HS2-201706300081-13631093-0"}' command is executed.
09:55:18 INFO  : Device configured successfully with "E:/kevin/myCode/microBlaze100/vitisJson/syncMain/_ide/bitstream/download.bit"
09:55:18 INFO  : Context for processor 'microblaze_0' is selected.
09:55:18 INFO  : Hardware design and registers information is loaded from 'E:/kevin/myCode/microBlaze100/vitisJson/syncBlaze/export/syncBlaze/hw/design_1_wrapper.xsa'.
09:55:18 INFO  : 'configparams mdm-detect-bscan-mask 2' command is executed.
09:55:18 INFO  : Context for processor 'microblaze_0' is selected.
09:55:18 INFO  : System reset is completed.
09:55:21 INFO  : 'after 3000' command is executed.
09:55:21 INFO  : Context for processor 'microblaze_0' is selected.
09:55:22 INFO  : The application 'E:/kevin/myCode/microBlaze100/vitisJson/syncMain/Debug/syncMain.elf' is downloaded to processor 'microblaze_0'.
09:55:22 INFO  : ----------------XSDB Script----------------
connect -url tcp:127.0.0.1:3121
targets -set -filter {jtag_cable_name =~ "Digilent JTAG-HS2 201706300081" && level==0 && jtag_device_ctx=="jsn-JTAG-HS2-201706300081-13631093-0"}
fpga -file E:/kevin/myCode/microBlaze100/vitisJson/syncMain/_ide/bitstream/download.bit
targets -set -nocase -filter {name =~ "*microblaze*#0" && bscan=="USER2" }
loadhw -hw E:/kevin/myCode/microBlaze100/vitisJson/syncBlaze/export/syncBlaze/hw/design_1_wrapper.xsa -regs
configparams mdm-detect-bscan-mask 2
targets -set -nocase -filter {name =~ "*microblaze*#0" && bscan=="USER2" }
rst -system
after 3000
targets -set -nocase -filter {name =~ "*microblaze*#0" && bscan=="USER2" }
dow E:/kevin/myCode/microBlaze100/vitisJson/syncMain/Debug/syncMain.elf
----------------End of Script----------------

09:55:22 INFO  : Context for processor 'microblaze_0' is selected.
09:55:22 INFO  : 'con' command is executed.
09:55:22 INFO  : ----------------XSDB Script (After Launch)----------------
targets -set -nocase -filter {name =~ "*microblaze*#0" && bscan=="USER2" }
con
----------------End of Script----------------

09:55:22 INFO  : Launch script is exported to file 'E:\kevin\myCode\microBlaze100\vitisJson\syncMain_system\_ide\scripts\systemdebugger_syncmain_system_standalone.tcl'
09:56:25 INFO  : Disconnected from the channel tcfchan#12.
09:56:27 INFO  : Checking for BSP changes to sync application flags for project 'syncMain'...
09:57:18 INFO  : Checking for BSP changes to sync application flags for project 'syncMain'...
09:57:26 INFO  : Connected to target on host '127.0.0.1' and port '3121'.
09:57:26 INFO  : Jtag cable 'Digilent JTAG-HS2 201706300081' is selected.
09:57:26 INFO  : 'jtag frequency' command is executed.
09:57:26 INFO  : 'targets -set -filter {jtag_cable_name =~ "Digilent JTAG-HS2 201706300081" && level==0 && jtag_device_ctx=="jsn-JTAG-HS2-201706300081-13631093-0"}' command is executed.
09:57:30 INFO  : Device configured successfully with "E:/kevin/myCode/microBlaze100/vitisJson/syncMain/_ide/bitstream/download.bit"
09:57:30 INFO  : Context for processor 'microblaze_0' is selected.
09:57:30 INFO  : Hardware design and registers information is loaded from 'E:/kevin/myCode/microBlaze100/vitisJson/syncBlaze/export/syncBlaze/hw/design_1_wrapper.xsa'.
09:57:30 INFO  : 'configparams mdm-detect-bscan-mask 2' command is executed.
09:57:30 INFO  : Context for processor 'microblaze_0' is selected.
09:57:30 INFO  : System reset is completed.
09:57:33 INFO  : 'after 3000' command is executed.
09:57:33 INFO  : Context for processor 'microblaze_0' is selected.
09:57:33 INFO  : The application 'E:/kevin/myCode/microBlaze100/vitisJson/syncMain/Debug/syncMain.elf' is downloaded to processor 'microblaze_0'.
09:57:33 INFO  : ----------------XSDB Script----------------
connect -url tcp:127.0.0.1:3121
targets -set -filter {jtag_cable_name =~ "Digilent JTAG-HS2 201706300081" && level==0 && jtag_device_ctx=="jsn-JTAG-HS2-201706300081-13631093-0"}
fpga -file E:/kevin/myCode/microBlaze100/vitisJson/syncMain/_ide/bitstream/download.bit
targets -set -nocase -filter {name =~ "*microblaze*#0" && bscan=="USER2" }
loadhw -hw E:/kevin/myCode/microBlaze100/vitisJson/syncBlaze/export/syncBlaze/hw/design_1_wrapper.xsa -regs
configparams mdm-detect-bscan-mask 2
targets -set -nocase -filter {name =~ "*microblaze*#0" && bscan=="USER2" }
rst -system
after 3000
targets -set -nocase -filter {name =~ "*microblaze*#0" && bscan=="USER2" }
dow E:/kevin/myCode/microBlaze100/vitisJson/syncMain/Debug/syncMain.elf
----------------End of Script----------------

09:57:33 INFO  : Context for processor 'microblaze_0' is selected.
09:57:33 INFO  : 'con' command is executed.
09:57:33 INFO  : ----------------XSDB Script (After Launch)----------------
targets -set -nocase -filter {name =~ "*microblaze*#0" && bscan=="USER2" }
con
----------------End of Script----------------

09:57:33 INFO  : Launch script is exported to file 'E:\kevin\myCode\microBlaze100\vitisJson\syncMain_system\_ide\scripts\systemdebugger_syncmain_system_standalone.tcl'
09:59:00 INFO  : Checking for BSP changes to sync application flags for project 'syncMain'...
09:59:02 INFO  : Disconnected from the channel tcfchan#13.
09:59:04 INFO  : Connected to target on host '127.0.0.1' and port '3121'.
09:59:05 INFO  : Jtag cable 'Digilent JTAG-HS2 201706300081' is selected.
09:59:05 INFO  : 'jtag frequency' command is executed.
09:59:05 INFO  : 'targets -set -filter {jtag_cable_name =~ "Digilent JTAG-HS2 201706300081" && level==0 && jtag_device_ctx=="jsn-JTAG-HS2-201706300081-13631093-0"}' command is executed.
09:59:08 INFO  : Device configured successfully with "E:/kevin/myCode/microBlaze100/vitisJson/syncMain/_ide/bitstream/download.bit"
09:59:08 INFO  : Context for processor 'microblaze_0' is selected.
09:59:08 INFO  : Hardware design and registers information is loaded from 'E:/kevin/myCode/microBlaze100/vitisJson/syncBlaze/export/syncBlaze/hw/design_1_wrapper.xsa'.
09:59:08 INFO  : 'configparams mdm-detect-bscan-mask 2' command is executed.
09:59:08 INFO  : Context for processor 'microblaze_0' is selected.
09:59:08 INFO  : System reset is completed.
09:59:11 INFO  : 'after 3000' command is executed.
09:59:11 INFO  : Context for processor 'microblaze_0' is selected.
09:59:12 INFO  : The application 'E:/kevin/myCode/microBlaze100/vitisJson/syncMain/Debug/syncMain.elf' is downloaded to processor 'microblaze_0'.
09:59:12 INFO  : ----------------XSDB Script----------------
connect -url tcp:127.0.0.1:3121
targets -set -filter {jtag_cable_name =~ "Digilent JTAG-HS2 201706300081" && level==0 && jtag_device_ctx=="jsn-JTAG-HS2-201706300081-13631093-0"}
fpga -file E:/kevin/myCode/microBlaze100/vitisJson/syncMain/_ide/bitstream/download.bit
targets -set -nocase -filter {name =~ "*microblaze*#0" && bscan=="USER2" }
loadhw -hw E:/kevin/myCode/microBlaze100/vitisJson/syncBlaze/export/syncBlaze/hw/design_1_wrapper.xsa -regs
configparams mdm-detect-bscan-mask 2
targets -set -nocase -filter {name =~ "*microblaze*#0" && bscan=="USER2" }
rst -system
after 3000
targets -set -nocase -filter {name =~ "*microblaze*#0" && bscan=="USER2" }
dow E:/kevin/myCode/microBlaze100/vitisJson/syncMain/Debug/syncMain.elf
----------------End of Script----------------

09:59:12 INFO  : Context for processor 'microblaze_0' is selected.
09:59:12 INFO  : 'con' command is executed.
09:59:12 INFO  : ----------------XSDB Script (After Launch)----------------
targets -set -nocase -filter {name =~ "*microblaze*#0" && bscan=="USER2" }
con
----------------End of Script----------------

09:59:12 INFO  : Launch script is exported to file 'E:\kevin\myCode\microBlaze100\vitisJson\syncMain_system\_ide\scripts\systemdebugger_syncmain_system_standalone.tcl'
09:59:59 INFO  : Checking for BSP changes to sync application flags for project 'syncMain'...
10:00:02 INFO  : Disconnected from the channel tcfchan#14.
10:00:09 INFO  : Connected to target on host '127.0.0.1' and port '3121'.
10:00:09 INFO  : Jtag cable 'Digilent JTAG-HS2 201706300081' is selected.
10:00:09 INFO  : 'jtag frequency' command is executed.
10:00:09 INFO  : 'targets -set -filter {jtag_cable_name =~ "Digilent JTAG-HS2 201706300081" && level==0 && jtag_device_ctx=="jsn-JTAG-HS2-201706300081-13631093-0"}' command is executed.
10:00:13 INFO  : Device configured successfully with "E:/kevin/myCode/microBlaze100/vitisJson/syncMain/_ide/bitstream/download.bit"
10:00:13 INFO  : Context for processor 'microblaze_0' is selected.
10:00:13 INFO  : Hardware design and registers information is loaded from 'E:/kevin/myCode/microBlaze100/vitisJson/syncBlaze/export/syncBlaze/hw/design_1_wrapper.xsa'.
10:00:13 INFO  : 'configparams mdm-detect-bscan-mask 2' command is executed.
10:00:13 INFO  : Context for processor 'microblaze_0' is selected.
10:00:13 INFO  : System reset is completed.
10:00:16 INFO  : 'after 3000' command is executed.
10:00:16 INFO  : Context for processor 'microblaze_0' is selected.
10:00:16 INFO  : The application 'E:/kevin/myCode/microBlaze100/vitisJson/syncMain/Debug/syncMain.elf' is downloaded to processor 'microblaze_0'.
10:00:16 INFO  : ----------------XSDB Script----------------
connect -url tcp:127.0.0.1:3121
targets -set -filter {jtag_cable_name =~ "Digilent JTAG-HS2 201706300081" && level==0 && jtag_device_ctx=="jsn-JTAG-HS2-201706300081-13631093-0"}
fpga -file E:/kevin/myCode/microBlaze100/vitisJson/syncMain/_ide/bitstream/download.bit
targets -set -nocase -filter {name =~ "*microblaze*#0" && bscan=="USER2" }
loadhw -hw E:/kevin/myCode/microBlaze100/vitisJson/syncBlaze/export/syncBlaze/hw/design_1_wrapper.xsa -regs
configparams mdm-detect-bscan-mask 2
targets -set -nocase -filter {name =~ "*microblaze*#0" && bscan=="USER2" }
rst -system
after 3000
targets -set -nocase -filter {name =~ "*microblaze*#0" && bscan=="USER2" }
dow E:/kevin/myCode/microBlaze100/vitisJson/syncMain/Debug/syncMain.elf
----------------End of Script----------------

10:00:16 INFO  : Context for processor 'microblaze_0' is selected.
10:00:16 INFO  : 'con' command is executed.
10:00:16 INFO  : ----------------XSDB Script (After Launch)----------------
targets -set -nocase -filter {name =~ "*microblaze*#0" && bscan=="USER2" }
con
----------------End of Script----------------

10:00:16 INFO  : Launch script is exported to file 'E:\kevin\myCode\microBlaze100\vitisJson\syncMain_system\_ide\scripts\systemdebugger_syncmain_system_standalone.tcl'
10:04:07 INFO  : Disconnected from the channel tcfchan#15.
10:04:08 INFO  : Checking for BSP changes to sync application flags for project 'syncMain'...
10:04:12 INFO  : Connected to target on host '127.0.0.1' and port '3121'.
10:04:12 INFO  : Jtag cable 'Digilent JTAG-HS2 201706300081' is selected.
10:04:12 INFO  : 'jtag frequency' command is executed.
10:04:12 INFO  : 'targets -set -filter {jtag_cable_name =~ "Digilent JTAG-HS2 201706300081" && level==0 && jtag_device_ctx=="jsn-JTAG-HS2-201706300081-13631093-0"}' command is executed.
10:04:15 INFO  : Device configured successfully with "E:/kevin/myCode/microBlaze100/vitisJson/syncMain/_ide/bitstream/download.bit"
10:04:15 INFO  : Context for processor 'microblaze_0' is selected.
10:04:15 INFO  : Hardware design and registers information is loaded from 'E:/kevin/myCode/microBlaze100/vitisJson/syncBlaze/export/syncBlaze/hw/design_1_wrapper.xsa'.
10:04:15 INFO  : 'configparams mdm-detect-bscan-mask 2' command is executed.
10:04:15 INFO  : Context for processor 'microblaze_0' is selected.
10:04:15 INFO  : System reset is completed.
10:04:18 INFO  : 'after 3000' command is executed.
10:04:18 INFO  : Context for processor 'microblaze_0' is selected.
10:04:19 INFO  : The application 'E:/kevin/myCode/microBlaze100/vitisJson/syncMain/Debug/syncMain.elf' is downloaded to processor 'microblaze_0'.
10:04:19 INFO  : ----------------XSDB Script----------------
connect -url tcp:127.0.0.1:3121
targets -set -filter {jtag_cable_name =~ "Digilent JTAG-HS2 201706300081" && level==0 && jtag_device_ctx=="jsn-JTAG-HS2-201706300081-13631093-0"}
fpga -file E:/kevin/myCode/microBlaze100/vitisJson/syncMain/_ide/bitstream/download.bit
targets -set -nocase -filter {name =~ "*microblaze*#0" && bscan=="USER2" }
loadhw -hw E:/kevin/myCode/microBlaze100/vitisJson/syncBlaze/export/syncBlaze/hw/design_1_wrapper.xsa -regs
configparams mdm-detect-bscan-mask 2
targets -set -nocase -filter {name =~ "*microblaze*#0" && bscan=="USER2" }
rst -system
after 3000
targets -set -nocase -filter {name =~ "*microblaze*#0" && bscan=="USER2" }
dow E:/kevin/myCode/microBlaze100/vitisJson/syncMain/Debug/syncMain.elf
----------------End of Script----------------

10:04:19 INFO  : Context for processor 'microblaze_0' is selected.
10:04:19 INFO  : 'con' command is executed.
10:04:19 INFO  : ----------------XSDB Script (After Launch)----------------
targets -set -nocase -filter {name =~ "*microblaze*#0" && bscan=="USER2" }
con
----------------End of Script----------------

10:04:19 INFO  : Launch script is exported to file 'E:\kevin\myCode\microBlaze100\vitisJson\syncMain_system\_ide\scripts\systemdebugger_syncmain_system_standalone.tcl'
10:05:24 INFO  : Checking for BSP changes to sync application flags for project 'syncMain'...
10:05:29 INFO  : Checking for BSP changes to sync application flags for project 'syncMain'...
10:05:31 INFO  : Disconnected from the channel tcfchan#16.
10:05:39 INFO  : Connected to target on host '127.0.0.1' and port '3121'.
10:05:40 INFO  : Jtag cable 'Digilent JTAG-HS2 201706300081' is selected.
10:05:40 INFO  : 'jtag frequency' command is executed.
10:05:40 INFO  : 'targets -set -filter {jtag_cable_name =~ "Digilent JTAG-HS2 201706300081" && level==0 && jtag_device_ctx=="jsn-JTAG-HS2-201706300081-13631093-0"}' command is executed.
10:05:43 INFO  : Device configured successfully with "E:/kevin/myCode/microBlaze100/vitisJson/syncMain/_ide/bitstream/download.bit"
10:05:43 INFO  : Context for processor 'microblaze_0' is selected.
10:05:43 INFO  : Hardware design and registers information is loaded from 'E:/kevin/myCode/microBlaze100/vitisJson/syncBlaze/export/syncBlaze/hw/design_1_wrapper.xsa'.
10:05:43 INFO  : 'configparams mdm-detect-bscan-mask 2' command is executed.
10:05:43 INFO  : Context for processor 'microblaze_0' is selected.
10:05:43 INFO  : System reset is completed.
10:05:46 INFO  : 'after 3000' command is executed.
10:05:46 INFO  : Context for processor 'microblaze_0' is selected.
10:05:46 INFO  : The application 'E:/kevin/myCode/microBlaze100/vitisJson/syncMain/Debug/syncMain.elf' is downloaded to processor 'microblaze_0'.
10:05:46 INFO  : ----------------XSDB Script----------------
connect -url tcp:127.0.0.1:3121
targets -set -filter {jtag_cable_name =~ "Digilent JTAG-HS2 201706300081" && level==0 && jtag_device_ctx=="jsn-JTAG-HS2-201706300081-13631093-0"}
fpga -file E:/kevin/myCode/microBlaze100/vitisJson/syncMain/_ide/bitstream/download.bit
targets -set -nocase -filter {name =~ "*microblaze*#0" && bscan=="USER2" }
loadhw -hw E:/kevin/myCode/microBlaze100/vitisJson/syncBlaze/export/syncBlaze/hw/design_1_wrapper.xsa -regs
configparams mdm-detect-bscan-mask 2
targets -set -nocase -filter {name =~ "*microblaze*#0" && bscan=="USER2" }
rst -system
after 3000
targets -set -nocase -filter {name =~ "*microblaze*#0" && bscan=="USER2" }
dow E:/kevin/myCode/microBlaze100/vitisJson/syncMain/Debug/syncMain.elf
----------------End of Script----------------

10:05:47 INFO  : Context for processor 'microblaze_0' is selected.
10:05:47 INFO  : 'con' command is executed.
10:05:47 INFO  : ----------------XSDB Script (After Launch)----------------
targets -set -nocase -filter {name =~ "*microblaze*#0" && bscan=="USER2" }
con
----------------End of Script----------------

10:05:47 INFO  : Launch script is exported to file 'E:\kevin\myCode\microBlaze100\vitisJson\syncMain_system\_ide\scripts\systemdebugger_syncmain_system_standalone.tcl'
10:07:41 INFO  : Disconnected from the channel tcfchan#17.
10:07:42 INFO  : Checking for BSP changes to sync application flags for project 'syncMain'...
10:07:45 INFO  : Connected to target on host '127.0.0.1' and port '3121'.
10:07:46 INFO  : Jtag cable 'Digilent JTAG-HS2 201706300081' is selected.
10:07:46 INFO  : 'jtag frequency' command is executed.
10:07:46 INFO  : 'targets -set -filter {jtag_cable_name =~ "Digilent JTAG-HS2 201706300081" && level==0 && jtag_device_ctx=="jsn-JTAG-HS2-201706300081-13631093-0"}' command is executed.
10:07:49 INFO  : Device configured successfully with "E:/kevin/myCode/microBlaze100/vitisJson/syncMain/_ide/bitstream/download.bit"
10:07:49 INFO  : Context for processor 'microblaze_0' is selected.
10:07:49 INFO  : Hardware design and registers information is loaded from 'E:/kevin/myCode/microBlaze100/vitisJson/syncBlaze/export/syncBlaze/hw/design_1_wrapper.xsa'.
10:07:49 INFO  : 'configparams mdm-detect-bscan-mask 2' command is executed.
10:07:49 INFO  : Context for processor 'microblaze_0' is selected.
10:07:49 INFO  : System reset is completed.
10:07:52 INFO  : 'after 3000' command is executed.
10:07:52 INFO  : Context for processor 'microblaze_0' is selected.
10:07:52 INFO  : The application 'E:/kevin/myCode/microBlaze100/vitisJson/syncMain/Debug/syncMain.elf' is downloaded to processor 'microblaze_0'.
10:07:52 INFO  : ----------------XSDB Script----------------
connect -url tcp:127.0.0.1:3121
targets -set -filter {jtag_cable_name =~ "Digilent JTAG-HS2 201706300081" && level==0 && jtag_device_ctx=="jsn-JTAG-HS2-201706300081-13631093-0"}
fpga -file E:/kevin/myCode/microBlaze100/vitisJson/syncMain/_ide/bitstream/download.bit
targets -set -nocase -filter {name =~ "*microblaze*#0" && bscan=="USER2" }
loadhw -hw E:/kevin/myCode/microBlaze100/vitisJson/syncBlaze/export/syncBlaze/hw/design_1_wrapper.xsa -regs
configparams mdm-detect-bscan-mask 2
targets -set -nocase -filter {name =~ "*microblaze*#0" && bscan=="USER2" }
rst -system
after 3000
targets -set -nocase -filter {name =~ "*microblaze*#0" && bscan=="USER2" }
dow E:/kevin/myCode/microBlaze100/vitisJson/syncMain/Debug/syncMain.elf
----------------End of Script----------------

10:07:53 INFO  : Context for processor 'microblaze_0' is selected.
10:07:53 INFO  : 'con' command is executed.
10:07:53 INFO  : ----------------XSDB Script (After Launch)----------------
targets -set -nocase -filter {name =~ "*microblaze*#0" && bscan=="USER2" }
con
----------------End of Script----------------

10:07:53 INFO  : Launch script is exported to file 'E:\kevin\myCode\microBlaze100\vitisJson\syncMain_system\_ide\scripts\systemdebugger_syncmain_system_standalone.tcl'
10:09:19 INFO  : Disconnected from the channel tcfchan#18.
10:09:20 INFO  : Checking for BSP changes to sync application flags for project 'syncMain'...
10:09:47 INFO  : Checking for BSP changes to sync application flags for project 'syncMain'...
10:09:53 INFO  : Connected to target on host '127.0.0.1' and port '3121'.
10:09:54 INFO  : Jtag cable 'Digilent JTAG-HS2 201706300081' is selected.
10:09:54 INFO  : 'jtag frequency' command is executed.
10:09:54 INFO  : 'targets -set -filter {jtag_cable_name =~ "Digilent JTAG-HS2 201706300081" && level==0 && jtag_device_ctx=="jsn-JTAG-HS2-201706300081-13631093-0"}' command is executed.
10:09:57 INFO  : Device configured successfully with "E:/kevin/myCode/microBlaze100/vitisJson/syncMain/_ide/bitstream/download.bit"
10:09:57 INFO  : Context for processor 'microblaze_0' is selected.
10:09:57 INFO  : Hardware design and registers information is loaded from 'E:/kevin/myCode/microBlaze100/vitisJson/syncBlaze/export/syncBlaze/hw/design_1_wrapper.xsa'.
10:09:57 INFO  : 'configparams mdm-detect-bscan-mask 2' command is executed.
10:09:57 INFO  : Context for processor 'microblaze_0' is selected.
10:09:57 INFO  : System reset is completed.
10:10:00 INFO  : 'after 3000' command is executed.
10:10:00 INFO  : Context for processor 'microblaze_0' is selected.
10:10:00 INFO  : The application 'E:/kevin/myCode/microBlaze100/vitisJson/syncMain/Debug/syncMain.elf' is downloaded to processor 'microblaze_0'.
10:10:00 INFO  : ----------------XSDB Script----------------
connect -url tcp:127.0.0.1:3121
targets -set -filter {jtag_cable_name =~ "Digilent JTAG-HS2 201706300081" && level==0 && jtag_device_ctx=="jsn-JTAG-HS2-201706300081-13631093-0"}
fpga -file E:/kevin/myCode/microBlaze100/vitisJson/syncMain/_ide/bitstream/download.bit
targets -set -nocase -filter {name =~ "*microblaze*#0" && bscan=="USER2" }
loadhw -hw E:/kevin/myCode/microBlaze100/vitisJson/syncBlaze/export/syncBlaze/hw/design_1_wrapper.xsa -regs
configparams mdm-detect-bscan-mask 2
targets -set -nocase -filter {name =~ "*microblaze*#0" && bscan=="USER2" }
rst -system
after 3000
targets -set -nocase -filter {name =~ "*microblaze*#0" && bscan=="USER2" }
dow E:/kevin/myCode/microBlaze100/vitisJson/syncMain/Debug/syncMain.elf
----------------End of Script----------------

10:10:00 INFO  : Context for processor 'microblaze_0' is selected.
10:10:00 INFO  : 'con' command is executed.
10:10:00 INFO  : ----------------XSDB Script (After Launch)----------------
targets -set -nocase -filter {name =~ "*microblaze*#0" && bscan=="USER2" }
con
----------------End of Script----------------

10:10:00 INFO  : Launch script is exported to file 'E:\kevin\myCode\microBlaze100\vitisJson\syncMain_system\_ide\scripts\systemdebugger_syncmain_system_standalone.tcl'
10:11:06 INFO  : Disconnected from the channel tcfchan#19.
10:11:08 INFO  : Checking for BSP changes to sync application flags for project 'syncMain'...
10:11:11 INFO  : Connected to target on host '127.0.0.1' and port '3121'.
10:11:11 INFO  : Jtag cable 'Digilent JTAG-HS2 201706300081' is selected.
10:11:11 INFO  : 'jtag frequency' command is executed.
10:11:11 INFO  : 'targets -set -filter {jtag_cable_name =~ "Digilent JTAG-HS2 201706300081" && level==0 && jtag_device_ctx=="jsn-JTAG-HS2-201706300081-13631093-0"}' command is executed.
10:11:14 INFO  : Device configured successfully with "E:/kevin/myCode/microBlaze100/vitisJson/syncMain/_ide/bitstream/download.bit"
10:11:14 INFO  : Context for processor 'microblaze_0' is selected.
10:11:14 INFO  : Hardware design and registers information is loaded from 'E:/kevin/myCode/microBlaze100/vitisJson/syncBlaze/export/syncBlaze/hw/design_1_wrapper.xsa'.
10:11:14 INFO  : 'configparams mdm-detect-bscan-mask 2' command is executed.
10:11:14 INFO  : Context for processor 'microblaze_0' is selected.
10:11:14 INFO  : System reset is completed.
10:11:17 INFO  : 'after 3000' command is executed.
10:11:17 INFO  : Context for processor 'microblaze_0' is selected.
10:11:17 INFO  : The application 'E:/kevin/myCode/microBlaze100/vitisJson/syncMain/Debug/syncMain.elf' is downloaded to processor 'microblaze_0'.
10:11:17 INFO  : ----------------XSDB Script----------------
connect -url tcp:127.0.0.1:3121
targets -set -filter {jtag_cable_name =~ "Digilent JTAG-HS2 201706300081" && level==0 && jtag_device_ctx=="jsn-JTAG-HS2-201706300081-13631093-0"}
fpga -file E:/kevin/myCode/microBlaze100/vitisJson/syncMain/_ide/bitstream/download.bit
targets -set -nocase -filter {name =~ "*microblaze*#0" && bscan=="USER2" }
loadhw -hw E:/kevin/myCode/microBlaze100/vitisJson/syncBlaze/export/syncBlaze/hw/design_1_wrapper.xsa -regs
configparams mdm-detect-bscan-mask 2
targets -set -nocase -filter {name =~ "*microblaze*#0" && bscan=="USER2" }
rst -system
after 3000
targets -set -nocase -filter {name =~ "*microblaze*#0" && bscan=="USER2" }
dow E:/kevin/myCode/microBlaze100/vitisJson/syncMain/Debug/syncMain.elf
----------------End of Script----------------

10:11:18 INFO  : Context for processor 'microblaze_0' is selected.
10:11:18 INFO  : 'con' command is executed.
10:11:18 INFO  : ----------------XSDB Script (After Launch)----------------
targets -set -nocase -filter {name =~ "*microblaze*#0" && bscan=="USER2" }
con
----------------End of Script----------------

10:11:18 INFO  : Launch script is exported to file 'E:\kevin\myCode\microBlaze100\vitisJson\syncMain_system\_ide\scripts\systemdebugger_syncmain_system_standalone.tcl'
10:12:09 INFO  : Disconnected from the channel tcfchan#20.
10:12:10 INFO  : Checking for BSP changes to sync application flags for project 'syncMain'...
10:12:14 INFO  : Connected to target on host '127.0.0.1' and port '3121'.
10:12:14 INFO  : Jtag cable 'Digilent JTAG-HS2 201706300081' is selected.
10:12:14 INFO  : 'jtag frequency' command is executed.
10:12:14 INFO  : 'targets -set -filter {jtag_cable_name =~ "Digilent JTAG-HS2 201706300081" && level==0 && jtag_device_ctx=="jsn-JTAG-HS2-201706300081-13631093-0"}' command is executed.
10:12:17 INFO  : Device configured successfully with "E:/kevin/myCode/microBlaze100/vitisJson/syncMain/_ide/bitstream/download.bit"
10:12:17 INFO  : Context for processor 'microblaze_0' is selected.
10:12:17 INFO  : Hardware design and registers information is loaded from 'E:/kevin/myCode/microBlaze100/vitisJson/syncBlaze/export/syncBlaze/hw/design_1_wrapper.xsa'.
10:12:17 INFO  : 'configparams mdm-detect-bscan-mask 2' command is executed.
10:12:17 INFO  : Context for processor 'microblaze_0' is selected.
10:12:17 INFO  : System reset is completed.
10:12:20 INFO  : 'after 3000' command is executed.
10:12:20 INFO  : Context for processor 'microblaze_0' is selected.
10:12:21 INFO  : The application 'E:/kevin/myCode/microBlaze100/vitisJson/syncMain/Debug/syncMain.elf' is downloaded to processor 'microblaze_0'.
10:12:21 INFO  : ----------------XSDB Script----------------
connect -url tcp:127.0.0.1:3121
targets -set -filter {jtag_cable_name =~ "Digilent JTAG-HS2 201706300081" && level==0 && jtag_device_ctx=="jsn-JTAG-HS2-201706300081-13631093-0"}
fpga -file E:/kevin/myCode/microBlaze100/vitisJson/syncMain/_ide/bitstream/download.bit
targets -set -nocase -filter {name =~ "*microblaze*#0" && bscan=="USER2" }
loadhw -hw E:/kevin/myCode/microBlaze100/vitisJson/syncBlaze/export/syncBlaze/hw/design_1_wrapper.xsa -regs
configparams mdm-detect-bscan-mask 2
targets -set -nocase -filter {name =~ "*microblaze*#0" && bscan=="USER2" }
rst -system
after 3000
targets -set -nocase -filter {name =~ "*microblaze*#0" && bscan=="USER2" }
dow E:/kevin/myCode/microBlaze100/vitisJson/syncMain/Debug/syncMain.elf
----------------End of Script----------------

10:12:21 INFO  : Context for processor 'microblaze_0' is selected.
10:12:21 INFO  : 'con' command is executed.
10:12:21 INFO  : ----------------XSDB Script (After Launch)----------------
targets -set -nocase -filter {name =~ "*microblaze*#0" && bscan=="USER2" }
con
----------------End of Script----------------

10:12:21 INFO  : Launch script is exported to file 'E:\kevin\myCode\microBlaze100\vitisJson\syncMain_system\_ide\scripts\systemdebugger_syncmain_system_standalone.tcl'
10:13:07 INFO  : Checking for BSP changes to sync application flags for project 'syncMain'...
10:13:09 INFO  : Disconnected from the channel tcfchan#21.
10:13:12 INFO  : Connected to target on host '127.0.0.1' and port '3121'.
10:13:12 INFO  : Jtag cable 'Digilent JTAG-HS2 201706300081' is selected.
10:13:12 INFO  : 'jtag frequency' command is executed.
10:13:12 INFO  : 'targets -set -filter {jtag_cable_name =~ "Digilent JTAG-HS2 201706300081" && level==0 && jtag_device_ctx=="jsn-JTAG-HS2-201706300081-13631093-0"}' command is executed.
10:13:15 INFO  : Device configured successfully with "E:/kevin/myCode/microBlaze100/vitisJson/syncMain/_ide/bitstream/download.bit"
10:13:15 INFO  : Context for processor 'microblaze_0' is selected.
10:13:15 INFO  : Hardware design and registers information is loaded from 'E:/kevin/myCode/microBlaze100/vitisJson/syncBlaze/export/syncBlaze/hw/design_1_wrapper.xsa'.
10:13:15 INFO  : 'configparams mdm-detect-bscan-mask 2' command is executed.
10:13:15 INFO  : Context for processor 'microblaze_0' is selected.
10:13:15 INFO  : System reset is completed.
10:13:18 INFO  : 'after 3000' command is executed.
10:13:18 INFO  : Context for processor 'microblaze_0' is selected.
10:13:19 INFO  : The application 'E:/kevin/myCode/microBlaze100/vitisJson/syncMain/Debug/syncMain.elf' is downloaded to processor 'microblaze_0'.
10:13:19 INFO  : ----------------XSDB Script----------------
connect -url tcp:127.0.0.1:3121
targets -set -filter {jtag_cable_name =~ "Digilent JTAG-HS2 201706300081" && level==0 && jtag_device_ctx=="jsn-JTAG-HS2-201706300081-13631093-0"}
fpga -file E:/kevin/myCode/microBlaze100/vitisJson/syncMain/_ide/bitstream/download.bit
targets -set -nocase -filter {name =~ "*microblaze*#0" && bscan=="USER2" }
loadhw -hw E:/kevin/myCode/microBlaze100/vitisJson/syncBlaze/export/syncBlaze/hw/design_1_wrapper.xsa -regs
configparams mdm-detect-bscan-mask 2
targets -set -nocase -filter {name =~ "*microblaze*#0" && bscan=="USER2" }
rst -system
after 3000
targets -set -nocase -filter {name =~ "*microblaze*#0" && bscan=="USER2" }
dow E:/kevin/myCode/microBlaze100/vitisJson/syncMain/Debug/syncMain.elf
----------------End of Script----------------

10:13:19 INFO  : Context for processor 'microblaze_0' is selected.
10:13:19 INFO  : 'con' command is executed.
10:13:19 INFO  : ----------------XSDB Script (After Launch)----------------
targets -set -nocase -filter {name =~ "*microblaze*#0" && bscan=="USER2" }
con
----------------End of Script----------------

10:13:19 INFO  : Launch script is exported to file 'E:\kevin\myCode\microBlaze100\vitisJson\syncMain_system\_ide\scripts\systemdebugger_syncmain_system_standalone.tcl'
10:13:58 INFO  : Checking for BSP changes to sync application flags for project 'syncMain'...
10:14:01 INFO  : Disconnected from the channel tcfchan#22.
10:14:02 INFO  : Connected to target on host '127.0.0.1' and port '3121'.
10:14:03 INFO  : Jtag cable 'Digilent JTAG-HS2 201706300081' is selected.
10:14:03 INFO  : 'jtag frequency' command is executed.
10:14:03 INFO  : 'targets -set -filter {jtag_cable_name =~ "Digilent JTAG-HS2 201706300081" && level==0 && jtag_device_ctx=="jsn-JTAG-HS2-201706300081-13631093-0"}' command is executed.
10:14:06 INFO  : Device configured successfully with "E:/kevin/myCode/microBlaze100/vitisJson/syncMain/_ide/bitstream/download.bit"
10:14:06 INFO  : Context for processor 'microblaze_0' is selected.
10:14:06 INFO  : Hardware design and registers information is loaded from 'E:/kevin/myCode/microBlaze100/vitisJson/syncBlaze/export/syncBlaze/hw/design_1_wrapper.xsa'.
10:14:06 INFO  : 'configparams mdm-detect-bscan-mask 2' command is executed.
10:14:06 INFO  : Context for processor 'microblaze_0' is selected.
10:14:06 INFO  : System reset is completed.
10:14:09 INFO  : 'after 3000' command is executed.
10:14:09 INFO  : Context for processor 'microblaze_0' is selected.
10:14:09 INFO  : The application 'E:/kevin/myCode/microBlaze100/vitisJson/syncMain/Debug/syncMain.elf' is downloaded to processor 'microblaze_0'.
10:14:09 INFO  : ----------------XSDB Script----------------
connect -url tcp:127.0.0.1:3121
targets -set -filter {jtag_cable_name =~ "Digilent JTAG-HS2 201706300081" && level==0 && jtag_device_ctx=="jsn-JTAG-HS2-201706300081-13631093-0"}
fpga -file E:/kevin/myCode/microBlaze100/vitisJson/syncMain/_ide/bitstream/download.bit
targets -set -nocase -filter {name =~ "*microblaze*#0" && bscan=="USER2" }
loadhw -hw E:/kevin/myCode/microBlaze100/vitisJson/syncBlaze/export/syncBlaze/hw/design_1_wrapper.xsa -regs
configparams mdm-detect-bscan-mask 2
targets -set -nocase -filter {name =~ "*microblaze*#0" && bscan=="USER2" }
rst -system
after 3000
targets -set -nocase -filter {name =~ "*microblaze*#0" && bscan=="USER2" }
dow E:/kevin/myCode/microBlaze100/vitisJson/syncMain/Debug/syncMain.elf
----------------End of Script----------------

10:14:10 INFO  : Context for processor 'microblaze_0' is selected.
10:14:10 INFO  : 'con' command is executed.
10:14:10 INFO  : ----------------XSDB Script (After Launch)----------------
targets -set -nocase -filter {name =~ "*microblaze*#0" && bscan=="USER2" }
con
----------------End of Script----------------

10:14:10 INFO  : Launch script is exported to file 'E:\kevin\myCode\microBlaze100\vitisJson\syncMain_system\_ide\scripts\systemdebugger_syncmain_system_standalone.tcl'
10:14:57 INFO  : Checking for BSP changes to sync application flags for project 'syncMain'...
10:15:00 INFO  : Disconnected from the channel tcfchan#23.
10:15:02 INFO  : Connected to target on host '127.0.0.1' and port '3121'.
10:15:02 INFO  : Jtag cable 'Digilent JTAG-HS2 201706300081' is selected.
10:15:02 INFO  : 'jtag frequency' command is executed.
10:15:02 INFO  : 'targets -set -filter {jtag_cable_name =~ "Digilent JTAG-HS2 201706300081" && level==0 && jtag_device_ctx=="jsn-JTAG-HS2-201706300081-13631093-0"}' command is executed.
10:15:05 INFO  : Device configured successfully with "E:/kevin/myCode/microBlaze100/vitisJson/syncMain/_ide/bitstream/download.bit"
10:15:05 INFO  : Context for processor 'microblaze_0' is selected.
10:15:05 INFO  : Hardware design and registers information is loaded from 'E:/kevin/myCode/microBlaze100/vitisJson/syncBlaze/export/syncBlaze/hw/design_1_wrapper.xsa'.
10:15:05 INFO  : 'configparams mdm-detect-bscan-mask 2' command is executed.
10:15:05 INFO  : Context for processor 'microblaze_0' is selected.
10:15:05 INFO  : System reset is completed.
10:15:08 INFO  : 'after 3000' command is executed.
10:15:08 INFO  : Context for processor 'microblaze_0' is selected.
10:15:09 INFO  : The application 'E:/kevin/myCode/microBlaze100/vitisJson/syncMain/Debug/syncMain.elf' is downloaded to processor 'microblaze_0'.
10:15:09 INFO  : ----------------XSDB Script----------------
connect -url tcp:127.0.0.1:3121
targets -set -filter {jtag_cable_name =~ "Digilent JTAG-HS2 201706300081" && level==0 && jtag_device_ctx=="jsn-JTAG-HS2-201706300081-13631093-0"}
fpga -file E:/kevin/myCode/microBlaze100/vitisJson/syncMain/_ide/bitstream/download.bit
targets -set -nocase -filter {name =~ "*microblaze*#0" && bscan=="USER2" }
loadhw -hw E:/kevin/myCode/microBlaze100/vitisJson/syncBlaze/export/syncBlaze/hw/design_1_wrapper.xsa -regs
configparams mdm-detect-bscan-mask 2
targets -set -nocase -filter {name =~ "*microblaze*#0" && bscan=="USER2" }
rst -system
after 3000
targets -set -nocase -filter {name =~ "*microblaze*#0" && bscan=="USER2" }
dow E:/kevin/myCode/microBlaze100/vitisJson/syncMain/Debug/syncMain.elf
----------------End of Script----------------

10:15:09 INFO  : Context for processor 'microblaze_0' is selected.
10:15:09 INFO  : 'con' command is executed.
10:15:09 INFO  : ----------------XSDB Script (After Launch)----------------
targets -set -nocase -filter {name =~ "*microblaze*#0" && bscan=="USER2" }
con
----------------End of Script----------------

10:15:09 INFO  : Launch script is exported to file 'E:\kevin\myCode\microBlaze100\vitisJson\syncMain_system\_ide\scripts\systemdebugger_syncmain_system_standalone.tcl'
10:16:12 INFO  : Disconnected from the channel tcfchan#24.
10:16:13 INFO  : Checking for BSP changes to sync application flags for project 'syncMain'...
10:16:16 INFO  : Connected to target on host '127.0.0.1' and port '3121'.
10:16:16 INFO  : Jtag cable 'Digilent JTAG-HS2 201706300081' is selected.
10:16:16 INFO  : 'jtag frequency' command is executed.
10:16:16 INFO  : 'targets -set -filter {jtag_cable_name =~ "Digilent JTAG-HS2 201706300081" && level==0 && jtag_device_ctx=="jsn-JTAG-HS2-201706300081-13631093-0"}' command is executed.
10:16:19 INFO  : Device configured successfully with "E:/kevin/myCode/microBlaze100/vitisJson/syncMain/_ide/bitstream/download.bit"
10:16:20 INFO  : Context for processor 'microblaze_0' is selected.
10:16:20 INFO  : Hardware design and registers information is loaded from 'E:/kevin/myCode/microBlaze100/vitisJson/syncBlaze/export/syncBlaze/hw/design_1_wrapper.xsa'.
10:16:20 INFO  : 'configparams mdm-detect-bscan-mask 2' command is executed.
10:16:20 INFO  : Context for processor 'microblaze_0' is selected.
10:16:20 INFO  : System reset is completed.
10:16:23 INFO  : 'after 3000' command is executed.
10:16:23 INFO  : Context for processor 'microblaze_0' is selected.
10:16:23 INFO  : The application 'E:/kevin/myCode/microBlaze100/vitisJson/syncMain/Debug/syncMain.elf' is downloaded to processor 'microblaze_0'.
10:16:23 INFO  : ----------------XSDB Script----------------
connect -url tcp:127.0.0.1:3121
targets -set -filter {jtag_cable_name =~ "Digilent JTAG-HS2 201706300081" && level==0 && jtag_device_ctx=="jsn-JTAG-HS2-201706300081-13631093-0"}
fpga -file E:/kevin/myCode/microBlaze100/vitisJson/syncMain/_ide/bitstream/download.bit
targets -set -nocase -filter {name =~ "*microblaze*#0" && bscan=="USER2" }
loadhw -hw E:/kevin/myCode/microBlaze100/vitisJson/syncBlaze/export/syncBlaze/hw/design_1_wrapper.xsa -regs
configparams mdm-detect-bscan-mask 2
targets -set -nocase -filter {name =~ "*microblaze*#0" && bscan=="USER2" }
rst -system
after 3000
targets -set -nocase -filter {name =~ "*microblaze*#0" && bscan=="USER2" }
dow E:/kevin/myCode/microBlaze100/vitisJson/syncMain/Debug/syncMain.elf
----------------End of Script----------------

10:16:23 INFO  : Context for processor 'microblaze_0' is selected.
10:16:23 INFO  : 'con' command is executed.
10:16:23 INFO  : ----------------XSDB Script (After Launch)----------------
targets -set -nocase -filter {name =~ "*microblaze*#0" && bscan=="USER2" }
con
----------------End of Script----------------

10:16:23 INFO  : Launch script is exported to file 'E:\kevin\myCode\microBlaze100\vitisJson\syncMain_system\_ide\scripts\systemdebugger_syncmain_system_standalone.tcl'
10:18:22 INFO  : Disconnected from the channel tcfchan#25.
10:18:23 INFO  : Checking for BSP changes to sync application flags for project 'syncMain'...
10:18:26 INFO  : Connected to target on host '127.0.0.1' and port '3121'.
10:18:26 INFO  : Jtag cable 'Digilent JTAG-HS2 201706300081' is selected.
10:18:26 INFO  : 'jtag frequency' command is executed.
10:18:26 INFO  : 'targets -set -filter {jtag_cable_name =~ "Digilent JTAG-HS2 201706300081" && level==0 && jtag_device_ctx=="jsn-JTAG-HS2-201706300081-13631093-0"}' command is executed.
10:18:29 INFO  : Device configured successfully with "E:/kevin/myCode/microBlaze100/vitisJson/syncMain/_ide/bitstream/download.bit"
10:18:29 INFO  : Context for processor 'microblaze_0' is selected.
10:18:29 INFO  : Hardware design and registers information is loaded from 'E:/kevin/myCode/microBlaze100/vitisJson/syncBlaze/export/syncBlaze/hw/design_1_wrapper.xsa'.
10:18:29 INFO  : 'configparams mdm-detect-bscan-mask 2' command is executed.
10:18:29 INFO  : Context for processor 'microblaze_0' is selected.
10:18:29 INFO  : System reset is completed.
10:18:32 INFO  : 'after 3000' command is executed.
10:18:32 INFO  : Context for processor 'microblaze_0' is selected.
10:18:33 INFO  : The application 'E:/kevin/myCode/microBlaze100/vitisJson/syncMain/Debug/syncMain.elf' is downloaded to processor 'microblaze_0'.
10:18:33 INFO  : ----------------XSDB Script----------------
connect -url tcp:127.0.0.1:3121
targets -set -filter {jtag_cable_name =~ "Digilent JTAG-HS2 201706300081" && level==0 && jtag_device_ctx=="jsn-JTAG-HS2-201706300081-13631093-0"}
fpga -file E:/kevin/myCode/microBlaze100/vitisJson/syncMain/_ide/bitstream/download.bit
targets -set -nocase -filter {name =~ "*microblaze*#0" && bscan=="USER2" }
loadhw -hw E:/kevin/myCode/microBlaze100/vitisJson/syncBlaze/export/syncBlaze/hw/design_1_wrapper.xsa -regs
configparams mdm-detect-bscan-mask 2
targets -set -nocase -filter {name =~ "*microblaze*#0" && bscan=="USER2" }
rst -system
after 3000
targets -set -nocase -filter {name =~ "*microblaze*#0" && bscan=="USER2" }
dow E:/kevin/myCode/microBlaze100/vitisJson/syncMain/Debug/syncMain.elf
----------------End of Script----------------

10:18:33 INFO  : Context for processor 'microblaze_0' is selected.
10:18:33 INFO  : 'con' command is executed.
10:18:33 INFO  : ----------------XSDB Script (After Launch)----------------
targets -set -nocase -filter {name =~ "*microblaze*#0" && bscan=="USER2" }
con
----------------End of Script----------------

10:18:33 INFO  : Launch script is exported to file 'E:\kevin\myCode\microBlaze100\vitisJson\syncMain_system\_ide\scripts\systemdebugger_syncmain_system_standalone.tcl'
10:19:04 INFO  : Checking for BSP changes to sync application flags for project 'syncMain'...
10:19:06 INFO  : Disconnected from the channel tcfchan#26.
10:19:07 INFO  : Connected to target on host '127.0.0.1' and port '3121'.
10:19:08 INFO  : Jtag cable 'Digilent JTAG-HS2 201706300081' is selected.
10:19:08 INFO  : 'jtag frequency' command is executed.
10:19:08 INFO  : 'targets -set -filter {jtag_cable_name =~ "Digilent JTAG-HS2 201706300081" && level==0 && jtag_device_ctx=="jsn-JTAG-HS2-201706300081-13631093-0"}' command is executed.
10:19:11 INFO  : Device configured successfully with "E:/kevin/myCode/microBlaze100/vitisJson/syncMain/_ide/bitstream/download.bit"
10:19:11 INFO  : Context for processor 'microblaze_0' is selected.
10:19:12 INFO  : Hardware design and registers information is loaded from 'E:/kevin/myCode/microBlaze100/vitisJson/syncBlaze/export/syncBlaze/hw/design_1_wrapper.xsa'.
10:19:12 INFO  : 'configparams mdm-detect-bscan-mask 2' command is executed.
10:19:12 INFO  : Context for processor 'microblaze_0' is selected.
10:19:12 INFO  : System reset is completed.
10:19:15 INFO  : 'after 3000' command is executed.
10:19:15 INFO  : Context for processor 'microblaze_0' is selected.
10:19:15 INFO  : The application 'E:/kevin/myCode/microBlaze100/vitisJson/syncMain/Debug/syncMain.elf' is downloaded to processor 'microblaze_0'.
10:19:15 INFO  : ----------------XSDB Script----------------
connect -url tcp:127.0.0.1:3121
targets -set -filter {jtag_cable_name =~ "Digilent JTAG-HS2 201706300081" && level==0 && jtag_device_ctx=="jsn-JTAG-HS2-201706300081-13631093-0"}
fpga -file E:/kevin/myCode/microBlaze100/vitisJson/syncMain/_ide/bitstream/download.bit
targets -set -nocase -filter {name =~ "*microblaze*#0" && bscan=="USER2" }
loadhw -hw E:/kevin/myCode/microBlaze100/vitisJson/syncBlaze/export/syncBlaze/hw/design_1_wrapper.xsa -regs
configparams mdm-detect-bscan-mask 2
targets -set -nocase -filter {name =~ "*microblaze*#0" && bscan=="USER2" }
rst -system
after 3000
targets -set -nocase -filter {name =~ "*microblaze*#0" && bscan=="USER2" }
dow E:/kevin/myCode/microBlaze100/vitisJson/syncMain/Debug/syncMain.elf
----------------End of Script----------------

10:19:15 INFO  : Context for processor 'microblaze_0' is selected.
10:19:15 INFO  : 'con' command is executed.
10:19:15 INFO  : ----------------XSDB Script (After Launch)----------------
targets -set -nocase -filter {name =~ "*microblaze*#0" && bscan=="USER2" }
con
----------------End of Script----------------

10:19:15 INFO  : Launch script is exported to file 'E:\kevin\myCode\microBlaze100\vitisJson\syncMain_system\_ide\scripts\systemdebugger_syncmain_system_standalone.tcl'
10:20:25 INFO  : Disconnected from the channel tcfchan#27.
10:20:26 INFO  : Checking for BSP changes to sync application flags for project 'syncMain'...
10:20:29 INFO  : Connected to target on host '127.0.0.1' and port '3121'.
10:20:29 INFO  : Jtag cable 'Digilent JTAG-HS2 201706300081' is selected.
10:20:29 INFO  : 'jtag frequency' command is executed.
10:20:29 INFO  : 'targets -set -filter {jtag_cable_name =~ "Digilent JTAG-HS2 201706300081" && level==0 && jtag_device_ctx=="jsn-JTAG-HS2-201706300081-13631093-0"}' command is executed.
10:20:32 INFO  : Device configured successfully with "E:/kevin/myCode/microBlaze100/vitisJson/syncMain/_ide/bitstream/download.bit"
10:20:32 INFO  : Context for processor 'microblaze_0' is selected.
10:20:32 INFO  : Hardware design and registers information is loaded from 'E:/kevin/myCode/microBlaze100/vitisJson/syncBlaze/export/syncBlaze/hw/design_1_wrapper.xsa'.
10:20:32 INFO  : 'configparams mdm-detect-bscan-mask 2' command is executed.
10:20:32 INFO  : Context for processor 'microblaze_0' is selected.
10:20:32 INFO  : System reset is completed.
10:20:35 INFO  : 'after 3000' command is executed.
10:20:36 INFO  : Context for processor 'microblaze_0' is selected.
10:20:36 INFO  : The application 'E:/kevin/myCode/microBlaze100/vitisJson/syncMain/Debug/syncMain.elf' is downloaded to processor 'microblaze_0'.
10:20:36 INFO  : ----------------XSDB Script----------------
connect -url tcp:127.0.0.1:3121
targets -set -filter {jtag_cable_name =~ "Digilent JTAG-HS2 201706300081" && level==0 && jtag_device_ctx=="jsn-JTAG-HS2-201706300081-13631093-0"}
fpga -file E:/kevin/myCode/microBlaze100/vitisJson/syncMain/_ide/bitstream/download.bit
targets -set -nocase -filter {name =~ "*microblaze*#0" && bscan=="USER2" }
loadhw -hw E:/kevin/myCode/microBlaze100/vitisJson/syncBlaze/export/syncBlaze/hw/design_1_wrapper.xsa -regs
configparams mdm-detect-bscan-mask 2
targets -set -nocase -filter {name =~ "*microblaze*#0" && bscan=="USER2" }
rst -system
after 3000
targets -set -nocase -filter {name =~ "*microblaze*#0" && bscan=="USER2" }
dow E:/kevin/myCode/microBlaze100/vitisJson/syncMain/Debug/syncMain.elf
----------------End of Script----------------

10:20:36 INFO  : Context for processor 'microblaze_0' is selected.
10:20:36 INFO  : 'con' command is executed.
10:20:36 INFO  : ----------------XSDB Script (After Launch)----------------
targets -set -nocase -filter {name =~ "*microblaze*#0" && bscan=="USER2" }
con
----------------End of Script----------------

10:20:36 INFO  : Launch script is exported to file 'E:\kevin\myCode\microBlaze100\vitisJson\syncMain_system\_ide\scripts\systemdebugger_syncmain_system_standalone.tcl'
10:21:28 INFO  : Checking for BSP changes to sync application flags for project 'syncMain'...
10:21:30 INFO  : Disconnected from the channel tcfchan#28.
10:21:35 INFO  : Connected to target on host '127.0.0.1' and port '3121'.
10:21:35 INFO  : Jtag cable 'Digilent JTAG-HS2 201706300081' is selected.
10:21:35 INFO  : 'jtag frequency' command is executed.
10:21:35 INFO  : 'targets -set -filter {jtag_cable_name =~ "Digilent JTAG-HS2 201706300081" && level==0 && jtag_device_ctx=="jsn-JTAG-HS2-201706300081-13631093-0"}' command is executed.
10:21:38 INFO  : Device configured successfully with "E:/kevin/myCode/microBlaze100/vitisJson/syncMain/_ide/bitstream/download.bit"
10:21:38 INFO  : Context for processor 'microblaze_0' is selected.
10:21:39 INFO  : Hardware design and registers information is loaded from 'E:/kevin/myCode/microBlaze100/vitisJson/syncBlaze/export/syncBlaze/hw/design_1_wrapper.xsa'.
10:21:39 INFO  : 'configparams mdm-detect-bscan-mask 2' command is executed.
10:21:39 INFO  : Context for processor 'microblaze_0' is selected.
10:21:39 INFO  : System reset is completed.
10:21:42 INFO  : 'after 3000' command is executed.
10:21:42 INFO  : Context for processor 'microblaze_0' is selected.
10:21:42 INFO  : The application 'E:/kevin/myCode/microBlaze100/vitisJson/syncMain/Debug/syncMain.elf' is downloaded to processor 'microblaze_0'.
10:21:42 INFO  : ----------------XSDB Script----------------
connect -url tcp:127.0.0.1:3121
targets -set -filter {jtag_cable_name =~ "Digilent JTAG-HS2 201706300081" && level==0 && jtag_device_ctx=="jsn-JTAG-HS2-201706300081-13631093-0"}
fpga -file E:/kevin/myCode/microBlaze100/vitisJson/syncMain/_ide/bitstream/download.bit
targets -set -nocase -filter {name =~ "*microblaze*#0" && bscan=="USER2" }
loadhw -hw E:/kevin/myCode/microBlaze100/vitisJson/syncBlaze/export/syncBlaze/hw/design_1_wrapper.xsa -regs
configparams mdm-detect-bscan-mask 2
targets -set -nocase -filter {name =~ "*microblaze*#0" && bscan=="USER2" }
rst -system
after 3000
targets -set -nocase -filter {name =~ "*microblaze*#0" && bscan=="USER2" }
dow E:/kevin/myCode/microBlaze100/vitisJson/syncMain/Debug/syncMain.elf
----------------End of Script----------------

10:21:42 INFO  : Context for processor 'microblaze_0' is selected.
10:21:42 INFO  : 'con' command is executed.
10:21:42 INFO  : ----------------XSDB Script (After Launch)----------------
targets -set -nocase -filter {name =~ "*microblaze*#0" && bscan=="USER2" }
con
----------------End of Script----------------

10:21:42 INFO  : Launch script is exported to file 'E:\kevin\myCode\microBlaze100\vitisJson\syncMain_system\_ide\scripts\systemdebugger_syncmain_system_standalone.tcl'
10:22:16 INFO  : Disconnected from the channel tcfchan#29.
10:22:17 INFO  : Checking for BSP changes to sync application flags for project 'syncMain'...
10:22:20 INFO  : Connected to target on host '127.0.0.1' and port '3121'.
10:22:20 INFO  : Jtag cable 'Digilent JTAG-HS2 201706300081' is selected.
10:22:20 INFO  : 'jtag frequency' command is executed.
10:22:20 INFO  : 'targets -set -filter {jtag_cable_name =~ "Digilent JTAG-HS2 201706300081" && level==0 && jtag_device_ctx=="jsn-JTAG-HS2-201706300081-13631093-0"}' command is executed.
10:22:23 INFO  : Device configured successfully with "E:/kevin/myCode/microBlaze100/vitisJson/syncMain/_ide/bitstream/download.bit"
10:22:23 INFO  : Context for processor 'microblaze_0' is selected.
10:22:23 INFO  : Hardware design and registers information is loaded from 'E:/kevin/myCode/microBlaze100/vitisJson/syncBlaze/export/syncBlaze/hw/design_1_wrapper.xsa'.
10:22:23 INFO  : 'configparams mdm-detect-bscan-mask 2' command is executed.
10:22:23 INFO  : Context for processor 'microblaze_0' is selected.
10:22:23 INFO  : System reset is completed.
10:22:26 INFO  : 'after 3000' command is executed.
10:22:26 INFO  : Context for processor 'microblaze_0' is selected.
10:22:26 INFO  : The application 'E:/kevin/myCode/microBlaze100/vitisJson/syncMain/Debug/syncMain.elf' is downloaded to processor 'microblaze_0'.
10:22:26 INFO  : ----------------XSDB Script----------------
connect -url tcp:127.0.0.1:3121
targets -set -filter {jtag_cable_name =~ "Digilent JTAG-HS2 201706300081" && level==0 && jtag_device_ctx=="jsn-JTAG-HS2-201706300081-13631093-0"}
fpga -file E:/kevin/myCode/microBlaze100/vitisJson/syncMain/_ide/bitstream/download.bit
targets -set -nocase -filter {name =~ "*microblaze*#0" && bscan=="USER2" }
loadhw -hw E:/kevin/myCode/microBlaze100/vitisJson/syncBlaze/export/syncBlaze/hw/design_1_wrapper.xsa -regs
configparams mdm-detect-bscan-mask 2
targets -set -nocase -filter {name =~ "*microblaze*#0" && bscan=="USER2" }
rst -system
after 3000
targets -set -nocase -filter {name =~ "*microblaze*#0" && bscan=="USER2" }
dow E:/kevin/myCode/microBlaze100/vitisJson/syncMain/Debug/syncMain.elf
----------------End of Script----------------

10:22:27 INFO  : Context for processor 'microblaze_0' is selected.
10:22:27 INFO  : 'con' command is executed.
10:22:27 INFO  : ----------------XSDB Script (After Launch)----------------
targets -set -nocase -filter {name =~ "*microblaze*#0" && bscan=="USER2" }
con
----------------End of Script----------------

10:22:27 INFO  : Launch script is exported to file 'E:\kevin\myCode\microBlaze100\vitisJson\syncMain_system\_ide\scripts\systemdebugger_syncmain_system_standalone.tcl'
10:23:03 INFO  : Checking for BSP changes to sync application flags for project 'syncMain'...
10:23:05 INFO  : Disconnected from the channel tcfchan#30.
10:23:10 INFO  : Connected to target on host '127.0.0.1' and port '3121'.
10:23:10 INFO  : Jtag cable 'Digilent JTAG-HS2 201706300081' is selected.
10:23:10 INFO  : 'jtag frequency' command is executed.
10:23:10 INFO  : 'targets -set -filter {jtag_cable_name =~ "Digilent JTAG-HS2 201706300081" && level==0 && jtag_device_ctx=="jsn-JTAG-HS2-201706300081-13631093-0"}' command is executed.
10:23:14 INFO  : Device configured successfully with "E:/kevin/myCode/microBlaze100/vitisJson/syncMain/_ide/bitstream/download.bit"
10:23:14 INFO  : Context for processor 'microblaze_0' is selected.
10:23:14 INFO  : Hardware design and registers information is loaded from 'E:/kevin/myCode/microBlaze100/vitisJson/syncBlaze/export/syncBlaze/hw/design_1_wrapper.xsa'.
10:23:14 INFO  : 'configparams mdm-detect-bscan-mask 2' command is executed.
10:23:14 INFO  : Context for processor 'microblaze_0' is selected.
10:23:14 INFO  : System reset is completed.
10:23:17 INFO  : 'after 3000' command is executed.
10:23:17 INFO  : Context for processor 'microblaze_0' is selected.
10:23:17 INFO  : The application 'E:/kevin/myCode/microBlaze100/vitisJson/syncMain/Debug/syncMain.elf' is downloaded to processor 'microblaze_0'.
10:23:17 INFO  : ----------------XSDB Script----------------
connect -url tcp:127.0.0.1:3121
targets -set -filter {jtag_cable_name =~ "Digilent JTAG-HS2 201706300081" && level==0 && jtag_device_ctx=="jsn-JTAG-HS2-201706300081-13631093-0"}
fpga -file E:/kevin/myCode/microBlaze100/vitisJson/syncMain/_ide/bitstream/download.bit
targets -set -nocase -filter {name =~ "*microblaze*#0" && bscan=="USER2" }
loadhw -hw E:/kevin/myCode/microBlaze100/vitisJson/syncBlaze/export/syncBlaze/hw/design_1_wrapper.xsa -regs
configparams mdm-detect-bscan-mask 2
targets -set -nocase -filter {name =~ "*microblaze*#0" && bscan=="USER2" }
rst -system
after 3000
targets -set -nocase -filter {name =~ "*microblaze*#0" && bscan=="USER2" }
dow E:/kevin/myCode/microBlaze100/vitisJson/syncMain/Debug/syncMain.elf
----------------End of Script----------------

10:23:17 INFO  : Context for processor 'microblaze_0' is selected.
10:23:17 INFO  : 'con' command is executed.
10:23:17 INFO  : ----------------XSDB Script (After Launch)----------------
targets -set -nocase -filter {name =~ "*microblaze*#0" && bscan=="USER2" }
con
----------------End of Script----------------

10:23:17 INFO  : Launch script is exported to file 'E:\kevin\myCode\microBlaze100\vitisJson\syncMain_system\_ide\scripts\systemdebugger_syncmain_system_standalone.tcl'
10:24:24 INFO  : Disconnected from the channel tcfchan#31.
10:24:26 INFO  : Checking for BSP changes to sync application flags for project 'syncMain'...
10:24:29 INFO  : Connected to target on host '127.0.0.1' and port '3121'.
10:24:29 INFO  : Jtag cable 'Digilent JTAG-HS2 201706300081' is selected.
10:24:29 INFO  : 'jtag frequency' command is executed.
10:24:30 INFO  : 'targets -set -filter {jtag_cable_name =~ "Digilent JTAG-HS2 201706300081" && level==0 && jtag_device_ctx=="jsn-JTAG-HS2-201706300081-13631093-0"}' command is executed.
10:24:33 INFO  : Device configured successfully with "E:/kevin/myCode/microBlaze100/vitisJson/syncMain/_ide/bitstream/download.bit"
10:24:33 INFO  : Context for processor 'microblaze_0' is selected.
10:24:33 INFO  : Hardware design and registers information is loaded from 'E:/kevin/myCode/microBlaze100/vitisJson/syncBlaze/export/syncBlaze/hw/design_1_wrapper.xsa'.
10:24:33 INFO  : 'configparams mdm-detect-bscan-mask 2' command is executed.
10:24:33 INFO  : Context for processor 'microblaze_0' is selected.
10:24:33 INFO  : System reset is completed.
10:24:36 INFO  : 'after 3000' command is executed.
10:24:36 INFO  : Context for processor 'microblaze_0' is selected.
10:24:36 INFO  : The application 'E:/kevin/myCode/microBlaze100/vitisJson/syncMain/Debug/syncMain.elf' is downloaded to processor 'microblaze_0'.
10:24:36 INFO  : ----------------XSDB Script----------------
connect -url tcp:127.0.0.1:3121
targets -set -filter {jtag_cable_name =~ "Digilent JTAG-HS2 201706300081" && level==0 && jtag_device_ctx=="jsn-JTAG-HS2-201706300081-13631093-0"}
fpga -file E:/kevin/myCode/microBlaze100/vitisJson/syncMain/_ide/bitstream/download.bit
targets -set -nocase -filter {name =~ "*microblaze*#0" && bscan=="USER2" }
loadhw -hw E:/kevin/myCode/microBlaze100/vitisJson/syncBlaze/export/syncBlaze/hw/design_1_wrapper.xsa -regs
configparams mdm-detect-bscan-mask 2
targets -set -nocase -filter {name =~ "*microblaze*#0" && bscan=="USER2" }
rst -system
after 3000
targets -set -nocase -filter {name =~ "*microblaze*#0" && bscan=="USER2" }
dow E:/kevin/myCode/microBlaze100/vitisJson/syncMain/Debug/syncMain.elf
----------------End of Script----------------

10:24:36 INFO  : Context for processor 'microblaze_0' is selected.
10:24:36 INFO  : 'con' command is executed.
10:24:36 INFO  : ----------------XSDB Script (After Launch)----------------
targets -set -nocase -filter {name =~ "*microblaze*#0" && bscan=="USER2" }
con
----------------End of Script----------------

10:24:36 INFO  : Launch script is exported to file 'E:\kevin\myCode\microBlaze100\vitisJson\syncMain_system\_ide\scripts\systemdebugger_syncmain_system_standalone.tcl'
10:26:31 INFO  : Disconnected from the channel tcfchan#32.
10:26:31 INFO  : Checking for BSP changes to sync application flags for project 'syncMain'...
10:26:36 INFO  : Connected to target on host '127.0.0.1' and port '3121'.
10:26:37 INFO  : Jtag cable 'Digilent JTAG-HS2 201706300081' is selected.
10:26:37 INFO  : 'jtag frequency' command is executed.
10:26:37 INFO  : 'targets -set -filter {jtag_cable_name =~ "Digilent JTAG-HS2 201706300081" && level==0 && jtag_device_ctx=="jsn-JTAG-HS2-201706300081-13631093-0"}' command is executed.
10:26:40 INFO  : Device configured successfully with "E:/kevin/myCode/microBlaze100/vitisJson/syncMain/_ide/bitstream/download.bit"
10:26:40 INFO  : Context for processor 'microblaze_0' is selected.
10:26:40 INFO  : Hardware design and registers information is loaded from 'E:/kevin/myCode/microBlaze100/vitisJson/syncBlaze/export/syncBlaze/hw/design_1_wrapper.xsa'.
10:26:40 INFO  : 'configparams mdm-detect-bscan-mask 2' command is executed.
10:26:40 INFO  : Context for processor 'microblaze_0' is selected.
10:26:40 INFO  : System reset is completed.
10:26:43 INFO  : 'after 3000' command is executed.
10:26:43 INFO  : Context for processor 'microblaze_0' is selected.
10:26:43 INFO  : The application 'E:/kevin/myCode/microBlaze100/vitisJson/syncMain/Debug/syncMain.elf' is downloaded to processor 'microblaze_0'.
10:26:43 INFO  : ----------------XSDB Script----------------
connect -url tcp:127.0.0.1:3121
targets -set -filter {jtag_cable_name =~ "Digilent JTAG-HS2 201706300081" && level==0 && jtag_device_ctx=="jsn-JTAG-HS2-201706300081-13631093-0"}
fpga -file E:/kevin/myCode/microBlaze100/vitisJson/syncMain/_ide/bitstream/download.bit
targets -set -nocase -filter {name =~ "*microblaze*#0" && bscan=="USER2" }
loadhw -hw E:/kevin/myCode/microBlaze100/vitisJson/syncBlaze/export/syncBlaze/hw/design_1_wrapper.xsa -regs
configparams mdm-detect-bscan-mask 2
targets -set -nocase -filter {name =~ "*microblaze*#0" && bscan=="USER2" }
rst -system
after 3000
targets -set -nocase -filter {name =~ "*microblaze*#0" && bscan=="USER2" }
dow E:/kevin/myCode/microBlaze100/vitisJson/syncMain/Debug/syncMain.elf
----------------End of Script----------------

10:26:43 INFO  : Context for processor 'microblaze_0' is selected.
10:26:43 INFO  : 'con' command is executed.
10:26:43 INFO  : ----------------XSDB Script (After Launch)----------------
targets -set -nocase -filter {name =~ "*microblaze*#0" && bscan=="USER2" }
con
----------------End of Script----------------

10:26:43 INFO  : Launch script is exported to file 'E:\kevin\myCode\microBlaze100\vitisJson\syncMain_system\_ide\scripts\systemdebugger_syncmain_system_standalone.tcl'
10:27:28 INFO  : Disconnected from the channel tcfchan#33.
10:27:29 INFO  : Checking for BSP changes to sync application flags for project 'syncMain'...
10:27:33 INFO  : Connected to target on host '127.0.0.1' and port '3121'.
10:27:33 INFO  : Jtag cable 'Digilent JTAG-HS2 201706300081' is selected.
10:27:33 INFO  : 'jtag frequency' command is executed.
10:27:33 INFO  : 'targets -set -filter {jtag_cable_name =~ "Digilent JTAG-HS2 201706300081" && level==0 && jtag_device_ctx=="jsn-JTAG-HS2-201706300081-13631093-0"}' command is executed.
10:27:36 INFO  : Device configured successfully with "E:/kevin/myCode/microBlaze100/vitisJson/syncMain/_ide/bitstream/download.bit"
10:27:36 INFO  : Context for processor 'microblaze_0' is selected.
10:27:36 INFO  : Hardware design and registers information is loaded from 'E:/kevin/myCode/microBlaze100/vitisJson/syncBlaze/export/syncBlaze/hw/design_1_wrapper.xsa'.
10:27:36 INFO  : 'configparams mdm-detect-bscan-mask 2' command is executed.
10:27:37 INFO  : Context for processor 'microblaze_0' is selected.
10:27:37 INFO  : System reset is completed.
10:27:40 INFO  : 'after 3000' command is executed.
10:27:40 INFO  : Context for processor 'microblaze_0' is selected.
10:27:40 INFO  : The application 'E:/kevin/myCode/microBlaze100/vitisJson/syncMain/Debug/syncMain.elf' is downloaded to processor 'microblaze_0'.
10:27:40 INFO  : ----------------XSDB Script----------------
connect -url tcp:127.0.0.1:3121
targets -set -filter {jtag_cable_name =~ "Digilent JTAG-HS2 201706300081" && level==0 && jtag_device_ctx=="jsn-JTAG-HS2-201706300081-13631093-0"}
fpga -file E:/kevin/myCode/microBlaze100/vitisJson/syncMain/_ide/bitstream/download.bit
targets -set -nocase -filter {name =~ "*microblaze*#0" && bscan=="USER2" }
loadhw -hw E:/kevin/myCode/microBlaze100/vitisJson/syncBlaze/export/syncBlaze/hw/design_1_wrapper.xsa -regs
configparams mdm-detect-bscan-mask 2
targets -set -nocase -filter {name =~ "*microblaze*#0" && bscan=="USER2" }
rst -system
after 3000
targets -set -nocase -filter {name =~ "*microblaze*#0" && bscan=="USER2" }
dow E:/kevin/myCode/microBlaze100/vitisJson/syncMain/Debug/syncMain.elf
----------------End of Script----------------

10:27:40 INFO  : Context for processor 'microblaze_0' is selected.
10:27:40 INFO  : 'con' command is executed.
10:27:40 INFO  : ----------------XSDB Script (After Launch)----------------
targets -set -nocase -filter {name =~ "*microblaze*#0" && bscan=="USER2" }
con
----------------End of Script----------------

10:27:40 INFO  : Launch script is exported to file 'E:\kevin\myCode\microBlaze100\vitisJson\syncMain_system\_ide\scripts\systemdebugger_syncmain_system_standalone.tcl'
10:29:14 INFO  : Disconnected from the channel tcfchan#34.
10:29:15 INFO  : Checking for BSP changes to sync application flags for project 'syncMain'...
10:29:27 INFO  : Connected to target on host '127.0.0.1' and port '3121'.
10:29:27 INFO  : Jtag cable 'Digilent JTAG-HS2 201706300081' is selected.
10:29:27 INFO  : 'jtag frequency' command is executed.
10:29:27 INFO  : 'targets -set -filter {jtag_cable_name =~ "Digilent JTAG-HS2 201706300081" && level==0 && jtag_device_ctx=="jsn-JTAG-HS2-201706300081-13631093-0"}' command is executed.
10:29:30 INFO  : Device configured successfully with "E:/kevin/myCode/microBlaze100/vitisJson/syncMain/_ide/bitstream/download.bit"
10:29:30 INFO  : Context for processor 'microblaze_0' is selected.
10:29:30 INFO  : Hardware design and registers information is loaded from 'E:/kevin/myCode/microBlaze100/vitisJson/syncBlaze/export/syncBlaze/hw/design_1_wrapper.xsa'.
10:29:30 INFO  : 'configparams mdm-detect-bscan-mask 2' command is executed.
10:29:30 INFO  : Context for processor 'microblaze_0' is selected.
10:29:30 INFO  : System reset is completed.
10:29:33 INFO  : 'after 3000' command is executed.
10:29:33 INFO  : Context for processor 'microblaze_0' is selected.
10:29:34 INFO  : The application 'E:/kevin/myCode/microBlaze100/vitisJson/syncMain/Debug/syncMain.elf' is downloaded to processor 'microblaze_0'.
10:29:34 INFO  : ----------------XSDB Script----------------
connect -url tcp:127.0.0.1:3121
targets -set -filter {jtag_cable_name =~ "Digilent JTAG-HS2 201706300081" && level==0 && jtag_device_ctx=="jsn-JTAG-HS2-201706300081-13631093-0"}
fpga -file E:/kevin/myCode/microBlaze100/vitisJson/syncMain/_ide/bitstream/download.bit
targets -set -nocase -filter {name =~ "*microblaze*#0" && bscan=="USER2" }
loadhw -hw E:/kevin/myCode/microBlaze100/vitisJson/syncBlaze/export/syncBlaze/hw/design_1_wrapper.xsa -regs
configparams mdm-detect-bscan-mask 2
targets -set -nocase -filter {name =~ "*microblaze*#0" && bscan=="USER2" }
rst -system
after 3000
targets -set -nocase -filter {name =~ "*microblaze*#0" && bscan=="USER2" }
dow E:/kevin/myCode/microBlaze100/vitisJson/syncMain/Debug/syncMain.elf
----------------End of Script----------------

10:29:34 INFO  : Context for processor 'microblaze_0' is selected.
10:29:34 INFO  : 'con' command is executed.
10:29:34 INFO  : ----------------XSDB Script (After Launch)----------------
targets -set -nocase -filter {name =~ "*microblaze*#0" && bscan=="USER2" }
con
----------------End of Script----------------

10:29:34 INFO  : Launch script is exported to file 'E:\kevin\myCode\microBlaze100\vitisJson\syncMain_system\_ide\scripts\systemdebugger_syncmain_system_standalone.tcl'
10:31:05 INFO  : Disconnected from the channel tcfchan#35.
10:31:06 INFO  : Checking for BSP changes to sync application flags for project 'syncMain'...
10:31:45 INFO  : Checking for BSP changes to sync application flags for project 'syncMain'...
10:32:09 INFO  : Checking for BSP changes to sync application flags for project 'syncMain'...
10:32:22 INFO  : Connected to target on host '127.0.0.1' and port '3121'.
10:32:22 INFO  : Jtag cable 'Digilent JTAG-HS2 201706300081' is selected.
10:32:22 INFO  : 'jtag frequency' command is executed.
10:32:22 INFO  : 'targets -set -filter {jtag_cable_name =~ "Digilent JTAG-HS2 201706300081" && level==0 && jtag_device_ctx=="jsn-JTAG-HS2-201706300081-13631093-0"}' command is executed.
10:32:25 INFO  : Device configured successfully with "E:/kevin/myCode/microBlaze100/vitisJson/syncMain/_ide/bitstream/download.bit"
10:32:25 INFO  : Context for processor 'microblaze_0' is selected.
10:32:25 INFO  : Hardware design and registers information is loaded from 'E:/kevin/myCode/microBlaze100/vitisJson/syncBlaze/export/syncBlaze/hw/design_1_wrapper.xsa'.
10:32:25 INFO  : 'configparams mdm-detect-bscan-mask 2' command is executed.
10:32:25 INFO  : Context for processor 'microblaze_0' is selected.
10:32:25 INFO  : System reset is completed.
10:32:28 INFO  : 'after 3000' command is executed.
10:32:28 INFO  : Context for processor 'microblaze_0' is selected.
10:32:29 INFO  : The application 'E:/kevin/myCode/microBlaze100/vitisJson/syncMain/Debug/syncMain.elf' is downloaded to processor 'microblaze_0'.
10:32:29 INFO  : ----------------XSDB Script----------------
connect -url tcp:127.0.0.1:3121
targets -set -filter {jtag_cable_name =~ "Digilent JTAG-HS2 201706300081" && level==0 && jtag_device_ctx=="jsn-JTAG-HS2-201706300081-13631093-0"}
fpga -file E:/kevin/myCode/microBlaze100/vitisJson/syncMain/_ide/bitstream/download.bit
targets -set -nocase -filter {name =~ "*microblaze*#0" && bscan=="USER2" }
loadhw -hw E:/kevin/myCode/microBlaze100/vitisJson/syncBlaze/export/syncBlaze/hw/design_1_wrapper.xsa -regs
configparams mdm-detect-bscan-mask 2
targets -set -nocase -filter {name =~ "*microblaze*#0" && bscan=="USER2" }
rst -system
after 3000
targets -set -nocase -filter {name =~ "*microblaze*#0" && bscan=="USER2" }
dow E:/kevin/myCode/microBlaze100/vitisJson/syncMain/Debug/syncMain.elf
----------------End of Script----------------

10:32:29 INFO  : Context for processor 'microblaze_0' is selected.
10:32:29 INFO  : 'con' command is executed.
10:32:29 INFO  : ----------------XSDB Script (After Launch)----------------
targets -set -nocase -filter {name =~ "*microblaze*#0" && bscan=="USER2" }
con
----------------End of Script----------------

10:32:29 INFO  : Launch script is exported to file 'E:\kevin\myCode\microBlaze100\vitisJson\syncMain_system\_ide\scripts\systemdebugger_syncmain_system_standalone.tcl'
10:34:13 INFO  : Checking for BSP changes to sync application flags for project 'syncMain'...
10:34:21 INFO  : Disconnected from the channel tcfchan#36.
10:34:21 INFO  : Connected to target on host '127.0.0.1' and port '3121'.
10:34:21 INFO  : Jtag cable 'Digilent JTAG-HS2 201706300081' is selected.
10:34:21 INFO  : 'jtag frequency' command is executed.
10:34:21 INFO  : 'targets -set -filter {jtag_cable_name =~ "Digilent JTAG-HS2 201706300081" && level==0 && jtag_device_ctx=="jsn-JTAG-HS2-201706300081-13631093-0"}' command is executed.
10:34:25 INFO  : Device configured successfully with "E:/kevin/myCode/microBlaze100/vitisJson/syncMain/_ide/bitstream/download.bit"
10:34:25 INFO  : Context for processor 'microblaze_0' is selected.
10:34:25 INFO  : Hardware design and registers information is loaded from 'E:/kevin/myCode/microBlaze100/vitisJson/syncBlaze/export/syncBlaze/hw/design_1_wrapper.xsa'.
10:34:25 INFO  : 'configparams mdm-detect-bscan-mask 2' command is executed.
10:34:25 INFO  : Context for processor 'microblaze_0' is selected.
10:34:25 INFO  : System reset is completed.
10:34:28 INFO  : 'after 3000' command is executed.
10:34:28 INFO  : Context for processor 'microblaze_0' is selected.
10:34:28 INFO  : The application 'E:/kevin/myCode/microBlaze100/vitisJson/syncMain/Debug/syncMain.elf' is downloaded to processor 'microblaze_0'.
10:34:28 INFO  : ----------------XSDB Script----------------
connect -url tcp:127.0.0.1:3121
targets -set -filter {jtag_cable_name =~ "Digilent JTAG-HS2 201706300081" && level==0 && jtag_device_ctx=="jsn-JTAG-HS2-201706300081-13631093-0"}
fpga -file E:/kevin/myCode/microBlaze100/vitisJson/syncMain/_ide/bitstream/download.bit
targets -set -nocase -filter {name =~ "*microblaze*#0" && bscan=="USER2" }
loadhw -hw E:/kevin/myCode/microBlaze100/vitisJson/syncBlaze/export/syncBlaze/hw/design_1_wrapper.xsa -regs
configparams mdm-detect-bscan-mask 2
targets -set -nocase -filter {name =~ "*microblaze*#0" && bscan=="USER2" }
rst -system
after 3000
targets -set -nocase -filter {name =~ "*microblaze*#0" && bscan=="USER2" }
dow E:/kevin/myCode/microBlaze100/vitisJson/syncMain/Debug/syncMain.elf
----------------End of Script----------------

10:34:28 INFO  : Context for processor 'microblaze_0' is selected.
10:34:28 INFO  : 'con' command is executed.
10:34:28 INFO  : ----------------XSDB Script (After Launch)----------------
targets -set -nocase -filter {name =~ "*microblaze*#0" && bscan=="USER2" }
con
----------------End of Script----------------

10:34:28 INFO  : Launch script is exported to file 'E:\kevin\myCode\microBlaze100\vitisJson\syncMain_system\_ide\scripts\systemdebugger_syncmain_system_standalone.tcl'
10:37:04 INFO  : Disconnected from the channel tcfchan#37.
10:37:05 INFO  : Checking for BSP changes to sync application flags for project 'syncMain'...
10:37:07 INFO  : Connected to target on host '127.0.0.1' and port '3121'.
10:37:08 INFO  : Jtag cable 'Digilent JTAG-HS2 201706300081' is selected.
10:37:08 INFO  : 'jtag frequency' command is executed.
10:37:08 INFO  : 'targets -set -filter {jtag_cable_name =~ "Digilent JTAG-HS2 201706300081" && level==0 && jtag_device_ctx=="jsn-JTAG-HS2-201706300081-13631093-0"}' command is executed.
10:37:11 INFO  : Device configured successfully with "E:/kevin/myCode/microBlaze100/vitisJson/syncMain/_ide/bitstream/download.bit"
10:37:11 INFO  : Context for processor 'microblaze_0' is selected.
10:37:11 INFO  : Hardware design and registers information is loaded from 'E:/kevin/myCode/microBlaze100/vitisJson/syncBlaze/export/syncBlaze/hw/design_1_wrapper.xsa'.
10:37:11 INFO  : 'configparams mdm-detect-bscan-mask 2' command is executed.
10:37:11 INFO  : Context for processor 'microblaze_0' is selected.
10:37:11 INFO  : System reset is completed.
10:37:14 INFO  : 'after 3000' command is executed.
10:37:14 INFO  : Context for processor 'microblaze_0' is selected.
10:37:14 INFO  : The application 'E:/kevin/myCode/microBlaze100/vitisJson/syncMain/Debug/syncMain.elf' is downloaded to processor 'microblaze_0'.
10:37:14 INFO  : ----------------XSDB Script----------------
connect -url tcp:127.0.0.1:3121
targets -set -filter {jtag_cable_name =~ "Digilent JTAG-HS2 201706300081" && level==0 && jtag_device_ctx=="jsn-JTAG-HS2-201706300081-13631093-0"}
fpga -file E:/kevin/myCode/microBlaze100/vitisJson/syncMain/_ide/bitstream/download.bit
targets -set -nocase -filter {name =~ "*microblaze*#0" && bscan=="USER2" }
loadhw -hw E:/kevin/myCode/microBlaze100/vitisJson/syncBlaze/export/syncBlaze/hw/design_1_wrapper.xsa -regs
configparams mdm-detect-bscan-mask 2
targets -set -nocase -filter {name =~ "*microblaze*#0" && bscan=="USER2" }
rst -system
after 3000
targets -set -nocase -filter {name =~ "*microblaze*#0" && bscan=="USER2" }
dow E:/kevin/myCode/microBlaze100/vitisJson/syncMain/Debug/syncMain.elf
----------------End of Script----------------

10:37:15 INFO  : Context for processor 'microblaze_0' is selected.
10:37:15 INFO  : 'con' command is executed.
10:37:15 INFO  : ----------------XSDB Script (After Launch)----------------
targets -set -nocase -filter {name =~ "*microblaze*#0" && bscan=="USER2" }
con
----------------End of Script----------------

10:37:15 INFO  : Launch script is exported to file 'E:\kevin\myCode\microBlaze100\vitisJson\syncMain_system\_ide\scripts\systemdebugger_syncmain_system_standalone.tcl'
10:54:00 INFO  : Disconnected from the channel tcfchan#38.
10:54:01 INFO  : Checking for BSP changes to sync application flags for project 'syncMain'...
10:54:09 INFO  : Connected to target on host '127.0.0.1' and port '3121'.
10:54:09 INFO  : Jtag cable 'Digilent JTAG-HS2 201706300081' is selected.
10:54:09 INFO  : 'jtag frequency' command is executed.
10:54:09 INFO  : 'targets -set -filter {jtag_cable_name =~ "Digilent JTAG-HS2 201706300081" && level==0 && jtag_device_ctx=="jsn-JTAG-HS2-201706300081-13631093-0"}' command is executed.
10:54:12 INFO  : Device configured successfully with "E:/kevin/myCode/microBlaze100/vitisJson/syncMain/_ide/bitstream/download.bit"
10:54:12 INFO  : Context for processor 'microblaze_0' is selected.
10:54:12 INFO  : Hardware design and registers information is loaded from 'E:/kevin/myCode/microBlaze100/vitisJson/syncBlaze/export/syncBlaze/hw/design_1_wrapper.xsa'.
10:54:12 INFO  : 'configparams mdm-detect-bscan-mask 2' command is executed.
10:54:12 INFO  : Context for processor 'microblaze_0' is selected.
10:54:12 INFO  : System reset is completed.
10:54:15 INFO  : 'after 3000' command is executed.
10:54:15 INFO  : Context for processor 'microblaze_0' is selected.
10:54:16 INFO  : The application 'E:/kevin/myCode/microBlaze100/vitisJson/syncMain/Debug/syncMain.elf' is downloaded to processor 'microblaze_0'.
10:54:16 INFO  : ----------------XSDB Script----------------
connect -url tcp:127.0.0.1:3121
targets -set -filter {jtag_cable_name =~ "Digilent JTAG-HS2 201706300081" && level==0 && jtag_device_ctx=="jsn-JTAG-HS2-201706300081-13631093-0"}
fpga -file E:/kevin/myCode/microBlaze100/vitisJson/syncMain/_ide/bitstream/download.bit
targets -set -nocase -filter {name =~ "*microblaze*#0" && bscan=="USER2" }
loadhw -hw E:/kevin/myCode/microBlaze100/vitisJson/syncBlaze/export/syncBlaze/hw/design_1_wrapper.xsa -regs
configparams mdm-detect-bscan-mask 2
targets -set -nocase -filter {name =~ "*microblaze*#0" && bscan=="USER2" }
rst -system
after 3000
targets -set -nocase -filter {name =~ "*microblaze*#0" && bscan=="USER2" }
dow E:/kevin/myCode/microBlaze100/vitisJson/syncMain/Debug/syncMain.elf
----------------End of Script----------------

10:54:16 INFO  : Context for processor 'microblaze_0' is selected.
10:54:16 INFO  : 'con' command is executed.
10:54:16 INFO  : ----------------XSDB Script (After Launch)----------------
targets -set -nocase -filter {name =~ "*microblaze*#0" && bscan=="USER2" }
con
----------------End of Script----------------

10:54:16 INFO  : Launch script is exported to file 'E:\kevin\myCode\microBlaze100\vitisJson\syncMain_system\_ide\scripts\systemdebugger_syncmain_system_standalone.tcl'
10:55:50 INFO  : Disconnected from the channel tcfchan#39.
10:55:51 INFO  : Checking for BSP changes to sync application flags for project 'syncMain'...
10:55:54 INFO  : Connected to target on host '127.0.0.1' and port '3121'.
10:55:54 INFO  : Jtag cable 'Digilent JTAG-HS2 201706300081' is selected.
10:55:54 INFO  : 'jtag frequency' command is executed.
10:55:54 INFO  : 'targets -set -filter {jtag_cable_name =~ "Digilent JTAG-HS2 201706300081" && level==0 && jtag_device_ctx=="jsn-JTAG-HS2-201706300081-13631093-0"}' command is executed.
10:55:57 INFO  : Device configured successfully with "E:/kevin/myCode/microBlaze100/vitisJson/syncMain/_ide/bitstream/download.bit"
10:55:57 INFO  : Context for processor 'microblaze_0' is selected.
10:55:57 INFO  : Hardware design and registers information is loaded from 'E:/kevin/myCode/microBlaze100/vitisJson/syncBlaze/export/syncBlaze/hw/design_1_wrapper.xsa'.
10:55:57 INFO  : 'configparams mdm-detect-bscan-mask 2' command is executed.
10:55:57 INFO  : Context for processor 'microblaze_0' is selected.
10:55:57 INFO  : System reset is completed.
10:56:00 INFO  : 'after 3000' command is executed.
10:56:00 INFO  : Context for processor 'microblaze_0' is selected.
10:56:01 INFO  : The application 'E:/kevin/myCode/microBlaze100/vitisJson/syncMain/Debug/syncMain.elf' is downloaded to processor 'microblaze_0'.
10:56:01 INFO  : ----------------XSDB Script----------------
connect -url tcp:127.0.0.1:3121
targets -set -filter {jtag_cable_name =~ "Digilent JTAG-HS2 201706300081" && level==0 && jtag_device_ctx=="jsn-JTAG-HS2-201706300081-13631093-0"}
fpga -file E:/kevin/myCode/microBlaze100/vitisJson/syncMain/_ide/bitstream/download.bit
targets -set -nocase -filter {name =~ "*microblaze*#0" && bscan=="USER2" }
loadhw -hw E:/kevin/myCode/microBlaze100/vitisJson/syncBlaze/export/syncBlaze/hw/design_1_wrapper.xsa -regs
configparams mdm-detect-bscan-mask 2
targets -set -nocase -filter {name =~ "*microblaze*#0" && bscan=="USER2" }
rst -system
after 3000
targets -set -nocase -filter {name =~ "*microblaze*#0" && bscan=="USER2" }
dow E:/kevin/myCode/microBlaze100/vitisJson/syncMain/Debug/syncMain.elf
----------------End of Script----------------

10:56:01 INFO  : Context for processor 'microblaze_0' is selected.
10:56:01 INFO  : 'con' command is executed.
10:56:01 INFO  : ----------------XSDB Script (After Launch)----------------
targets -set -nocase -filter {name =~ "*microblaze*#0" && bscan=="USER2" }
con
----------------End of Script----------------

10:56:01 INFO  : Launch script is exported to file 'E:\kevin\myCode\microBlaze100\vitisJson\syncMain_system\_ide\scripts\systemdebugger_syncmain_system_standalone.tcl'
10:57:04 INFO  : Disconnected from the channel tcfchan#40.
10:57:06 INFO  : Checking for BSP changes to sync application flags for project 'syncMain'...
10:57:09 INFO  : Connected to target on host '127.0.0.1' and port '3121'.
10:57:09 INFO  : Jtag cable 'Digilent JTAG-HS2 201706300081' is selected.
10:57:09 INFO  : 'jtag frequency' command is executed.
10:57:09 INFO  : 'targets -set -filter {jtag_cable_name =~ "Digilent JTAG-HS2 201706300081" && level==0 && jtag_device_ctx=="jsn-JTAG-HS2-201706300081-13631093-0"}' command is executed.
10:57:12 INFO  : Device configured successfully with "E:/kevin/myCode/microBlaze100/vitisJson/syncMain/_ide/bitstream/download.bit"
10:57:12 INFO  : Context for processor 'microblaze_0' is selected.
10:57:12 INFO  : Hardware design and registers information is loaded from 'E:/kevin/myCode/microBlaze100/vitisJson/syncBlaze/export/syncBlaze/hw/design_1_wrapper.xsa'.
10:57:12 INFO  : 'configparams mdm-detect-bscan-mask 2' command is executed.
10:57:12 INFO  : Context for processor 'microblaze_0' is selected.
10:57:12 INFO  : System reset is completed.
10:57:15 INFO  : 'after 3000' command is executed.
10:57:15 INFO  : Context for processor 'microblaze_0' is selected.
10:57:16 INFO  : The application 'E:/kevin/myCode/microBlaze100/vitisJson/syncMain/Debug/syncMain.elf' is downloaded to processor 'microblaze_0'.
10:57:16 INFO  : ----------------XSDB Script----------------
connect -url tcp:127.0.0.1:3121
targets -set -filter {jtag_cable_name =~ "Digilent JTAG-HS2 201706300081" && level==0 && jtag_device_ctx=="jsn-JTAG-HS2-201706300081-13631093-0"}
fpga -file E:/kevin/myCode/microBlaze100/vitisJson/syncMain/_ide/bitstream/download.bit
targets -set -nocase -filter {name =~ "*microblaze*#0" && bscan=="USER2" }
loadhw -hw E:/kevin/myCode/microBlaze100/vitisJson/syncBlaze/export/syncBlaze/hw/design_1_wrapper.xsa -regs
configparams mdm-detect-bscan-mask 2
targets -set -nocase -filter {name =~ "*microblaze*#0" && bscan=="USER2" }
rst -system
after 3000
targets -set -nocase -filter {name =~ "*microblaze*#0" && bscan=="USER2" }
dow E:/kevin/myCode/microBlaze100/vitisJson/syncMain/Debug/syncMain.elf
----------------End of Script----------------

10:57:16 INFO  : Context for processor 'microblaze_0' is selected.
10:57:16 INFO  : 'con' command is executed.
10:57:16 INFO  : ----------------XSDB Script (After Launch)----------------
targets -set -nocase -filter {name =~ "*microblaze*#0" && bscan=="USER2" }
con
----------------End of Script----------------

10:57:16 INFO  : Launch script is exported to file 'E:\kevin\myCode\microBlaze100\vitisJson\syncMain_system\_ide\scripts\systemdebugger_syncmain_system_standalone.tcl'
11:16:46 INFO  : Disconnected from the channel tcfchan#41.
11:17:28 INFO  : Bit file 'E:/kevin/myCode/microBlaze100/vitisJson/syncMain/_ide/bitstream/download.bit' is generated.
11:17:31 INFO  : Connected to target on host '127.0.0.1' and port '3121'.
11:17:31 INFO  : 'targets -set -filter {jtag_cable_name =~ "Digilent JTAG-HS2 201706300081" && level==0 && jtag_device_ctx=="jsn-JTAG-HS2-201706300081-13631093-0"}' command is executed.
11:17:34 INFO  : Device configured successfully with "E:/kevin/myCode/microBlaze100/vitisJson/syncMain/_ide/bitstream/download.bit"
11:20:09 INFO  : Connected to target on host '127.0.0.1' and port '3121'.
11:20:12 INFO  : Invoking Bootgen: bootgen -arch fpga -image E:/kevin/myCode/microBlaze100/vitisJson/syncMain_system/_ide/flash/bootimage.bif -w -o E:/kevin/myCode/microBlaze100/vitisJson/syncMain_system/_ide/flash/BOOT.bin  -interface spi
11:20:14 INFO  : Bootgen command execution is done.
11:25:24 INFO  : Connected to target on host '127.0.0.1' and port '3121'.
11:25:33 INFO  : ----------------XSDB Script----------------
connect -url tcp:127.0.0.1:3121
----------------End of Script----------------

11:25:33 ERROR : Could not find FPGA device on the board for connection 'Local'.


Troubleshooting hints:
1. Check whether board is connected to system properly.
2. In case of zynq board, check whether Digilent/Xilinx cable switch settings are correct.
3. If you are using Xilinx Platform Cable USB, ensure that status LED is green.
11:26:08 INFO  : Checking for BSP changes to sync application flags for project 'syncMain'...
11:26:12 INFO  : Connected to target on host '127.0.0.1' and port '3121'.
11:26:12 INFO  : Jtag cable 'Digilent JTAG-HS2 201706300081' is selected.
11:26:12 INFO  : 'jtag frequency' command is executed.
11:26:12 INFO  : 'targets -set -filter {jtag_cable_name =~ "Digilent JTAG-HS2 201706300081" && level==0 && jtag_device_ctx=="jsn-JTAG-HS2-201706300081-13631093-0"}' command is executed.
11:26:15 INFO  : Device configured successfully with "E:/kevin/myCode/microBlaze100/vitisJson/syncMain/_ide/bitstream/download.bit"
11:26:15 INFO  : Context for processor 'microblaze_0' is selected.
11:26:15 INFO  : Hardware design and registers information is loaded from 'E:/kevin/myCode/microBlaze100/vitisJson/syncBlaze/export/syncBlaze/hw/design_1_wrapper.xsa'.
11:26:15 INFO  : 'configparams mdm-detect-bscan-mask 2' command is executed.
11:26:15 INFO  : Context for processor 'microblaze_0' is selected.
11:26:15 INFO  : System reset is completed.
11:26:18 INFO  : 'after 3000' command is executed.
11:26:18 INFO  : Context for processor 'microblaze_0' is selected.
11:26:19 INFO  : The application 'E:/kevin/myCode/microBlaze100/vitisJson/syncMain/Debug/syncMain.elf' is downloaded to processor 'microblaze_0'.
11:26:19 INFO  : ----------------XSDB Script----------------
connect -url tcp:127.0.0.1:3121
targets -set -filter {jtag_cable_name =~ "Digilent JTAG-HS2 201706300081" && level==0 && jtag_device_ctx=="jsn-JTAG-HS2-201706300081-13631093-0"}
fpga -file E:/kevin/myCode/microBlaze100/vitisJson/syncMain/_ide/bitstream/download.bit
targets -set -nocase -filter {name =~ "*microblaze*#0" && bscan=="USER2" }
loadhw -hw E:/kevin/myCode/microBlaze100/vitisJson/syncBlaze/export/syncBlaze/hw/design_1_wrapper.xsa -regs
configparams mdm-detect-bscan-mask 2
targets -set -nocase -filter {name =~ "*microblaze*#0" && bscan=="USER2" }
rst -system
after 3000
targets -set -nocase -filter {name =~ "*microblaze*#0" && bscan=="USER2" }
dow E:/kevin/myCode/microBlaze100/vitisJson/syncMain/Debug/syncMain.elf
----------------End of Script----------------

11:26:19 INFO  : Context for processor 'microblaze_0' is selected.
11:26:19 INFO  : 'con' command is executed.
11:26:19 INFO  : ----------------XSDB Script (After Launch)----------------
targets -set -nocase -filter {name =~ "*microblaze*#0" && bscan=="USER2" }
con
----------------End of Script----------------

11:26:19 INFO  : Launch script is exported to file 'E:\kevin\myCode\microBlaze100\vitisJson\syncMain_system\_ide\scripts\systemdebugger_syncmain_system_standalone.tcl'
11:27:49 INFO  : Disconnected from the channel tcfchan#42.
11:27:54 INFO  : Checking for BSP changes to sync application flags for project 'syncMain'...
11:27:56 INFO  : Connected to target on host '127.0.0.1' and port '3121'.
11:27:57 INFO  : Jtag cable 'Digilent JTAG-HS2 201706300081' is selected.
11:27:57 INFO  : 'jtag frequency' command is executed.
11:27:57 INFO  : 'targets -set -filter {jtag_cable_name =~ "Digilent JTAG-HS2 201706300081" && level==0 && jtag_device_ctx=="jsn-JTAG-HS2-201706300081-13631093-0"}' command is executed.
11:28:00 INFO  : Device configured successfully with "E:/kevin/myCode/microBlaze100/vitisJson/syncMain/_ide/bitstream/download.bit"
11:28:00 INFO  : Context for processor 'microblaze_0' is selected.
11:28:00 INFO  : Hardware design and registers information is loaded from 'E:/kevin/myCode/microBlaze100/vitisJson/syncBlaze/export/syncBlaze/hw/design_1_wrapper.xsa'.
11:28:00 INFO  : 'configparams mdm-detect-bscan-mask 2' command is executed.
11:28:00 INFO  : Context for processor 'microblaze_0' is selected.
11:28:00 INFO  : System reset is completed.
11:28:03 INFO  : 'after 3000' command is executed.
11:28:03 INFO  : Context for processor 'microblaze_0' is selected.
11:28:03 INFO  : The application 'E:/kevin/myCode/microBlaze100/vitisJson/syncMain/Debug/syncMain.elf' is downloaded to processor 'microblaze_0'.
11:28:03 INFO  : ----------------XSDB Script----------------
connect -url tcp:127.0.0.1:3121
targets -set -filter {jtag_cable_name =~ "Digilent JTAG-HS2 201706300081" && level==0 && jtag_device_ctx=="jsn-JTAG-HS2-201706300081-13631093-0"}
fpga -file E:/kevin/myCode/microBlaze100/vitisJson/syncMain/_ide/bitstream/download.bit
targets -set -nocase -filter {name =~ "*microblaze*#0" && bscan=="USER2" }
loadhw -hw E:/kevin/myCode/microBlaze100/vitisJson/syncBlaze/export/syncBlaze/hw/design_1_wrapper.xsa -regs
configparams mdm-detect-bscan-mask 2
targets -set -nocase -filter {name =~ "*microblaze*#0" && bscan=="USER2" }
rst -system
after 3000
targets -set -nocase -filter {name =~ "*microblaze*#0" && bscan=="USER2" }
dow E:/kevin/myCode/microBlaze100/vitisJson/syncMain/Debug/syncMain.elf
----------------End of Script----------------

11:28:03 INFO  : Context for processor 'microblaze_0' is selected.
11:28:03 INFO  : 'con' command is executed.
11:28:03 INFO  : ----------------XSDB Script (After Launch)----------------
targets -set -nocase -filter {name =~ "*microblaze*#0" && bscan=="USER2" }
con
----------------End of Script----------------

11:28:03 INFO  : Launch script is exported to file 'E:\kevin\myCode\microBlaze100\vitisJson\syncMain_system\_ide\scripts\systemdebugger_syncmain_system_standalone.tcl'
11:28:57 INFO  : Disconnected from the channel tcfchan#43.
11:28:59 INFO  : Checking for BSP changes to sync application flags for project 'syncMain'...
11:29:35 INFO  : Bit file 'E:/kevin/myCode/microBlaze100/vitisJson/syncMain/_ide/bitstream/download.bit' is generated.
11:29:37 INFO  : Connected to target on host '127.0.0.1' and port '3121'.
11:29:37 INFO  : 'targets -set -filter {jtag_cable_name =~ "Digilent JTAG-HS2 201706300081" && level==0 && jtag_device_ctx=="jsn-JTAG-HS2-201706300081-13631093-0"}' command is executed.
11:29:40 INFO  : Device configured successfully with "E:/kevin/myCode/microBlaze100/vitisJson/syncMain/_ide/bitstream/download.bit"
11:29:57 INFO  : Connected to target on host '127.0.0.1' and port '3121'.
11:30:04 INFO  : Invoking Bootgen: bootgen -arch fpga -image E:/kevin/myCode/microBlaze100/vitisJson/syncMain_system/_ide/flash/bootimage.bif -w -o E:/kevin/myCode/microBlaze100/vitisJson/syncMain_system/_ide/flash/BOOT.bin  -interface spi
11:30:06 INFO  : Bootgen command execution is done.
11:34:33 INFO  : Connected to target on host '127.0.0.1' and port '3121'.
11:34:51 INFO  : Invoking Bootgen: bootgen -arch fpga -image E:/kevin/myCode/microBlaze100/vitisJson/syncMain_system/_ide/flash/bootimage.bif -w -o E:/kevin/myCode/microBlaze100/vitisJson/syncMain_system/_ide/flash/BOOT.bin  -interface spi
11:34:52 INFO  : Bootgen command execution is done.
11:45:06 INFO  : Connected to target on host '127.0.0.1' and port '3121'.
11:45:07 INFO  : Invoking Bootgen: bootgen -arch fpga -image E:/kevin/myCode/microBlaze100/vitisJson/syncMain_system/_ide/flash/bootimage.bif -w -o E:/kevin/myCode/microBlaze100/vitisJson/syncMain_system/_ide/flash/BOOT.bin  -interface spi
11:45:09 INFO  : Bootgen command execution is done.
18:15:20 DEBUG : Logs will be stored at 'E:/kevin/myCode/microBlaze100/vitisJson/IDE.log'.
18:15:23 INFO  : Launching XSCT server: xsct.bat -n  -interactive E:\kevin\myCode\microBlaze100\vitisJson\temp_xsdb_launch_script.tcl
18:15:24 INFO  : Registering command handlers for Vitis TCF services
18:15:27 INFO  : Platform repository initialization has completed.
18:15:31 INFO  : XSCT server has started successfully.
18:15:38 INFO  : Successfully done setting XSCT server connection channel  
18:15:38 INFO  : plnx-install-location is set to ''
18:15:38 INFO  : Successfully done query RDI_DATADIR 
18:15:38 INFO  : Successfully done setting workspace for the tool. 
18:19:07 INFO  : Checking for BSP changes to sync application flags for project 'syncMain'...
18:19:20 INFO  : Connected to target on host '127.0.0.1' and port '3121'.
18:19:20 INFO  : Jtag cable 'Digilent JTAG-HS2 201706300081' is selected.
18:19:20 INFO  : 'jtag frequency' command is executed.
18:19:21 INFO  : 'targets -set -filter {jtag_cable_name =~ "Digilent JTAG-HS2 201706300081" && level==0 && jtag_device_ctx=="jsn-JTAG-HS2-201706300081-13631093-0"}' command is executed.
18:19:24 INFO  : Device configured successfully with "E:/kevin/myCode/microBlaze100/vitisJson/syncMain/_ide/bitstream/download.bit"
18:19:24 INFO  : Context for processor 'microblaze_0' is selected.
18:19:24 INFO  : Hardware design and registers information is loaded from 'E:/kevin/myCode/microBlaze100/vitisJson/syncBlaze/export/syncBlaze/hw/design_1_wrapper.xsa'.
18:19:24 INFO  : 'configparams mdm-detect-bscan-mask 2' command is executed.
18:19:24 INFO  : Context for processor 'microblaze_0' is selected.
18:19:24 INFO  : System reset is completed.
18:19:27 INFO  : 'after 3000' command is executed.
18:19:27 INFO  : Context for processor 'microblaze_0' is selected.
18:19:27 INFO  : The application 'E:/kevin/myCode/microBlaze100/vitisJson/syncMain/Debug/syncMain.elf' is downloaded to processor 'microblaze_0'.
18:19:27 INFO  : ----------------XSDB Script----------------
connect -url tcp:127.0.0.1:3121
targets -set -filter {jtag_cable_name =~ "Digilent JTAG-HS2 201706300081" && level==0 && jtag_device_ctx=="jsn-JTAG-HS2-201706300081-13631093-0"}
fpga -file E:/kevin/myCode/microBlaze100/vitisJson/syncMain/_ide/bitstream/download.bit
targets -set -nocase -filter {name =~ "*microblaze*#0" && bscan=="USER2" }
loadhw -hw E:/kevin/myCode/microBlaze100/vitisJson/syncBlaze/export/syncBlaze/hw/design_1_wrapper.xsa -regs
configparams mdm-detect-bscan-mask 2
targets -set -nocase -filter {name =~ "*microblaze*#0" && bscan=="USER2" }
rst -system
after 3000
targets -set -nocase -filter {name =~ "*microblaze*#0" && bscan=="USER2" }
dow E:/kevin/myCode/microBlaze100/vitisJson/syncMain/Debug/syncMain.elf
----------------End of Script----------------

18:19:28 INFO  : Context for processor 'microblaze_0' is selected.
18:19:28 INFO  : 'con' command is executed.
18:19:28 INFO  : ----------------XSDB Script (After Launch)----------------
targets -set -nocase -filter {name =~ "*microblaze*#0" && bscan=="USER2" }
con
----------------End of Script----------------

18:19:28 INFO  : Launch script is exported to file 'E:\kevin\myCode\microBlaze100\vitisJson\syncMain_system\_ide\scripts\systemdebugger_syncmain_system_standalone.tcl'
18:42:11 INFO  : Disconnected from the channel tcfchan#1.
13:12:52 DEBUG : Logs will be stored at 'E:/kevin/myCode/microBlaze100/vitisJson/IDE.log'.
13:12:55 INFO  : Launching XSCT server: xsct.bat -n  -interactive E:\kevin\myCode\microBlaze100\vitisJson\temp_xsdb_launch_script.tcl
13:12:57 INFO  : Registering command handlers for Vitis TCF services
13:13:00 INFO  : Platform repository initialization has completed.
13:13:03 INFO  : XSCT server has started successfully.
13:13:03 INFO  : plnx-install-location is set to ''
13:13:03 INFO  : Successfully done setting XSCT server connection channel  
13:13:11 INFO  : Successfully done setting workspace for the tool. 
13:13:11 INFO  : Successfully done query RDI_DATADIR 
13:15:11 INFO  : Checking for BSP changes to sync application flags for project 'syncMain'...
13:16:05 INFO  : Checking for BSP changes to sync application flags for project 'syncMain'...
13:16:57 INFO  : Bit file 'E:/kevin/myCode/microBlaze100/vitisJson/syncMain/_ide/bitstream/download.bit' is generated.
13:16:59 INFO  : Connected to target on host '127.0.0.1' and port '3121'.
13:17:03 ERROR : no targets found with "jtag_cable_name =~ "Digilent JTAG-HS2 201706300081" && level==0 && jtag_device_ctx=="jsn-JTAG-HS2-201706300081-13631093-0"". available targets:
  1  xc7a200t
     2  MicroBlaze Debug Module at USER2
        3  MicroBlaze #0 (Running)
13:17:24 INFO  : Connected to target on host '127.0.0.1' and port '3121'.
13:17:24 WARN  : Part name present in the hardware specification 'xc7a100tlfgg484-2L' doesn't match the one present on the target 'xc7a200t'.
13:17:27 INFO  : ----------------XSDB Script----------------
connect -url tcp:127.0.0.1:3121
----------------End of Script----------------

13:17:29 INFO  : Connected to target on host '127.0.0.1' and port '3121'.
13:17:29 WARN  : Part name present in the hardware specification 'xc7a100tlfgg484-2L' doesn't match the one present on the target 'xc7a200t'.
13:17:45 INFO  : ----------------XSDB Script----------------
connect -url tcp:127.0.0.1:3121
----------------End of Script----------------

13:31:25 INFO  : Connected to target on host '127.0.0.1' and port '3121'.
13:31:26 INFO  : Jtag cable 'Digilent JTAG-HS2 201706300081' is selected.
13:31:26 INFO  : 'jtag frequency' command is executed.
13:31:27 INFO  : 'targets -set -filter {jtag_cable_name =~ "Digilent JTAG-HS2 201706300081" && level==0 && jtag_device_ctx=="jsn-JTAG-HS2-201706300081-13631093-0"}' command is executed.
13:31:30 INFO  : Device configured successfully with "E:/kevin/myCode/microBlaze100/vitisJson/syncMain/_ide/bitstream/download.bit"
13:31:30 INFO  : Context for processor 'microblaze_0' is selected.
13:31:30 INFO  : Hardware design and registers information is loaded from 'E:/kevin/myCode/microBlaze100/vitisJson/syncBlaze/export/syncBlaze/hw/design_1_wrapper.xsa'.
13:31:30 INFO  : 'configparams mdm-detect-bscan-mask 2' command is executed.
13:31:30 INFO  : Context for processor 'microblaze_0' is selected.
13:31:30 INFO  : System reset is completed.
13:31:33 INFO  : 'after 3000' command is executed.
13:31:34 INFO  : Context for processor 'microblaze_0' is selected.
13:31:35 INFO  : The application 'E:/kevin/myCode/microBlaze100/vitisJson/syncMain/Debug/syncMain.elf' is downloaded to processor 'microblaze_0'.
13:31:35 INFO  : ----------------XSDB Script----------------
connect -url tcp:127.0.0.1:3121
targets -set -filter {jtag_cable_name =~ "Digilent JTAG-HS2 201706300081" && level==0 && jtag_device_ctx=="jsn-JTAG-HS2-201706300081-13631093-0"}
fpga -file E:/kevin/myCode/microBlaze100/vitisJson/syncMain/_ide/bitstream/download.bit
targets -set -nocase -filter {name =~ "*microblaze*#0" && bscan=="USER2" }
loadhw -hw E:/kevin/myCode/microBlaze100/vitisJson/syncBlaze/export/syncBlaze/hw/design_1_wrapper.xsa -regs
configparams mdm-detect-bscan-mask 2
targets -set -nocase -filter {name =~ "*microblaze*#0" && bscan=="USER2" }
rst -system
after 3000
targets -set -nocase -filter {name =~ "*microblaze*#0" && bscan=="USER2" }
dow E:/kevin/myCode/microBlaze100/vitisJson/syncMain/Debug/syncMain.elf
----------------End of Script----------------

13:31:35 INFO  : Context for processor 'microblaze_0' is selected.
13:31:35 INFO  : 'con' command is executed.
13:31:35 INFO  : ----------------XSDB Script (After Launch)----------------
targets -set -nocase -filter {name =~ "*microblaze*#0" && bscan=="USER2" }
con
----------------End of Script----------------

13:31:35 INFO  : Launch script is exported to file 'E:\kevin\myCode\microBlaze100\vitisJson\syncMain_system\_ide\scripts\systemdebugger_syncmain_system_standalone.tcl'
13:32:06 INFO  : Bit file 'E:/kevin/myCode/microBlaze100/vitisJson/syncMain/_ide/bitstream/download.bit' is generated.
13:32:06 INFO  : Connected to target on host '127.0.0.1' and port '3121'.
13:32:06 INFO  : 'targets -set -filter {jtag_cable_name =~ "Digilent JTAG-HS2 201706300081" && level==0 && jtag_device_ctx=="jsn-JTAG-HS2-201706300081-13631093-0"}' command is executed.
13:32:09 INFO  : Device configured successfully with "E:/kevin/myCode/microBlaze100/vitisJson/syncMain/_ide/bitstream/download.bit"
13:32:37 INFO  : Connected to target on host '127.0.0.1' and port '3121'.
13:32:39 INFO  : Invoking Bootgen: bootgen -arch fpga -image E:/kevin/myCode/microBlaze100/vitisJson/syncMain_system/_ide/flash/bootimage.bif -w -o E:/kevin/myCode/microBlaze100/vitisJson/syncMain_system/_ide/flash/BOOT.bin  -interface spi
13:32:41 INFO  : Bootgen command execution is done.
18:15:14 INFO  : Disconnected from the channel tcfchan#1.
14:21:17 DEBUG : Logs will be stored at 'E:/kevin/myCode/microBlaze100/vitisJson/IDE.log'.
14:21:18 INFO  : Launching XSCT server: xsct.bat -n  -interactive E:\kevin\myCode\microBlaze100\vitisJson\temp_xsdb_launch_script.tcl
14:21:20 INFO  : Registering command handlers for Vitis TCF services
14:21:21 INFO  : Platform repository initialization has completed.
14:21:21 INFO  : XSCT server has started successfully.
14:21:27 INFO  : plnx-install-location is set to ''
14:21:27 INFO  : Successfully done setting XSCT server connection channel  
14:21:27 INFO  : Successfully done query RDI_DATADIR 
14:21:27 INFO  : Successfully done setting workspace for the tool. 
14:21:35 INFO  : Checking for BSP changes to sync application flags for project 'syncMain'...
14:21:47 INFO  : Connected to target on host '127.0.0.1' and port '3121'.
14:21:47 INFO  : Jtag cable 'Digilent JTAG-HS2 201706300081' is selected.
14:21:47 INFO  : 'jtag frequency' command is executed.
14:21:47 INFO  : 'targets -set -filter {jtag_cable_name =~ "Digilent JTAG-HS2 201706300081" && level==0 && jtag_device_ctx=="jsn-JTAG-HS2-201706300081-13631093-0"}' command is executed.
14:21:51 INFO  : Device configured successfully with "E:/kevin/myCode/microBlaze100/vitisJson/syncMain/_ide/bitstream/download.bit"
14:21:51 INFO  : Context for processor 'microblaze_0' is selected.
14:21:51 INFO  : Hardware design and registers information is loaded from 'E:/kevin/myCode/microBlaze100/vitisJson/syncBlaze/export/syncBlaze/hw/design_1_wrapper.xsa'.
14:21:51 INFO  : 'configparams mdm-detect-bscan-mask 2' command is executed.
14:21:51 INFO  : Context for processor 'microblaze_0' is selected.
14:21:51 INFO  : System reset is completed.
14:21:54 INFO  : 'after 3000' command is executed.
14:21:54 INFO  : Context for processor 'microblaze_0' is selected.
14:21:54 INFO  : The application 'E:/kevin/myCode/microBlaze100/vitisJson/syncMain/Debug/syncMain.elf' is downloaded to processor 'microblaze_0'.
14:21:54 INFO  : ----------------XSDB Script----------------
connect -url tcp:127.0.0.1:3121
targets -set -filter {jtag_cable_name =~ "Digilent JTAG-HS2 201706300081" && level==0 && jtag_device_ctx=="jsn-JTAG-HS2-201706300081-13631093-0"}
fpga -file E:/kevin/myCode/microBlaze100/vitisJson/syncMain/_ide/bitstream/download.bit
targets -set -nocase -filter {name =~ "*microblaze*#0" && bscan=="USER2" }
loadhw -hw E:/kevin/myCode/microBlaze100/vitisJson/syncBlaze/export/syncBlaze/hw/design_1_wrapper.xsa -regs
configparams mdm-detect-bscan-mask 2
targets -set -nocase -filter {name =~ "*microblaze*#0" && bscan=="USER2" }
rst -system
after 3000
targets -set -nocase -filter {name =~ "*microblaze*#0" && bscan=="USER2" }
dow E:/kevin/myCode/microBlaze100/vitisJson/syncMain/Debug/syncMain.elf
----------------End of Script----------------

14:21:55 INFO  : Context for processor 'microblaze_0' is selected.
14:21:55 INFO  : 'con' command is executed.
14:21:55 INFO  : ----------------XSDB Script (After Launch)----------------
targets -set -nocase -filter {name =~ "*microblaze*#0" && bscan=="USER2" }
con
----------------End of Script----------------

14:21:55 INFO  : Launch script is exported to file 'E:\kevin\myCode\microBlaze100\vitisJson\syncMain_system\_ide\scripts\systemdebugger_syncmain_system_standalone.tcl'
14:22:24 INFO  : Disconnected from the channel tcfchan#1.
14:22:24 INFO  : Connected to target on host '127.0.0.1' and port '3121'.
14:22:24 INFO  : Jtag cable 'Digilent JTAG-HS2 201706300081' is selected.
14:22:24 INFO  : 'jtag frequency' command is executed.
14:22:24 INFO  : 'targets -set -filter {jtag_cable_name =~ "Digilent JTAG-HS2 201706300081" && level==0 && jtag_device_ctx=="jsn-JTAG-HS2-201706300081-13631093-0"}' command is executed.
14:22:28 INFO  : Device configured successfully with "E:/kevin/myCode/microBlaze100/vitisJson/syncMain/_ide/bitstream/download.bit"
14:22:28 INFO  : Context for processor 'microblaze_0' is selected.
14:22:28 INFO  : Hardware design and registers information is loaded from 'E:/kevin/myCode/microBlaze100/vitisJson/syncBlaze/export/syncBlaze/hw/design_1_wrapper.xsa'.
14:22:28 INFO  : 'configparams mdm-detect-bscan-mask 2' command is executed.
14:22:28 INFO  : Context for processor 'microblaze_0' is selected.
14:22:28 INFO  : System reset is completed.
14:22:31 INFO  : 'after 3000' command is executed.
14:22:31 INFO  : Context for processor 'microblaze_0' is selected.
14:22:31 INFO  : The application 'E:/kevin/myCode/microBlaze100/vitisJson/syncMain/Debug/syncMain.elf' is downloaded to processor 'microblaze_0'.
14:22:31 INFO  : ----------------XSDB Script----------------
connect -url tcp:127.0.0.1:3121
targets -set -filter {jtag_cable_name =~ "Digilent JTAG-HS2 201706300081" && level==0 && jtag_device_ctx=="jsn-JTAG-HS2-201706300081-13631093-0"}
fpga -file E:/kevin/myCode/microBlaze100/vitisJson/syncMain/_ide/bitstream/download.bit
targets -set -nocase -filter {name =~ "*microblaze*#0" && bscan=="USER2" }
loadhw -hw E:/kevin/myCode/microBlaze100/vitisJson/syncBlaze/export/syncBlaze/hw/design_1_wrapper.xsa -regs
configparams mdm-detect-bscan-mask 2
targets -set -nocase -filter {name =~ "*microblaze*#0" && bscan=="USER2" }
rst -system
after 3000
targets -set -nocase -filter {name =~ "*microblaze*#0" && bscan=="USER2" }
dow E:/kevin/myCode/microBlaze100/vitisJson/syncMain/Debug/syncMain.elf
----------------End of Script----------------

14:22:31 INFO  : Context for processor 'microblaze_0' is selected.
14:22:32 INFO  : 'con' command is executed.
14:22:32 INFO  : ----------------XSDB Script (After Launch)----------------
targets -set -nocase -filter {name =~ "*microblaze*#0" && bscan=="USER2" }
con
----------------End of Script----------------

14:22:32 INFO  : Launch script is exported to file 'E:\kevin\myCode\microBlaze100\vitisJson\syncMain_system\_ide\scripts\systemdebugger_syncmain_system_standalone.tcl'
14:26:10 INFO  : Checking for BSP changes to sync application flags for project 'syncMain'...
14:26:17 INFO  : Disconnected from the channel tcfchan#2.
14:26:30 INFO  : Connected to target on host '127.0.0.1' and port '3121'.
14:26:30 INFO  : Jtag cable 'Digilent JTAG-HS2 201706300081' is selected.
14:26:30 INFO  : 'jtag frequency' command is executed.
14:26:30 INFO  : 'targets -set -filter {jtag_cable_name =~ "Digilent JTAG-HS2 201706300081" && level==0 && jtag_device_ctx=="jsn-JTAG-HS2-201706300081-13631093-0"}' command is executed.
14:26:33 INFO  : Device configured successfully with "E:/kevin/myCode/microBlaze100/vitisJson/syncMain/_ide/bitstream/download.bit"
14:26:33 INFO  : Context for processor 'microblaze_0' is selected.
14:26:34 INFO  : Hardware design and registers information is loaded from 'E:/kevin/myCode/microBlaze100/vitisJson/syncBlaze/export/syncBlaze/hw/design_1_wrapper.xsa'.
14:26:34 INFO  : 'configparams mdm-detect-bscan-mask 2' command is executed.
14:26:34 INFO  : Context for processor 'microblaze_0' is selected.
14:26:34 INFO  : System reset is completed.
14:26:37 INFO  : 'after 3000' command is executed.
14:26:37 INFO  : Context for processor 'microblaze_0' is selected.
14:26:37 INFO  : The application 'E:/kevin/myCode/microBlaze100/vitisJson/syncMain/Debug/syncMain.elf' is downloaded to processor 'microblaze_0'.
14:26:37 INFO  : ----------------XSDB Script----------------
connect -url tcp:127.0.0.1:3121
targets -set -filter {jtag_cable_name =~ "Digilent JTAG-HS2 201706300081" && level==0 && jtag_device_ctx=="jsn-JTAG-HS2-201706300081-13631093-0"}
fpga -file E:/kevin/myCode/microBlaze100/vitisJson/syncMain/_ide/bitstream/download.bit
targets -set -nocase -filter {name =~ "*microblaze*#0" && bscan=="USER2" }
loadhw -hw E:/kevin/myCode/microBlaze100/vitisJson/syncBlaze/export/syncBlaze/hw/design_1_wrapper.xsa -regs
configparams mdm-detect-bscan-mask 2
targets -set -nocase -filter {name =~ "*microblaze*#0" && bscan=="USER2" }
rst -system
after 3000
targets -set -nocase -filter {name =~ "*microblaze*#0" && bscan=="USER2" }
dow E:/kevin/myCode/microBlaze100/vitisJson/syncMain/Debug/syncMain.elf
----------------End of Script----------------

14:26:37 INFO  : Context for processor 'microblaze_0' is selected.
14:26:37 INFO  : 'con' command is executed.
14:26:37 INFO  : ----------------XSDB Script (After Launch)----------------
targets -set -nocase -filter {name =~ "*microblaze*#0" && bscan=="USER2" }
con
----------------End of Script----------------

14:26:37 INFO  : Launch script is exported to file 'E:\kevin\myCode\microBlaze100\vitisJson\syncMain_system\_ide\scripts\systemdebugger_syncmain_system_standalone.tcl'
14:36:09 INFO  : Disconnected from the channel tcfchan#3.
15:14:24 DEBUG : Logs will be stored at 'E:/kevin/myCode/microBlaze100/vitisJson/IDE.log'.
15:14:25 INFO  : Launching XSCT server: xsct.bat -n  -interactive E:\kevin\myCode\microBlaze100\vitisJson\temp_xsdb_launch_script.tcl
15:14:26 INFO  : Registering command handlers for Vitis TCF services
15:14:27 INFO  : Platform repository initialization has completed.
15:14:27 INFO  : XSCT server has started successfully.
15:14:27 INFO  : Successfully done setting XSCT server connection channel  
15:14:27 INFO  : plnx-install-location is set to ''
15:14:27 INFO  : Successfully done query RDI_DATADIR 
15:14:27 INFO  : Successfully done setting workspace for the tool. 
15:14:44 INFO  : Connected to target on host '127.0.0.1' and port '3121'.
15:14:44 INFO  : Jtag cable 'Digilent JTAG-HS2 201706300081' is selected.
15:14:44 INFO  : 'jtag frequency' command is executed.
15:14:44 INFO  : 'targets -set -filter {jtag_cable_name =~ "Digilent JTAG-HS2 201706300081" && level==0 && jtag_device_ctx=="jsn-JTAG-HS2-201706300081-13631093-0"}' command is executed.
15:14:48 INFO  : Device configured successfully with "E:/kevin/myCode/microBlaze100/vitisJson/syncMain/_ide/bitstream/download.bit"
15:14:48 INFO  : Context for processor 'microblaze_0' is selected.
15:14:48 INFO  : Hardware design and registers information is loaded from 'E:/kevin/myCode/microBlaze100/vitisJson/syncBlaze/export/syncBlaze/hw/design_1_wrapper.xsa'.
15:14:48 INFO  : 'configparams mdm-detect-bscan-mask 2' command is executed.
15:14:48 INFO  : Context for processor 'microblaze_0' is selected.
15:14:48 INFO  : System reset is completed.
15:14:51 INFO  : 'after 3000' command is executed.
15:14:51 INFO  : Context for processor 'microblaze_0' is selected.
15:14:51 INFO  : Checking for BSP changes to sync application flags for project 'syncMain'...
15:14:51 INFO  : The application 'E:/kevin/myCode/microBlaze100/vitisJson/syncMain/Debug/syncMain.elf' is downloaded to processor 'microblaze_0'.
15:14:51 INFO  : ----------------XSDB Script----------------
connect -url tcp:127.0.0.1:3121
targets -set -filter {jtag_cable_name =~ "Digilent JTAG-HS2 201706300081" && level==0 && jtag_device_ctx=="jsn-JTAG-HS2-201706300081-13631093-0"}
fpga -file E:/kevin/myCode/microBlaze100/vitisJson/syncMain/_ide/bitstream/download.bit
targets -set -nocase -filter {name =~ "*microblaze*#0" && bscan=="USER2" }
loadhw -hw E:/kevin/myCode/microBlaze100/vitisJson/syncBlaze/export/syncBlaze/hw/design_1_wrapper.xsa -regs
configparams mdm-detect-bscan-mask 2
targets -set -nocase -filter {name =~ "*microblaze*#0" && bscan=="USER2" }
rst -system
after 3000
targets -set -nocase -filter {name =~ "*microblaze*#0" && bscan=="USER2" }
dow E:/kevin/myCode/microBlaze100/vitisJson/syncMain/Debug/syncMain.elf
----------------End of Script----------------

15:14:52 INFO  : Context for processor 'microblaze_0' is selected.
15:14:52 INFO  : 'con' command is executed.
15:14:52 INFO  : ----------------XSDB Script (After Launch)----------------
targets -set -nocase -filter {name =~ "*microblaze*#0" && bscan=="USER2" }
con
----------------End of Script----------------

15:14:52 INFO  : Launch script is exported to file 'E:\kevin\myCode\microBlaze100\vitisJson\syncMain_system\_ide\scripts\systemdebugger_syncmain_system_standalone.tcl'
15:14:57 INFO  : Disconnected from the channel tcfchan#1.
15:14:58 INFO  : Connected to target on host '127.0.0.1' and port '3121'.
15:14:58 INFO  : Jtag cable 'Digilent JTAG-HS2 201706300081' is selected.
15:14:58 INFO  : 'jtag frequency' command is executed.
15:14:58 INFO  : 'targets -set -filter {jtag_cable_name =~ "Digilent JTAG-HS2 201706300081" && level==0 && jtag_device_ctx=="jsn-JTAG-HS2-201706300081-13631093-0"}' command is executed.
15:15:01 INFO  : Device configured successfully with "E:/kevin/myCode/microBlaze100/vitisJson/syncMain/_ide/bitstream/download.bit"
15:15:01 INFO  : Context for processor 'microblaze_0' is selected.
15:15:01 INFO  : Hardware design and registers information is loaded from 'E:/kevin/myCode/microBlaze100/vitisJson/syncBlaze/export/syncBlaze/hw/design_1_wrapper.xsa'.
15:15:01 INFO  : 'configparams mdm-detect-bscan-mask 2' command is executed.
15:15:01 INFO  : Context for processor 'microblaze_0' is selected.
15:15:01 INFO  : System reset is completed.
15:15:04 INFO  : 'after 3000' command is executed.
15:15:04 INFO  : Context for processor 'microblaze_0' is selected.
15:15:05 INFO  : The application 'E:/kevin/myCode/microBlaze100/vitisJson/syncMain/Debug/syncMain.elf' is downloaded to processor 'microblaze_0'.
15:15:05 INFO  : ----------------XSDB Script----------------
connect -url tcp:127.0.0.1:3121
targets -set -filter {jtag_cable_name =~ "Digilent JTAG-HS2 201706300081" && level==0 && jtag_device_ctx=="jsn-JTAG-HS2-201706300081-13631093-0"}
fpga -file E:/kevin/myCode/microBlaze100/vitisJson/syncMain/_ide/bitstream/download.bit
targets -set -nocase -filter {name =~ "*microblaze*#0" && bscan=="USER2" }
loadhw -hw E:/kevin/myCode/microBlaze100/vitisJson/syncBlaze/export/syncBlaze/hw/design_1_wrapper.xsa -regs
configparams mdm-detect-bscan-mask 2
targets -set -nocase -filter {name =~ "*microblaze*#0" && bscan=="USER2" }
rst -system
after 3000
targets -set -nocase -filter {name =~ "*microblaze*#0" && bscan=="USER2" }
dow E:/kevin/myCode/microBlaze100/vitisJson/syncMain/Debug/syncMain.elf
----------------End of Script----------------

15:15:05 INFO  : Context for processor 'microblaze_0' is selected.
15:15:05 INFO  : 'con' command is executed.
15:15:05 INFO  : ----------------XSDB Script (After Launch)----------------
targets -set -nocase -filter {name =~ "*microblaze*#0" && bscan=="USER2" }
con
----------------End of Script----------------

15:15:05 INFO  : Launch script is exported to file 'E:\kevin\myCode\microBlaze100\vitisJson\syncMain_system\_ide\scripts\systemdebugger_syncmain_system_standalone.tcl'
15:18:03 INFO  : Disconnected from the channel tcfchan#2.
15:18:04 INFO  : Connected to target on host '127.0.0.1' and port '3121'.
15:18:04 INFO  : Jtag cable 'Digilent JTAG-HS2 201706300081' is selected.
15:18:04 INFO  : 'jtag frequency' command is executed.
15:18:04 INFO  : 'targets -set -filter {jtag_cable_name =~ "Digilent JTAG-HS2 201706300081" && level==0 && jtag_device_ctx=="jsn-JTAG-HS2-201706300081-13631093-0"}' command is executed.
15:18:07 INFO  : Device configured successfully with "E:/kevin/myCode/microBlaze100/vitisJson/syncMain/_ide/bitstream/download.bit"
15:18:07 INFO  : Context for processor 'microblaze_0' is selected.
15:18:07 INFO  : Hardware design and registers information is loaded from 'E:/kevin/myCode/microBlaze100/vitisJson/syncBlaze/export/syncBlaze/hw/design_1_wrapper.xsa'.
15:18:07 INFO  : 'configparams mdm-detect-bscan-mask 2' command is executed.
15:18:07 INFO  : Context for processor 'microblaze_0' is selected.
15:18:07 INFO  : System reset is completed.
15:18:10 INFO  : 'after 3000' command is executed.
15:18:10 INFO  : Context for processor 'microblaze_0' is selected.
15:18:11 INFO  : The application 'E:/kevin/myCode/microBlaze100/vitisJson/syncMain/Debug/syncMain.elf' is downloaded to processor 'microblaze_0'.
15:18:11 INFO  : ----------------XSDB Script----------------
connect -url tcp:127.0.0.1:3121
targets -set -filter {jtag_cable_name =~ "Digilent JTAG-HS2 201706300081" && level==0 && jtag_device_ctx=="jsn-JTAG-HS2-201706300081-13631093-0"}
fpga -file E:/kevin/myCode/microBlaze100/vitisJson/syncMain/_ide/bitstream/download.bit
targets -set -nocase -filter {name =~ "*microblaze*#0" && bscan=="USER2" }
loadhw -hw E:/kevin/myCode/microBlaze100/vitisJson/syncBlaze/export/syncBlaze/hw/design_1_wrapper.xsa -regs
configparams mdm-detect-bscan-mask 2
targets -set -nocase -filter {name =~ "*microblaze*#0" && bscan=="USER2" }
rst -system
after 3000
targets -set -nocase -filter {name =~ "*microblaze*#0" && bscan=="USER2" }
dow E:/kevin/myCode/microBlaze100/vitisJson/syncMain/Debug/syncMain.elf
----------------End of Script----------------

15:18:11 INFO  : Context for processor 'microblaze_0' is selected.
15:18:11 INFO  : 'con' command is executed.
15:18:11 INFO  : ----------------XSDB Script (After Launch)----------------
targets -set -nocase -filter {name =~ "*microblaze*#0" && bscan=="USER2" }
con
----------------End of Script----------------

15:18:11 INFO  : Launch script is exported to file 'E:\kevin\myCode\microBlaze100\vitisJson\syncMain_system\_ide\scripts\systemdebugger_syncmain_system_standalone.tcl'
15:18:12 INFO  : Checking for BSP changes to sync application flags for project 'syncMain'...
15:18:15 INFO  : Disconnected from the channel tcfchan#3.
15:18:18 INFO  : Connected to target on host '127.0.0.1' and port '3121'.
15:18:19 INFO  : Jtag cable 'Digilent JTAG-HS2 201706300081' is selected.
15:18:19 INFO  : 'jtag frequency' command is executed.
15:18:19 INFO  : 'targets -set -filter {jtag_cable_name =~ "Digilent JTAG-HS2 201706300081" && level==0 && jtag_device_ctx=="jsn-JTAG-HS2-201706300081-13631093-0"}' command is executed.
15:18:22 INFO  : Device configured successfully with "E:/kevin/myCode/microBlaze100/vitisJson/syncMain/_ide/bitstream/download.bit"
15:18:22 INFO  : Context for processor 'microblaze_0' is selected.
15:18:22 INFO  : Hardware design and registers information is loaded from 'E:/kevin/myCode/microBlaze100/vitisJson/syncBlaze/export/syncBlaze/hw/design_1_wrapper.xsa'.
15:18:22 INFO  : 'configparams mdm-detect-bscan-mask 2' command is executed.
15:18:22 INFO  : Context for processor 'microblaze_0' is selected.
15:18:22 INFO  : System reset is completed.
15:18:25 INFO  : 'after 3000' command is executed.
15:18:25 INFO  : Context for processor 'microblaze_0' is selected.
15:18:26 INFO  : The application 'E:/kevin/myCode/microBlaze100/vitisJson/syncMain/Debug/syncMain.elf' is downloaded to processor 'microblaze_0'.
15:18:26 INFO  : ----------------XSDB Script----------------
connect -url tcp:127.0.0.1:3121
targets -set -filter {jtag_cable_name =~ "Digilent JTAG-HS2 201706300081" && level==0 && jtag_device_ctx=="jsn-JTAG-HS2-201706300081-13631093-0"}
fpga -file E:/kevin/myCode/microBlaze100/vitisJson/syncMain/_ide/bitstream/download.bit
targets -set -nocase -filter {name =~ "*microblaze*#0" && bscan=="USER2" }
loadhw -hw E:/kevin/myCode/microBlaze100/vitisJson/syncBlaze/export/syncBlaze/hw/design_1_wrapper.xsa -regs
configparams mdm-detect-bscan-mask 2
targets -set -nocase -filter {name =~ "*microblaze*#0" && bscan=="USER2" }
rst -system
after 3000
targets -set -nocase -filter {name =~ "*microblaze*#0" && bscan=="USER2" }
dow E:/kevin/myCode/microBlaze100/vitisJson/syncMain/Debug/syncMain.elf
----------------End of Script----------------

15:18:26 INFO  : Context for processor 'microblaze_0' is selected.
15:18:26 INFO  : 'con' command is executed.
15:18:26 INFO  : ----------------XSDB Script (After Launch)----------------
targets -set -nocase -filter {name =~ "*microblaze*#0" && bscan=="USER2" }
con
----------------End of Script----------------

15:18:26 INFO  : Launch script is exported to file 'E:\kevin\myCode\microBlaze100\vitisJson\syncMain_system\_ide\scripts\systemdebugger_syncmain_system_standalone.tcl'
15:24:12 INFO  : Disconnected from the channel tcfchan#4.
15:24:14 INFO  : Checking for BSP changes to sync application flags for project 'syncMain'...
15:24:20 INFO  : Connected to target on host '127.0.0.1' and port '3121'.
15:24:20 INFO  : Jtag cable 'Digilent JTAG-HS2 201706300081' is selected.
15:24:20 INFO  : 'jtag frequency' command is executed.
15:24:20 INFO  : 'targets -set -filter {jtag_cable_name =~ "Digilent JTAG-HS2 201706300081" && level==0 && jtag_device_ctx=="jsn-JTAG-HS2-201706300081-13631093-0"}' command is executed.
15:24:23 INFO  : Device configured successfully with "E:/kevin/myCode/microBlaze100/vitisJson/syncMain/_ide/bitstream/download.bit"
15:24:23 INFO  : Context for processor 'microblaze_0' is selected.
15:24:23 INFO  : Hardware design and registers information is loaded from 'E:/kevin/myCode/microBlaze100/vitisJson/syncBlaze/export/syncBlaze/hw/design_1_wrapper.xsa'.
15:24:23 INFO  : 'configparams mdm-detect-bscan-mask 2' command is executed.
15:24:23 INFO  : Context for processor 'microblaze_0' is selected.
15:24:23 INFO  : System reset is completed.
15:24:26 INFO  : 'after 3000' command is executed.
15:24:26 INFO  : Context for processor 'microblaze_0' is selected.
15:24:26 INFO  : The application 'E:/kevin/myCode/microBlaze100/vitisJson/syncMain/Debug/syncMain.elf' is downloaded to processor 'microblaze_0'.
15:24:26 INFO  : ----------------XSDB Script----------------
connect -url tcp:127.0.0.1:3121
targets -set -filter {jtag_cable_name =~ "Digilent JTAG-HS2 201706300081" && level==0 && jtag_device_ctx=="jsn-JTAG-HS2-201706300081-13631093-0"}
fpga -file E:/kevin/myCode/microBlaze100/vitisJson/syncMain/_ide/bitstream/download.bit
targets -set -nocase -filter {name =~ "*microblaze*#0" && bscan=="USER2" }
loadhw -hw E:/kevin/myCode/microBlaze100/vitisJson/syncBlaze/export/syncBlaze/hw/design_1_wrapper.xsa -regs
configparams mdm-detect-bscan-mask 2
targets -set -nocase -filter {name =~ "*microblaze*#0" && bscan=="USER2" }
rst -system
after 3000
targets -set -nocase -filter {name =~ "*microblaze*#0" && bscan=="USER2" }
dow E:/kevin/myCode/microBlaze100/vitisJson/syncMain/Debug/syncMain.elf
----------------End of Script----------------

15:24:27 INFO  : Context for processor 'microblaze_0' is selected.
15:24:27 INFO  : 'con' command is executed.
15:24:27 INFO  : ----------------XSDB Script (After Launch)----------------
targets -set -nocase -filter {name =~ "*microblaze*#0" && bscan=="USER2" }
con
----------------End of Script----------------

15:24:27 INFO  : Launch script is exported to file 'E:\kevin\myCode\microBlaze100\vitisJson\syncMain_system\_ide\scripts\systemdebugger_syncmain_system_standalone.tcl'
15:25:55 INFO  : Disconnected from the channel tcfchan#5.
15:25:56 INFO  : Checking for BSP changes to sync application flags for project 'syncMain'...
15:26:02 INFO  : Connected to target on host '127.0.0.1' and port '3121'.
15:26:03 INFO  : Jtag cable 'Digilent JTAG-HS2 201706300081' is selected.
15:26:03 INFO  : 'jtag frequency' command is executed.
15:26:03 INFO  : 'targets -set -filter {jtag_cable_name =~ "Digilent JTAG-HS2 201706300081" && level==0 && jtag_device_ctx=="jsn-JTAG-HS2-201706300081-13631093-0"}' command is executed.
15:26:06 INFO  : Device configured successfully with "E:/kevin/myCode/microBlaze100/vitisJson/syncMain/_ide/bitstream/download.bit"
15:26:06 INFO  : Context for processor 'microblaze_0' is selected.
15:26:06 INFO  : Hardware design and registers information is loaded from 'E:/kevin/myCode/microBlaze100/vitisJson/syncBlaze/export/syncBlaze/hw/design_1_wrapper.xsa'.
15:26:06 INFO  : 'configparams mdm-detect-bscan-mask 2' command is executed.
15:26:06 INFO  : Context for processor 'microblaze_0' is selected.
15:26:06 INFO  : System reset is completed.
15:26:09 INFO  : 'after 3000' command is executed.
15:26:09 INFO  : Context for processor 'microblaze_0' is selected.
15:26:09 INFO  : The application 'E:/kevin/myCode/microBlaze100/vitisJson/syncMain/Debug/syncMain.elf' is downloaded to processor 'microblaze_0'.
15:26:09 INFO  : ----------------XSDB Script----------------
connect -url tcp:127.0.0.1:3121
targets -set -filter {jtag_cable_name =~ "Digilent JTAG-HS2 201706300081" && level==0 && jtag_device_ctx=="jsn-JTAG-HS2-201706300081-13631093-0"}
fpga -file E:/kevin/myCode/microBlaze100/vitisJson/syncMain/_ide/bitstream/download.bit
targets -set -nocase -filter {name =~ "*microblaze*#0" && bscan=="USER2" }
loadhw -hw E:/kevin/myCode/microBlaze100/vitisJson/syncBlaze/export/syncBlaze/hw/design_1_wrapper.xsa -regs
configparams mdm-detect-bscan-mask 2
targets -set -nocase -filter {name =~ "*microblaze*#0" && bscan=="USER2" }
rst -system
after 3000
targets -set -nocase -filter {name =~ "*microblaze*#0" && bscan=="USER2" }
dow E:/kevin/myCode/microBlaze100/vitisJson/syncMain/Debug/syncMain.elf
----------------End of Script----------------

15:26:09 INFO  : Context for processor 'microblaze_0' is selected.
15:26:10 INFO  : 'con' command is executed.
15:26:10 INFO  : ----------------XSDB Script (After Launch)----------------
targets -set -nocase -filter {name =~ "*microblaze*#0" && bscan=="USER2" }
con
----------------End of Script----------------

15:26:10 INFO  : Launch script is exported to file 'E:\kevin\myCode\microBlaze100\vitisJson\syncMain_system\_ide\scripts\systemdebugger_syncmain_system_standalone.tcl'
15:30:42 INFO  : Disconnected from the channel tcfchan#6.
15:37:18 DEBUG : Logs will be stored at 'E:/kevin/myCode/microBlaze100/vitisJson/IDE.log'.
15:37:19 INFO  : Registering command handlers for Vitis TCF services
15:37:19 INFO  : XSCT server has started successfully.
15:37:19 INFO  : plnx-install-location is set to ''
15:37:20 INFO  : Successfully done setting XSCT server connection channel  
15:37:20 INFO  : Successfully done query RDI_DATADIR 
15:37:20 INFO  : Successfully done setting workspace for the tool. 
15:37:20 INFO  : Platform repository initialization has completed.
15:38:13 INFO  : Connected to target on host '127.0.0.1' and port '3121'.
15:38:13 INFO  : Jtag cable 'Digilent JTAG-HS2 201706300081' is selected.
15:38:13 INFO  : 'jtag frequency' command is executed.
15:38:13 INFO  : 'targets -set -filter {jtag_cable_name =~ "Digilent JTAG-HS2 201706300081" && level==0 && jtag_device_ctx=="jsn-JTAG-HS2-201706300081-13631093-0"}' command is executed.
15:38:16 INFO  : Device configured successfully with "E:/kevin/myCode/microBlaze100/vitisJson/syncMain/_ide/bitstream/download.bit"
15:38:16 INFO  : Context for processor 'microblaze_0' is selected.
15:38:16 INFO  : Hardware design and registers information is loaded from 'E:/kevin/myCode/microBlaze100/vitisJson/syncBlaze/export/syncBlaze/hw/design_1_wrapper.xsa'.
15:38:16 INFO  : 'configparams mdm-detect-bscan-mask 2' command is executed.
15:38:16 INFO  : Context for processor 'microblaze_0' is selected.
15:38:16 INFO  : System reset is completed.
15:38:19 INFO  : 'after 3000' command is executed.
15:38:20 INFO  : Context for processor 'microblaze_0' is selected.
15:38:20 INFO  : The application 'E:/kevin/myCode/microBlaze100/vitisJson/syncMain/Debug/syncMain.elf' is downloaded to processor 'microblaze_0'.
15:38:20 INFO  : ----------------XSDB Script----------------
connect -url tcp:127.0.0.1:3121
targets -set -filter {jtag_cable_name =~ "Digilent JTAG-HS2 201706300081" && level==0 && jtag_device_ctx=="jsn-JTAG-HS2-201706300081-13631093-0"}
fpga -file E:/kevin/myCode/microBlaze100/vitisJson/syncMain/_ide/bitstream/download.bit
targets -set -nocase -filter {name =~ "*microblaze*#0" && bscan=="USER2" }
loadhw -hw E:/kevin/myCode/microBlaze100/vitisJson/syncBlaze/export/syncBlaze/hw/design_1_wrapper.xsa -regs
configparams mdm-detect-bscan-mask 2
targets -set -nocase -filter {name =~ "*microblaze*#0" && bscan=="USER2" }
rst -system
after 3000
targets -set -nocase -filter {name =~ "*microblaze*#0" && bscan=="USER2" }
dow E:/kevin/myCode/microBlaze100/vitisJson/syncMain/Debug/syncMain.elf
----------------End of Script----------------

15:38:20 INFO  : Context for processor 'microblaze_0' is selected.
15:38:20 INFO  : 'con' command is executed.
15:38:20 INFO  : ----------------XSDB Script (After Launch)----------------
targets -set -nocase -filter {name =~ "*microblaze*#0" && bscan=="USER2" }
con
----------------End of Script----------------

15:38:20 INFO  : Launch script is exported to file 'E:\kevin\myCode\microBlaze100\vitisJson\syncMain_system\_ide\scripts\systemdebugger_syncmain_system_standalone.tcl'
15:52:31 INFO  : Disconnected from the channel tcfchan#1.
16:05:53 DEBUG : Logs will be stored at 'E:/kevin/myCode/microBlaze100/vitisJson/IDE.log'.
16:05:53 INFO  : Launching XSCT server: xsct.bat -n  -interactive E:\kevin\myCode\microBlaze100\vitisJson\temp_xsdb_launch_script.tcl
16:05:55 INFO  : XSCT server has started successfully.
16:05:55 INFO  : plnx-install-location is set to ''
16:05:55 INFO  : Successfully done setting XSCT server connection channel  
16:05:55 INFO  : Successfully done setting workspace for the tool. 
16:05:55 INFO  : Successfully done query RDI_DATADIR 
16:05:55 INFO  : Registering command handlers for Vitis TCF services
16:05:56 INFO  : Platform repository initialization has completed.
16:06:35 INFO  : Result from executing command 'getProjects': syncBlaze
16:06:35 INFO  : Result from executing command 'getPlatforms': syncBlaze|E:/kevin/myCode/microBlaze100/vitisJson/syncBlaze/export/syncBlaze/syncBlaze.xpfm;xilinx_vck190_base_202220_1|D:/Xilinx202202/Vitis/2022.2/base_platforms/xilinx_vck190_base_202220_1/xilinx_vck190_base_202220_1.xpfm;xilinx_vck190_base_dfx_202220_1|D:/Xilinx202202/Vitis/2022.2/base_platforms/xilinx_vck190_base_dfx_202220_1/xilinx_vck190_base_dfx_202220_1.xpfm;xilinx_vmk180_base_202220_1|D:/Xilinx202202/Vitis/2022.2/base_platforms/xilinx_vmk180_base_202220_1/xilinx_vmk180_base_202220_1.xpfm;xilinx_zcu102_base_202220_1|D:/Xilinx202202/Vitis/2022.2/base_platforms/xilinx_zcu102_base_202220_1/xilinx_zcu102_base_202220_1.xpfm;xilinx_zcu102_base_dfx_202220_1|D:/Xilinx202202/Vitis/2022.2/base_platforms/xilinx_zcu102_base_dfx_202220_1/xilinx_zcu102_base_dfx_202220_1.xpfm;xilinx_zcu104_base_202220_1|D:/Xilinx202202/Vitis/2022.2/base_platforms/xilinx_zcu104_base_202220_1/xilinx_zcu104_base_202220_1.xpfm
16:06:36 INFO  : Checking for BSP changes to sync application flags for project 'syncMain'...
16:07:28 DEBUG : Logs will be stored at 'E:/kevin/myCode/microBlaze100/vitisJson/IDE.log'.
16:07:28 INFO  : Launching XSCT server: xsct.bat -n  -interactive E:\kevin\myCode\microBlaze100\vitisJson\temp_xsdb_launch_script.tcl
16:07:30 INFO  : XSCT server has started successfully.
16:07:30 INFO  : plnx-install-location is set to ''
16:07:30 INFO  : Successfully done setting XSCT server connection channel  
16:07:30 INFO  : Successfully done setting workspace for the tool. 
16:07:30 INFO  : Successfully done query RDI_DATADIR 
16:07:30 INFO  : Registering command handlers for Vitis TCF services
16:07:31 INFO  : Platform repository initialization has completed.
16:08:11 INFO  : Checking for BSP changes to sync application flags for project 'syncMain'...
16:08:21 INFO  : Connected to target on host '127.0.0.1' and port '3121'.
16:08:21 INFO  : Jtag cable 'Digilent JTAG-HS2 201706300081' is selected.
16:08:21 INFO  : 'jtag frequency' command is executed.
16:08:21 INFO  : 'targets -set -filter {jtag_cable_name =~ "Digilent JTAG-HS2 201706300081" && level==0 && jtag_device_ctx=="jsn-JTAG-HS2-201706300081-13631093-0"}' command is executed.
16:08:24 INFO  : Device configured successfully with "E:/kevin/myCode/microBlaze100/vitisJson/syncMain/_ide/bitstream/download.bit"
16:08:24 INFO  : Context for processor 'microblaze_0' is selected.
16:08:24 INFO  : Hardware design and registers information is loaded from 'E:/kevin/myCode/microBlaze100/vitisJson/syncBlaze/export/syncBlaze/hw/design_1_wrapper.xsa'.
16:08:24 INFO  : 'configparams mdm-detect-bscan-mask 2' command is executed.
16:08:24 INFO  : Context for processor 'microblaze_0' is selected.
16:08:24 INFO  : System reset is completed.
16:08:27 INFO  : 'after 3000' command is executed.
16:08:27 INFO  : Context for processor 'microblaze_0' is selected.
16:08:28 INFO  : The application 'E:/kevin/myCode/microBlaze100/vitisJson/syncMain/Debug/syncMain.elf' is downloaded to processor 'microblaze_0'.
16:08:28 INFO  : ----------------XSDB Script----------------
connect -url tcp:127.0.0.1:3121
targets -set -filter {jtag_cable_name =~ "Digilent JTAG-HS2 201706300081" && level==0 && jtag_device_ctx=="jsn-JTAG-HS2-201706300081-13631093-0"}
fpga -file E:/kevin/myCode/microBlaze100/vitisJson/syncMain/_ide/bitstream/download.bit
targets -set -nocase -filter {name =~ "*microblaze*#0" && bscan=="USER2" }
loadhw -hw E:/kevin/myCode/microBlaze100/vitisJson/syncBlaze/export/syncBlaze/hw/design_1_wrapper.xsa -regs
configparams mdm-detect-bscan-mask 2
targets -set -nocase -filter {name =~ "*microblaze*#0" && bscan=="USER2" }
rst -system
after 3000
targets -set -nocase -filter {name =~ "*microblaze*#0" && bscan=="USER2" }
dow E:/kevin/myCode/microBlaze100/vitisJson/syncMain/Debug/syncMain.elf
----------------End of Script----------------

16:08:28 INFO  : Context for processor 'microblaze_0' is selected.
16:08:28 INFO  : 'con' command is executed.
16:08:28 INFO  : ----------------XSDB Script (After Launch)----------------
targets -set -nocase -filter {name =~ "*microblaze*#0" && bscan=="USER2" }
con
----------------End of Script----------------

16:08:28 INFO  : Launch script is exported to file 'E:\kevin\myCode\microBlaze100\vitisJson\syncMain_system\_ide\scripts\systemdebugger_syncmain_system_standalone.tcl'
16:10:10 INFO  : Disconnected from the channel tcfchan#1.
16:10:10 INFO  : Checking for BSP changes to sync application flags for project 'syncMain'...
16:10:13 INFO  : Connected to target on host '127.0.0.1' and port '3121'.
16:10:13 INFO  : Jtag cable 'Digilent JTAG-HS2 201706300081' is selected.
16:10:13 INFO  : 'jtag frequency' command is executed.
16:10:13 INFO  : 'targets -set -filter {jtag_cable_name =~ "Digilent JTAG-HS2 201706300081" && level==0 && jtag_device_ctx=="jsn-JTAG-HS2-201706300081-13631093-0"}' command is executed.
16:10:17 INFO  : Device configured successfully with "E:/kevin/myCode/microBlaze100/vitisJson/syncMain/_ide/bitstream/download.bit"
16:10:17 INFO  : Context for processor 'microblaze_0' is selected.
16:10:17 INFO  : Hardware design and registers information is loaded from 'E:/kevin/myCode/microBlaze100/vitisJson/syncBlaze/export/syncBlaze/hw/design_1_wrapper.xsa'.
16:10:17 INFO  : 'configparams mdm-detect-bscan-mask 2' command is executed.
16:10:17 INFO  : Context for processor 'microblaze_0' is selected.
16:10:17 INFO  : System reset is completed.
16:10:20 INFO  : 'after 3000' command is executed.
16:10:20 INFO  : Context for processor 'microblaze_0' is selected.
16:10:20 INFO  : The application 'E:/kevin/myCode/microBlaze100/vitisJson/syncMain/Debug/syncMain.elf' is downloaded to processor 'microblaze_0'.
16:10:20 INFO  : ----------------XSDB Script----------------
connect -url tcp:127.0.0.1:3121
targets -set -filter {jtag_cable_name =~ "Digilent JTAG-HS2 201706300081" && level==0 && jtag_device_ctx=="jsn-JTAG-HS2-201706300081-13631093-0"}
fpga -file E:/kevin/myCode/microBlaze100/vitisJson/syncMain/_ide/bitstream/download.bit
targets -set -nocase -filter {name =~ "*microblaze*#0" && bscan=="USER2" }
loadhw -hw E:/kevin/myCode/microBlaze100/vitisJson/syncBlaze/export/syncBlaze/hw/design_1_wrapper.xsa -regs
configparams mdm-detect-bscan-mask 2
targets -set -nocase -filter {name =~ "*microblaze*#0" && bscan=="USER2" }
rst -system
after 3000
targets -set -nocase -filter {name =~ "*microblaze*#0" && bscan=="USER2" }
dow E:/kevin/myCode/microBlaze100/vitisJson/syncMain/Debug/syncMain.elf
----------------End of Script----------------

16:10:20 INFO  : Context for processor 'microblaze_0' is selected.
16:10:20 INFO  : 'con' command is executed.
16:10:20 INFO  : ----------------XSDB Script (After Launch)----------------
targets -set -nocase -filter {name =~ "*microblaze*#0" && bscan=="USER2" }
con
----------------End of Script----------------

16:10:20 INFO  : Launch script is exported to file 'E:\kevin\myCode\microBlaze100\vitisJson\syncMain_system\_ide\scripts\systemdebugger_syncmain_system_standalone.tcl'
16:11:19 INFO  : Disconnected from the channel tcfchan#2.
16:11:20 INFO  : Checking for BSP changes to sync application flags for project 'syncMain'...
16:11:22 INFO  : Connected to target on host '127.0.0.1' and port '3121'.
16:11:23 INFO  : Jtag cable 'Digilent JTAG-HS2 201706300081' is selected.
16:11:23 INFO  : 'jtag frequency' command is executed.
16:11:23 INFO  : 'targets -set -filter {jtag_cable_name =~ "Digilent JTAG-HS2 201706300081" && level==0 && jtag_device_ctx=="jsn-JTAG-HS2-201706300081-13631093-0"}' command is executed.
16:11:26 INFO  : Device configured successfully with "E:/kevin/myCode/microBlaze100/vitisJson/syncMain/_ide/bitstream/download.bit"
16:11:26 INFO  : Context for processor 'microblaze_0' is selected.
16:11:26 INFO  : Hardware design and registers information is loaded from 'E:/kevin/myCode/microBlaze100/vitisJson/syncBlaze/export/syncBlaze/hw/design_1_wrapper.xsa'.
16:11:26 INFO  : 'configparams mdm-detect-bscan-mask 2' command is executed.
16:11:26 INFO  : Context for processor 'microblaze_0' is selected.
16:11:26 INFO  : System reset is completed.
16:11:29 INFO  : 'after 3000' command is executed.
16:11:29 INFO  : Context for processor 'microblaze_0' is selected.
16:11:29 INFO  : The application 'E:/kevin/myCode/microBlaze100/vitisJson/syncMain/Debug/syncMain.elf' is downloaded to processor 'microblaze_0'.
16:11:29 INFO  : ----------------XSDB Script----------------
connect -url tcp:127.0.0.1:3121
targets -set -filter {jtag_cable_name =~ "Digilent JTAG-HS2 201706300081" && level==0 && jtag_device_ctx=="jsn-JTAG-HS2-201706300081-13631093-0"}
fpga -file E:/kevin/myCode/microBlaze100/vitisJson/syncMain/_ide/bitstream/download.bit
targets -set -nocase -filter {name =~ "*microblaze*#0" && bscan=="USER2" }
loadhw -hw E:/kevin/myCode/microBlaze100/vitisJson/syncBlaze/export/syncBlaze/hw/design_1_wrapper.xsa -regs
configparams mdm-detect-bscan-mask 2
targets -set -nocase -filter {name =~ "*microblaze*#0" && bscan=="USER2" }
rst -system
after 3000
targets -set -nocase -filter {name =~ "*microblaze*#0" && bscan=="USER2" }
dow E:/kevin/myCode/microBlaze100/vitisJson/syncMain/Debug/syncMain.elf
----------------End of Script----------------

16:11:29 INFO  : Context for processor 'microblaze_0' is selected.
16:11:29 INFO  : 'con' command is executed.
16:11:29 INFO  : ----------------XSDB Script (After Launch)----------------
targets -set -nocase -filter {name =~ "*microblaze*#0" && bscan=="USER2" }
con
----------------End of Script----------------

16:11:29 INFO  : Launch script is exported to file 'E:\kevin\myCode\microBlaze100\vitisJson\syncMain_system\_ide\scripts\systemdebugger_syncmain_system_standalone.tcl'
16:12:38 INFO  : Disconnected from the channel tcfchan#3.
16:12:40 INFO  : Connected to target on host '127.0.0.1' and port '3121'.
16:12:40 INFO  : Jtag cable 'Digilent JTAG-HS2 201706300081' is selected.
16:12:40 INFO  : 'jtag frequency' command is executed.
16:12:40 INFO  : 'targets -set -filter {jtag_cable_name =~ "Digilent JTAG-HS2 201706300081" && level==0 && jtag_device_ctx=="jsn-JTAG-HS2-201706300081-13631093-0"}' command is executed.
16:12:43 INFO  : Device configured successfully with "E:/kevin/myCode/microBlaze100/vitisJson/syncMain/_ide/bitstream/download.bit"
16:12:43 INFO  : Context for processor 'microblaze_0' is selected.
16:12:43 INFO  : Hardware design and registers information is loaded from 'E:/kevin/myCode/microBlaze100/vitisJson/syncBlaze/export/syncBlaze/hw/design_1_wrapper.xsa'.
16:12:43 INFO  : 'configparams mdm-detect-bscan-mask 2' command is executed.
16:12:43 INFO  : Context for processor 'microblaze_0' is selected.
16:12:44 INFO  : System reset is completed.
16:12:47 INFO  : 'after 3000' command is executed.
16:12:47 INFO  : Context for processor 'microblaze_0' is selected.
16:12:47 INFO  : The application 'E:/kevin/myCode/microBlaze100/vitisJson/syncMain/Debug/syncMain.elf' is downloaded to processor 'microblaze_0'.
16:12:47 INFO  : ----------------XSDB Script----------------
connect -url tcp:127.0.0.1:3121
targets -set -filter {jtag_cable_name =~ "Digilent JTAG-HS2 201706300081" && level==0 && jtag_device_ctx=="jsn-JTAG-HS2-201706300081-13631093-0"}
fpga -file E:/kevin/myCode/microBlaze100/vitisJson/syncMain/_ide/bitstream/download.bit
targets -set -nocase -filter {name =~ "*microblaze*#0" && bscan=="USER2" }
loadhw -hw E:/kevin/myCode/microBlaze100/vitisJson/syncBlaze/export/syncBlaze/hw/design_1_wrapper.xsa -regs
configparams mdm-detect-bscan-mask 2
targets -set -nocase -filter {name =~ "*microblaze*#0" && bscan=="USER2" }
rst -system
after 3000
targets -set -nocase -filter {name =~ "*microblaze*#0" && bscan=="USER2" }
dow E:/kevin/myCode/microBlaze100/vitisJson/syncMain/Debug/syncMain.elf
----------------End of Script----------------

16:12:47 INFO  : Context for processor 'microblaze_0' is selected.
16:12:47 INFO  : 'con' command is executed.
16:12:47 INFO  : ----------------XSDB Script (After Launch)----------------
targets -set -nocase -filter {name =~ "*microblaze*#0" && bscan=="USER2" }
con
----------------End of Script----------------

16:12:47 INFO  : Launch script is exported to file 'E:\kevin\myCode\microBlaze100\vitisJson\syncMain_system\_ide\scripts\systemdebugger_syncmain_system_standalone.tcl'
16:14:56 INFO  : Disconnected from the channel tcfchan#4.
16:15:31 INFO  : Bit file 'E:/kevin/myCode/microBlaze100/vitisJson/syncMain/_ide/bitstream/download.bit' is generated.
16:15:33 INFO  : Connected to target on host '127.0.0.1' and port '3121'.
16:15:34 INFO  : 'targets -set -filter {jtag_cable_name =~ "Digilent JTAG-HS2 201706300081" && level==0 && jtag_device_ctx=="jsn-JTAG-HS2-201706300081-13631093-0"}' command is executed.
16:15:37 INFO  : Device configured successfully with "E:/kevin/myCode/microBlaze100/vitisJson/syncMain/_ide/bitstream/download.bit"
16:17:11 INFO  : Connected to target on host '127.0.0.1' and port '3121'.
16:17:16 INFO  : Invoking Bootgen: bootgen -arch fpga -image E:/kevin/myCode/microBlaze100/vitisJson/syncMain_system/_ide/flash/bootimage.bif -w -o E:/kevin/myCode/microBlaze100/vitisJson/syncMain_system/_ide/flash/BOOT.bin  -interface spi
16:17:17 INFO  : Bootgen command execution is done.
16:19:09 INFO  : Connected to target on host '127.0.0.1' and port '3121'.
16:19:09 INFO  : Jtag cable 'Digilent JTAG-HS2 201706300081' is selected.
16:19:09 INFO  : 'jtag frequency' command is executed.
16:19:09 INFO  : 'targets -set -filter {jtag_cable_name =~ "Digilent JTAG-HS2 201706300081" && level==0 && jtag_device_ctx=="jsn-JTAG-HS2-201706300081-13631093-0"}' command is executed.
16:19:12 INFO  : Device configured successfully with "E:/kevin/myCode/microBlaze100/vitisJson/syncMain/_ide/bitstream/download.bit"
16:19:12 INFO  : Context for processor 'microblaze_0' is selected.
16:19:12 INFO  : Hardware design and registers information is loaded from 'E:/kevin/myCode/microBlaze100/vitisJson/syncBlaze/export/syncBlaze/hw/design_1_wrapper.xsa'.
16:19:12 INFO  : 'configparams mdm-detect-bscan-mask 2' command is executed.
16:19:12 INFO  : Context for processor 'microblaze_0' is selected.
16:19:12 INFO  : System reset is completed.
16:19:16 INFO  : 'after 3000' command is executed.
16:19:16 INFO  : Context for processor 'microblaze_0' is selected.
16:19:16 INFO  : The application 'E:/kevin/myCode/microBlaze100/vitisJson/syncMain/Debug/syncMain.elf' is downloaded to processor 'microblaze_0'.
16:19:16 INFO  : ----------------XSDB Script----------------
connect -url tcp:127.0.0.1:3121
targets -set -filter {jtag_cable_name =~ "Digilent JTAG-HS2 201706300081" && level==0 && jtag_device_ctx=="jsn-JTAG-HS2-201706300081-13631093-0"}
fpga -file E:/kevin/myCode/microBlaze100/vitisJson/syncMain/_ide/bitstream/download.bit
targets -set -nocase -filter {name =~ "*microblaze*#0" && bscan=="USER2" }
loadhw -hw E:/kevin/myCode/microBlaze100/vitisJson/syncBlaze/export/syncBlaze/hw/design_1_wrapper.xsa -regs
configparams mdm-detect-bscan-mask 2
targets -set -nocase -filter {name =~ "*microblaze*#0" && bscan=="USER2" }
rst -system
after 3000
targets -set -nocase -filter {name =~ "*microblaze*#0" && bscan=="USER2" }
dow E:/kevin/myCode/microBlaze100/vitisJson/syncMain/Debug/syncMain.elf
----------------End of Script----------------

16:19:16 INFO  : Context for processor 'microblaze_0' is selected.
16:19:16 INFO  : 'con' command is executed.
16:19:16 INFO  : ----------------XSDB Script (After Launch)----------------
targets -set -nocase -filter {name =~ "*microblaze*#0" && bscan=="USER2" }
con
----------------End of Script----------------

16:19:16 INFO  : Launch script is exported to file 'E:\kevin\myCode\microBlaze100\vitisJson\syncMain_system\_ide\scripts\systemdebugger_syncmain_system_standalone.tcl'
16:19:20 INFO  : Disconnected from the channel tcfchan#5.
16:19:20 INFO  : Connected to target on host '127.0.0.1' and port '3121'.
16:19:20 INFO  : Jtag cable 'Digilent JTAG-HS2 201706300081' is selected.
16:19:20 INFO  : 'jtag frequency' command is executed.
16:19:21 INFO  : 'targets -set -filter {jtag_cable_name =~ "Digilent JTAG-HS2 201706300081" && level==0 && jtag_device_ctx=="jsn-JTAG-HS2-201706300081-13631093-0"}' command is executed.
16:19:24 INFO  : Device configured successfully with "E:/kevin/myCode/microBlaze100/vitisJson/syncMain/_ide/bitstream/download.bit"
16:19:24 INFO  : Context for processor 'microblaze_0' is selected.
16:19:24 INFO  : Hardware design and registers information is loaded from 'E:/kevin/myCode/microBlaze100/vitisJson/syncBlaze/export/syncBlaze/hw/design_1_wrapper.xsa'.
16:19:24 INFO  : 'configparams mdm-detect-bscan-mask 2' command is executed.
16:19:24 INFO  : Context for processor 'microblaze_0' is selected.
16:19:24 INFO  : System reset is completed.
16:19:27 INFO  : 'after 3000' command is executed.
16:19:27 INFO  : Context for processor 'microblaze_0' is selected.
16:19:27 INFO  : The application 'E:/kevin/myCode/microBlaze100/vitisJson/syncMain/Debug/syncMain.elf' is downloaded to processor 'microblaze_0'.
16:19:27 INFO  : ----------------XSDB Script----------------
connect -url tcp:127.0.0.1:3121
targets -set -filter {jtag_cable_name =~ "Digilent JTAG-HS2 201706300081" && level==0 && jtag_device_ctx=="jsn-JTAG-HS2-201706300081-13631093-0"}
fpga -file E:/kevin/myCode/microBlaze100/vitisJson/syncMain/_ide/bitstream/download.bit
targets -set -nocase -filter {name =~ "*microblaze*#0" && bscan=="USER2" }
loadhw -hw E:/kevin/myCode/microBlaze100/vitisJson/syncBlaze/export/syncBlaze/hw/design_1_wrapper.xsa -regs
configparams mdm-detect-bscan-mask 2
targets -set -nocase -filter {name =~ "*microblaze*#0" && bscan=="USER2" }
rst -system
after 3000
targets -set -nocase -filter {name =~ "*microblaze*#0" && bscan=="USER2" }
dow E:/kevin/myCode/microBlaze100/vitisJson/syncMain/Debug/syncMain.elf
----------------End of Script----------------

16:19:28 INFO  : Context for processor 'microblaze_0' is selected.
16:19:28 INFO  : 'con' command is executed.
16:19:28 INFO  : ----------------XSDB Script (After Launch)----------------
targets -set -nocase -filter {name =~ "*microblaze*#0" && bscan=="USER2" }
con
----------------End of Script----------------

16:19:28 INFO  : Launch script is exported to file 'E:\kevin\myCode\microBlaze100\vitisJson\syncMain_system\_ide\scripts\systemdebugger_syncmain_system_standalone.tcl'
16:22:39 INFO  : Disconnected from the channel tcfchan#6.
16:22:40 INFO  : Checking for BSP changes to sync application flags for project 'syncMain'...
16:22:43 INFO  : Connected to target on host '127.0.0.1' and port '3121'.
16:22:43 INFO  : Jtag cable 'Digilent JTAG-HS2 201706300081' is selected.
16:22:43 INFO  : 'jtag frequency' command is executed.
16:22:44 INFO  : 'targets -set -filter {jtag_cable_name =~ "Digilent JTAG-HS2 201706300081" && level==0 && jtag_device_ctx=="jsn-JTAG-HS2-201706300081-13631093-0"}' command is executed.
16:22:47 INFO  : Device configured successfully with "E:/kevin/myCode/microBlaze100/vitisJson/syncMain/_ide/bitstream/download.bit"
16:22:47 INFO  : Context for processor 'microblaze_0' is selected.
16:22:47 INFO  : Hardware design and registers information is loaded from 'E:/kevin/myCode/microBlaze100/vitisJson/syncBlaze/export/syncBlaze/hw/design_1_wrapper.xsa'.
16:22:47 INFO  : 'configparams mdm-detect-bscan-mask 2' command is executed.
16:22:47 INFO  : Context for processor 'microblaze_0' is selected.
16:22:47 INFO  : System reset is completed.
16:22:50 INFO  : 'after 3000' command is executed.
16:22:50 INFO  : Context for processor 'microblaze_0' is selected.
16:22:50 INFO  : The application 'E:/kevin/myCode/microBlaze100/vitisJson/syncMain/Debug/syncMain.elf' is downloaded to processor 'microblaze_0'.
16:22:50 INFO  : ----------------XSDB Script----------------
connect -url tcp:127.0.0.1:3121
targets -set -filter {jtag_cable_name =~ "Digilent JTAG-HS2 201706300081" && level==0 && jtag_device_ctx=="jsn-JTAG-HS2-201706300081-13631093-0"}
fpga -file E:/kevin/myCode/microBlaze100/vitisJson/syncMain/_ide/bitstream/download.bit
targets -set -nocase -filter {name =~ "*microblaze*#0" && bscan=="USER2" }
loadhw -hw E:/kevin/myCode/microBlaze100/vitisJson/syncBlaze/export/syncBlaze/hw/design_1_wrapper.xsa -regs
configparams mdm-detect-bscan-mask 2
targets -set -nocase -filter {name =~ "*microblaze*#0" && bscan=="USER2" }
rst -system
after 3000
targets -set -nocase -filter {name =~ "*microblaze*#0" && bscan=="USER2" }
dow E:/kevin/myCode/microBlaze100/vitisJson/syncMain/Debug/syncMain.elf
----------------End of Script----------------

16:22:50 INFO  : Context for processor 'microblaze_0' is selected.
16:22:50 INFO  : 'con' command is executed.
16:22:50 INFO  : ----------------XSDB Script (After Launch)----------------
targets -set -nocase -filter {name =~ "*microblaze*#0" && bscan=="USER2" }
con
----------------End of Script----------------

16:22:50 INFO  : Launch script is exported to file 'E:\kevin\myCode\microBlaze100\vitisJson\syncMain_system\_ide\scripts\systemdebugger_syncmain_system_standalone.tcl'
16:30:08 INFO  : Disconnected from the channel tcfchan#7.
16:30:09 INFO  : Checking for BSP changes to sync application flags for project 'syncMain'...
16:30:13 INFO  : Connected to target on host '127.0.0.1' and port '3121'.
16:30:13 INFO  : Jtag cable 'Digilent JTAG-HS2 201706300081' is selected.
16:30:13 INFO  : 'jtag frequency' command is executed.
16:30:13 INFO  : 'targets -set -filter {jtag_cable_name =~ "Digilent JTAG-HS2 201706300081" && level==0 && jtag_device_ctx=="jsn-JTAG-HS2-201706300081-13631093-0"}' command is executed.
16:30:17 INFO  : Device configured successfully with "E:/kevin/myCode/microBlaze100/vitisJson/syncMain/_ide/bitstream/download.bit"
16:30:17 INFO  : Context for processor 'microblaze_0' is selected.
16:30:17 INFO  : Hardware design and registers information is loaded from 'E:/kevin/myCode/microBlaze100/vitisJson/syncBlaze/export/syncBlaze/hw/design_1_wrapper.xsa'.
16:30:17 INFO  : 'configparams mdm-detect-bscan-mask 2' command is executed.
16:30:17 INFO  : Context for processor 'microblaze_0' is selected.
16:30:17 INFO  : System reset is completed.
16:30:20 INFO  : 'after 3000' command is executed.
16:30:20 INFO  : Context for processor 'microblaze_0' is selected.
16:30:20 INFO  : The application 'E:/kevin/myCode/microBlaze100/vitisJson/syncMain/Debug/syncMain.elf' is downloaded to processor 'microblaze_0'.
16:30:20 INFO  : ----------------XSDB Script----------------
connect -url tcp:127.0.0.1:3121
targets -set -filter {jtag_cable_name =~ "Digilent JTAG-HS2 201706300081" && level==0 && jtag_device_ctx=="jsn-JTAG-HS2-201706300081-13631093-0"}
fpga -file E:/kevin/myCode/microBlaze100/vitisJson/syncMain/_ide/bitstream/download.bit
targets -set -nocase -filter {name =~ "*microblaze*#0" && bscan=="USER2" }
loadhw -hw E:/kevin/myCode/microBlaze100/vitisJson/syncBlaze/export/syncBlaze/hw/design_1_wrapper.xsa -regs
configparams mdm-detect-bscan-mask 2
targets -set -nocase -filter {name =~ "*microblaze*#0" && bscan=="USER2" }
rst -system
after 3000
targets -set -nocase -filter {name =~ "*microblaze*#0" && bscan=="USER2" }
dow E:/kevin/myCode/microBlaze100/vitisJson/syncMain/Debug/syncMain.elf
----------------End of Script----------------

16:30:20 INFO  : Context for processor 'microblaze_0' is selected.
16:30:20 INFO  : 'con' command is executed.
16:30:20 INFO  : ----------------XSDB Script (After Launch)----------------
targets -set -nocase -filter {name =~ "*microblaze*#0" && bscan=="USER2" }
con
----------------End of Script----------------

16:30:20 INFO  : Launch script is exported to file 'E:\kevin\myCode\microBlaze100\vitisJson\syncMain_system\_ide\scripts\systemdebugger_syncmain_system_standalone.tcl'
16:38:17 INFO  : Disconnected from the channel tcfchan#8.
16:38:19 INFO  : Checking for BSP changes to sync application flags for project 'syncMain'...
16:38:24 INFO  : Connected to target on host '127.0.0.1' and port '3121'.
16:38:25 INFO  : Jtag cable 'Digilent JTAG-HS2 201706300081' is selected.
16:38:25 INFO  : 'jtag frequency' command is executed.
16:38:25 INFO  : 'targets -set -filter {jtag_cable_name =~ "Digilent JTAG-HS2 201706300081" && level==0 && jtag_device_ctx=="jsn-JTAG-HS2-201706300081-13631093-0"}' command is executed.
16:38:28 INFO  : Device configured successfully with "E:/kevin/myCode/microBlaze100/vitisJson/syncMain/_ide/bitstream/download.bit"
16:38:28 INFO  : Context for processor 'microblaze_0' is selected.
16:38:28 INFO  : Hardware design and registers information is loaded from 'E:/kevin/myCode/microBlaze100/vitisJson/syncBlaze/export/syncBlaze/hw/design_1_wrapper.xsa'.
16:38:28 INFO  : 'configparams mdm-detect-bscan-mask 2' command is executed.
16:38:28 INFO  : Context for processor 'microblaze_0' is selected.
16:38:28 INFO  : System reset is completed.
16:38:31 INFO  : 'after 3000' command is executed.
16:38:31 INFO  : Context for processor 'microblaze_0' is selected.
16:38:31 INFO  : The application 'E:/kevin/myCode/microBlaze100/vitisJson/syncMain/Debug/syncMain.elf' is downloaded to processor 'microblaze_0'.
16:38:31 INFO  : ----------------XSDB Script----------------
connect -url tcp:127.0.0.1:3121
targets -set -filter {jtag_cable_name =~ "Digilent JTAG-HS2 201706300081" && level==0 && jtag_device_ctx=="jsn-JTAG-HS2-201706300081-13631093-0"}
fpga -file E:/kevin/myCode/microBlaze100/vitisJson/syncMain/_ide/bitstream/download.bit
targets -set -nocase -filter {name =~ "*microblaze*#0" && bscan=="USER2" }
loadhw -hw E:/kevin/myCode/microBlaze100/vitisJson/syncBlaze/export/syncBlaze/hw/design_1_wrapper.xsa -regs
configparams mdm-detect-bscan-mask 2
targets -set -nocase -filter {name =~ "*microblaze*#0" && bscan=="USER2" }
rst -system
after 3000
targets -set -nocase -filter {name =~ "*microblaze*#0" && bscan=="USER2" }
dow E:/kevin/myCode/microBlaze100/vitisJson/syncMain/Debug/syncMain.elf
----------------End of Script----------------

16:38:31 INFO  : Context for processor 'microblaze_0' is selected.
16:38:31 INFO  : 'con' command is executed.
16:38:31 INFO  : ----------------XSDB Script (After Launch)----------------
targets -set -nocase -filter {name =~ "*microblaze*#0" && bscan=="USER2" }
con
----------------End of Script----------------

16:38:31 INFO  : Launch script is exported to file 'E:\kevin\myCode\microBlaze100\vitisJson\syncMain_system\_ide\scripts\systemdebugger_syncmain_system_standalone.tcl'
16:41:02 INFO  : Checking for BSP changes to sync application flags for project 'syncMain'...
16:41:10 INFO  : Disconnected from the channel tcfchan#9.
16:41:11 INFO  : Checking for BSP changes to sync application flags for project 'syncMain'...
16:42:01 INFO  : Connected to target on host '127.0.0.1' and port '3121'.
16:42:01 INFO  : Jtag cable 'Digilent JTAG-HS2 201706300081' is selected.
16:42:01 INFO  : 'jtag frequency' command is executed.
16:42:01 INFO  : 'targets -set -filter {jtag_cable_name =~ "Digilent JTAG-HS2 201706300081" && level==0 && jtag_device_ctx=="jsn-JTAG-HS2-201706300081-13631093-0"}' command is executed.
16:42:04 INFO  : Device configured successfully with "E:/kevin/myCode/microBlaze100/vitisJson/syncMain/_ide/bitstream/download.bit"
16:42:04 INFO  : Context for processor 'microblaze_0' is selected.
16:42:04 INFO  : Hardware design and registers information is loaded from 'E:/kevin/myCode/microBlaze100/vitisJson/syncBlaze/export/syncBlaze/hw/design_1_wrapper.xsa'.
16:42:04 INFO  : 'configparams mdm-detect-bscan-mask 2' command is executed.
16:42:04 INFO  : Context for processor 'microblaze_0' is selected.
16:42:04 INFO  : System reset is completed.
16:42:07 INFO  : 'after 3000' command is executed.
16:42:07 INFO  : Context for processor 'microblaze_0' is selected.
16:42:08 INFO  : The application 'E:/kevin/myCode/microBlaze100/vitisJson/syncMain/Debug/syncMain.elf' is downloaded to processor 'microblaze_0'.
16:42:08 INFO  : ----------------XSDB Script----------------
connect -url tcp:127.0.0.1:3121
targets -set -filter {jtag_cable_name =~ "Digilent JTAG-HS2 201706300081" && level==0 && jtag_device_ctx=="jsn-JTAG-HS2-201706300081-13631093-0"}
fpga -file E:/kevin/myCode/microBlaze100/vitisJson/syncMain/_ide/bitstream/download.bit
targets -set -nocase -filter {name =~ "*microblaze*#0" && bscan=="USER2" }
loadhw -hw E:/kevin/myCode/microBlaze100/vitisJson/syncBlaze/export/syncBlaze/hw/design_1_wrapper.xsa -regs
configparams mdm-detect-bscan-mask 2
targets -set -nocase -filter {name =~ "*microblaze*#0" && bscan=="USER2" }
rst -system
after 3000
targets -set -nocase -filter {name =~ "*microblaze*#0" && bscan=="USER2" }
dow E:/kevin/myCode/microBlaze100/vitisJson/syncMain/Debug/syncMain.elf
----------------End of Script----------------

16:42:08 INFO  : Context for processor 'microblaze_0' is selected.
16:42:08 INFO  : 'con' command is executed.
16:42:08 INFO  : ----------------XSDB Script (After Launch)----------------
targets -set -nocase -filter {name =~ "*microblaze*#0" && bscan=="USER2" }
con
----------------End of Script----------------

16:42:08 INFO  : Launch script is exported to file 'E:\kevin\myCode\microBlaze100\vitisJson\syncMain_system\_ide\scripts\systemdebugger_syncmain_system_standalone.tcl'
17:26:49 INFO  : Disconnected from the channel tcfchan#10.
17:26:55 INFO  : Connected to target on host '127.0.0.1' and port '3121'.
17:26:56 INFO  : Jtag cable 'Digilent JTAG-HS2 201706300081' is selected.
17:26:56 INFO  : 'jtag frequency' command is executed.
17:26:56 INFO  : 'targets -set -filter {jtag_cable_name =~ "Digilent JTAG-HS2 201706300081" && level==0 && jtag_device_ctx=="jsn-JTAG-HS2-201706300081-13631093-0"}' command is executed.
17:26:59 INFO  : Device configured successfully with "E:/kevin/myCode/microBlaze100/vitisJson/syncMain/_ide/bitstream/download.bit"
17:26:59 INFO  : Context for processor 'microblaze_0' is selected.
17:26:59 INFO  : Hardware design and registers information is loaded from 'E:/kevin/myCode/microBlaze100/vitisJson/syncBlaze/export/syncBlaze/hw/design_1_wrapper.xsa'.
17:26:59 INFO  : 'configparams mdm-detect-bscan-mask 2' command is executed.
17:26:59 INFO  : Context for processor 'microblaze_0' is selected.
17:26:59 INFO  : System reset is completed.
17:27:02 INFO  : 'after 3000' command is executed.
17:27:02 INFO  : Context for processor 'microblaze_0' is selected.
17:27:02 INFO  : The application 'E:/kevin/myCode/microBlaze100/vitisJson/syncMain/Debug/syncMain.elf' is downloaded to processor 'microblaze_0'.
17:27:02 INFO  : ----------------XSDB Script----------------
connect -url tcp:127.0.0.1:3121
targets -set -filter {jtag_cable_name =~ "Digilent JTAG-HS2 201706300081" && level==0 && jtag_device_ctx=="jsn-JTAG-HS2-201706300081-13631093-0"}
fpga -file E:/kevin/myCode/microBlaze100/vitisJson/syncMain/_ide/bitstream/download.bit
targets -set -nocase -filter {name =~ "*microblaze*#0" && bscan=="USER2" }
loadhw -hw E:/kevin/myCode/microBlaze100/vitisJson/syncBlaze/export/syncBlaze/hw/design_1_wrapper.xsa -regs
configparams mdm-detect-bscan-mask 2
targets -set -nocase -filter {name =~ "*microblaze*#0" && bscan=="USER2" }
rst -system
after 3000
targets -set -nocase -filter {name =~ "*microblaze*#0" && bscan=="USER2" }
dow E:/kevin/myCode/microBlaze100/vitisJson/syncMain/Debug/syncMain.elf
----------------End of Script----------------

17:27:03 INFO  : Context for processor 'microblaze_0' is selected.
17:27:03 INFO  : 'con' command is executed.
17:27:03 INFO  : ----------------XSDB Script (After Launch)----------------
targets -set -nocase -filter {name =~ "*microblaze*#0" && bscan=="USER2" }
con
----------------End of Script----------------

17:27:03 INFO  : Launch script is exported to file 'E:\kevin\myCode\microBlaze100\vitisJson\syncMain_system\_ide\scripts\systemdebugger_syncmain_system_standalone.tcl'
17:32:49 INFO  : Disconnected from the channel tcfchan#11.
17:32:51 INFO  : Checking for BSP changes to sync application flags for project 'syncMain'...
17:32:54 INFO  : Connected to target on host '127.0.0.1' and port '3121'.
17:32:54 INFO  : Jtag cable 'Digilent JTAG-HS2 201706300081' is selected.
17:32:54 INFO  : 'jtag frequency' command is executed.
17:32:54 INFO  : 'targets -set -filter {jtag_cable_name =~ "Digilent JTAG-HS2 201706300081" && level==0 && jtag_device_ctx=="jsn-JTAG-HS2-201706300081-13631093-0"}' command is executed.
17:32:57 INFO  : Device configured successfully with "E:/kevin/myCode/microBlaze100/vitisJson/syncMain/_ide/bitstream/download.bit"
17:32:57 INFO  : Context for processor 'microblaze_0' is selected.
17:32:57 INFO  : Hardware design and registers information is loaded from 'E:/kevin/myCode/microBlaze100/vitisJson/syncBlaze/export/syncBlaze/hw/design_1_wrapper.xsa'.
17:32:57 INFO  : 'configparams mdm-detect-bscan-mask 2' command is executed.
17:32:57 INFO  : Context for processor 'microblaze_0' is selected.
17:32:57 INFO  : System reset is completed.
17:33:00 INFO  : 'after 3000' command is executed.
17:33:00 INFO  : Context for processor 'microblaze_0' is selected.
17:33:01 INFO  : The application 'E:/kevin/myCode/microBlaze100/vitisJson/syncMain/Debug/syncMain.elf' is downloaded to processor 'microblaze_0'.
17:33:01 INFO  : ----------------XSDB Script----------------
connect -url tcp:127.0.0.1:3121
targets -set -filter {jtag_cable_name =~ "Digilent JTAG-HS2 201706300081" && level==0 && jtag_device_ctx=="jsn-JTAG-HS2-201706300081-13631093-0"}
fpga -file E:/kevin/myCode/microBlaze100/vitisJson/syncMain/_ide/bitstream/download.bit
targets -set -nocase -filter {name =~ "*microblaze*#0" && bscan=="USER2" }
loadhw -hw E:/kevin/myCode/microBlaze100/vitisJson/syncBlaze/export/syncBlaze/hw/design_1_wrapper.xsa -regs
configparams mdm-detect-bscan-mask 2
targets -set -nocase -filter {name =~ "*microblaze*#0" && bscan=="USER2" }
rst -system
after 3000
targets -set -nocase -filter {name =~ "*microblaze*#0" && bscan=="USER2" }
dow E:/kevin/myCode/microBlaze100/vitisJson/syncMain/Debug/syncMain.elf
----------------End of Script----------------

17:33:01 INFO  : Context for processor 'microblaze_0' is selected.
17:33:01 INFO  : 'con' command is executed.
17:33:01 INFO  : ----------------XSDB Script (After Launch)----------------
targets -set -nocase -filter {name =~ "*microblaze*#0" && bscan=="USER2" }
con
----------------End of Script----------------

17:33:01 INFO  : Launch script is exported to file 'E:\kevin\myCode\microBlaze100\vitisJson\syncMain_system\_ide\scripts\systemdebugger_syncmain_system_standalone.tcl'
17:35:19 INFO  : Disconnected from the channel tcfchan#12.
17:35:20 INFO  : Connected to target on host '127.0.0.1' and port '3121'.
17:35:21 INFO  : Jtag cable 'Digilent JTAG-HS2 201706300081' is selected.
17:35:21 INFO  : 'jtag frequency' command is executed.
17:35:21 INFO  : 'targets -set -filter {jtag_cable_name =~ "Digilent JTAG-HS2 201706300081" && level==0 && jtag_device_ctx=="jsn-JTAG-HS2-201706300081-13631093-0"}' command is executed.
17:35:24 INFO  : Device configured successfully with "E:/kevin/myCode/microBlaze100/vitisJson/syncMain/_ide/bitstream/download.bit"
17:35:24 INFO  : Context for processor 'microblaze_0' is selected.
17:35:24 INFO  : Hardware design and registers information is loaded from 'E:/kevin/myCode/microBlaze100/vitisJson/syncBlaze/export/syncBlaze/hw/design_1_wrapper.xsa'.
17:35:24 INFO  : 'configparams mdm-detect-bscan-mask 2' command is executed.
17:35:24 INFO  : Context for processor 'microblaze_0' is selected.
17:35:24 INFO  : System reset is completed.
17:35:27 INFO  : 'after 3000' command is executed.
17:35:27 INFO  : Context for processor 'microblaze_0' is selected.
17:35:28 INFO  : The application 'E:/kevin/myCode/microBlaze100/vitisJson/syncMain/Debug/syncMain.elf' is downloaded to processor 'microblaze_0'.
17:35:28 INFO  : ----------------XSDB Script----------------
connect -url tcp:127.0.0.1:3121
targets -set -filter {jtag_cable_name =~ "Digilent JTAG-HS2 201706300081" && level==0 && jtag_device_ctx=="jsn-JTAG-HS2-201706300081-13631093-0"}
fpga -file E:/kevin/myCode/microBlaze100/vitisJson/syncMain/_ide/bitstream/download.bit
targets -set -nocase -filter {name =~ "*microblaze*#0" && bscan=="USER2" }
loadhw -hw E:/kevin/myCode/microBlaze100/vitisJson/syncBlaze/export/syncBlaze/hw/design_1_wrapper.xsa -regs
configparams mdm-detect-bscan-mask 2
targets -set -nocase -filter {name =~ "*microblaze*#0" && bscan=="USER2" }
rst -system
after 3000
targets -set -nocase -filter {name =~ "*microblaze*#0" && bscan=="USER2" }
dow E:/kevin/myCode/microBlaze100/vitisJson/syncMain/Debug/syncMain.elf
----------------End of Script----------------

17:35:28 INFO  : Context for processor 'microblaze_0' is selected.
17:35:28 INFO  : 'con' command is executed.
17:35:28 INFO  : ----------------XSDB Script (After Launch)----------------
targets -set -nocase -filter {name =~ "*microblaze*#0" && bscan=="USER2" }
con
----------------End of Script----------------

17:35:28 INFO  : Launch script is exported to file 'E:\kevin\myCode\microBlaze100\vitisJson\syncMain_system\_ide\scripts\systemdebugger_syncmain_system_standalone.tcl'
17:37:22 INFO  : Disconnected from the channel tcfchan#13.
17:37:27 INFO  : Checking for BSP changes to sync application flags for project 'syncMain'...
17:37:32 INFO  : Connected to target on host '127.0.0.1' and port '3121'.
17:37:32 INFO  : Jtag cable 'Digilent JTAG-HS2 201706300081' is selected.
17:37:32 INFO  : 'jtag frequency' command is executed.
17:37:32 INFO  : 'targets -set -filter {jtag_cable_name =~ "Digilent JTAG-HS2 201706300081" && level==0 && jtag_device_ctx=="jsn-JTAG-HS2-201706300081-13631093-0"}' command is executed.
17:37:35 INFO  : Device configured successfully with "E:/kevin/myCode/microBlaze100/vitisJson/syncMain/_ide/bitstream/download.bit"
17:37:35 INFO  : Context for processor 'microblaze_0' is selected.
17:37:36 INFO  : Hardware design and registers information is loaded from 'E:/kevin/myCode/microBlaze100/vitisJson/syncBlaze/export/syncBlaze/hw/design_1_wrapper.xsa'.
17:37:36 INFO  : 'configparams mdm-detect-bscan-mask 2' command is executed.
17:37:36 INFO  : Context for processor 'microblaze_0' is selected.
17:37:36 INFO  : System reset is completed.
17:37:39 INFO  : 'after 3000' command is executed.
17:37:39 INFO  : Context for processor 'microblaze_0' is selected.
17:37:39 INFO  : The application 'E:/kevin/myCode/microBlaze100/vitisJson/syncMain/Debug/syncMain.elf' is downloaded to processor 'microblaze_0'.
17:37:39 INFO  : ----------------XSDB Script----------------
connect -url tcp:127.0.0.1:3121
targets -set -filter {jtag_cable_name =~ "Digilent JTAG-HS2 201706300081" && level==0 && jtag_device_ctx=="jsn-JTAG-HS2-201706300081-13631093-0"}
fpga -file E:/kevin/myCode/microBlaze100/vitisJson/syncMain/_ide/bitstream/download.bit
targets -set -nocase -filter {name =~ "*microblaze*#0" && bscan=="USER2" }
loadhw -hw E:/kevin/myCode/microBlaze100/vitisJson/syncBlaze/export/syncBlaze/hw/design_1_wrapper.xsa -regs
configparams mdm-detect-bscan-mask 2
targets -set -nocase -filter {name =~ "*microblaze*#0" && bscan=="USER2" }
rst -system
after 3000
targets -set -nocase -filter {name =~ "*microblaze*#0" && bscan=="USER2" }
dow E:/kevin/myCode/microBlaze100/vitisJson/syncMain/Debug/syncMain.elf
----------------End of Script----------------

17:37:39 INFO  : Context for processor 'microblaze_0' is selected.
17:37:39 INFO  : 'con' command is executed.
17:37:39 INFO  : ----------------XSDB Script (After Launch)----------------
targets -set -nocase -filter {name =~ "*microblaze*#0" && bscan=="USER2" }
con
----------------End of Script----------------

17:37:39 INFO  : Launch script is exported to file 'E:\kevin\myCode\microBlaze100\vitisJson\syncMain_system\_ide\scripts\systemdebugger_syncmain_system_standalone.tcl'
17:59:09 INFO  : Disconnected from the channel tcfchan#14.
17:59:10 INFO  : Checking for BSP changes to sync application flags for project 'syncMain'...
17:59:14 INFO  : Connected to target on host '127.0.0.1' and port '3121'.
17:59:15 INFO  : Jtag cable 'Digilent JTAG-HS2 201706300081' is selected.
17:59:15 INFO  : 'jtag frequency' command is executed.
17:59:15 INFO  : 'targets -set -filter {jtag_cable_name =~ "Digilent JTAG-HS2 201706300081" && level==0 && jtag_device_ctx=="jsn-JTAG-HS2-201706300081-13631093-0"}' command is executed.
17:59:18 INFO  : Device configured successfully with "E:/kevin/myCode/microBlaze100/vitisJson/syncMain/_ide/bitstream/download.bit"
17:59:18 INFO  : Context for processor 'microblaze_0' is selected.
17:59:18 INFO  : Hardware design and registers information is loaded from 'E:/kevin/myCode/microBlaze100/vitisJson/syncBlaze/export/syncBlaze/hw/design_1_wrapper.xsa'.
17:59:18 INFO  : 'configparams mdm-detect-bscan-mask 2' command is executed.
17:59:18 INFO  : Context for processor 'microblaze_0' is selected.
17:59:18 INFO  : System reset is completed.
17:59:21 INFO  : 'after 3000' command is executed.
17:59:21 INFO  : Context for processor 'microblaze_0' is selected.
17:59:21 INFO  : The application 'E:/kevin/myCode/microBlaze100/vitisJson/syncMain/Debug/syncMain.elf' is downloaded to processor 'microblaze_0'.
17:59:21 INFO  : ----------------XSDB Script----------------
connect -url tcp:127.0.0.1:3121
targets -set -filter {jtag_cable_name =~ "Digilent JTAG-HS2 201706300081" && level==0 && jtag_device_ctx=="jsn-JTAG-HS2-201706300081-13631093-0"}
fpga -file E:/kevin/myCode/microBlaze100/vitisJson/syncMain/_ide/bitstream/download.bit
targets -set -nocase -filter {name =~ "*microblaze*#0" && bscan=="USER2" }
loadhw -hw E:/kevin/myCode/microBlaze100/vitisJson/syncBlaze/export/syncBlaze/hw/design_1_wrapper.xsa -regs
configparams mdm-detect-bscan-mask 2
targets -set -nocase -filter {name =~ "*microblaze*#0" && bscan=="USER2" }
rst -system
after 3000
targets -set -nocase -filter {name =~ "*microblaze*#0" && bscan=="USER2" }
dow E:/kevin/myCode/microBlaze100/vitisJson/syncMain/Debug/syncMain.elf
----------------End of Script----------------

17:59:21 INFO  : Context for processor 'microblaze_0' is selected.
17:59:21 INFO  : 'con' command is executed.
17:59:21 INFO  : ----------------XSDB Script (After Launch)----------------
targets -set -nocase -filter {name =~ "*microblaze*#0" && bscan=="USER2" }
con
----------------End of Script----------------

17:59:21 INFO  : Launch script is exported to file 'E:\kevin\myCode\microBlaze100\vitisJson\syncMain_system\_ide\scripts\systemdebugger_syncmain_system_standalone.tcl'
10:35:33 INFO  : Disconnected from the channel tcfchan#15.
10:35:35 INFO  : Checking for BSP changes to sync application flags for project 'syncMain'...
10:35:38 INFO  : Connected to target on host '127.0.0.1' and port '3121'.
10:35:39 INFO  : Jtag cable 'Digilent JTAG-HS2 201706300081' is selected.
10:35:39 INFO  : 'jtag frequency' command is executed.
10:35:39 INFO  : 'targets -set -filter {jtag_cable_name =~ "Digilent JTAG-HS2 201706300081" && level==0 && jtag_device_ctx=="jsn-JTAG-HS2-201706300081-13631093-0"}' command is executed.
10:35:42 INFO  : Device configured successfully with "E:/kevin/myCode/microBlaze100/vitisJson/syncMain/_ide/bitstream/download.bit"
10:35:42 INFO  : Context for processor 'microblaze_0' is selected.
10:35:42 INFO  : Hardware design and registers information is loaded from 'E:/kevin/myCode/microBlaze100/vitisJson/syncBlaze/export/syncBlaze/hw/design_1_wrapper.xsa'.
10:35:42 INFO  : 'configparams mdm-detect-bscan-mask 2' command is executed.
10:35:42 INFO  : Context for processor 'microblaze_0' is selected.
10:35:42 INFO  : System reset is completed.
10:35:45 INFO  : 'after 3000' command is executed.
10:35:45 INFO  : Context for processor 'microblaze_0' is selected.
10:35:45 INFO  : The application 'E:/kevin/myCode/microBlaze100/vitisJson/syncMain/Debug/syncMain.elf' is downloaded to processor 'microblaze_0'.
10:35:45 INFO  : ----------------XSDB Script----------------
connect -url tcp:127.0.0.1:3121
targets -set -filter {jtag_cable_name =~ "Digilent JTAG-HS2 201706300081" && level==0 && jtag_device_ctx=="jsn-JTAG-HS2-201706300081-13631093-0"}
fpga -file E:/kevin/myCode/microBlaze100/vitisJson/syncMain/_ide/bitstream/download.bit
targets -set -nocase -filter {name =~ "*microblaze*#0" && bscan=="USER2" }
loadhw -hw E:/kevin/myCode/microBlaze100/vitisJson/syncBlaze/export/syncBlaze/hw/design_1_wrapper.xsa -regs
configparams mdm-detect-bscan-mask 2
targets -set -nocase -filter {name =~ "*microblaze*#0" && bscan=="USER2" }
rst -system
after 3000
targets -set -nocase -filter {name =~ "*microblaze*#0" && bscan=="USER2" }
dow E:/kevin/myCode/microBlaze100/vitisJson/syncMain/Debug/syncMain.elf
----------------End of Script----------------

10:35:46 INFO  : Context for processor 'microblaze_0' is selected.
10:35:46 INFO  : 'con' command is executed.
10:35:46 INFO  : ----------------XSDB Script (After Launch)----------------
targets -set -nocase -filter {name =~ "*microblaze*#0" && bscan=="USER2" }
con
----------------End of Script----------------

10:35:46 INFO  : Launch script is exported to file 'E:\kevin\myCode\microBlaze100\vitisJson\syncMain_system\_ide\scripts\systemdebugger_syncmain_system_standalone.tcl'
10:36:25 INFO  : Disconnected from the channel tcfchan#16.
10:37:01 INFO  : Bit file 'E:/kevin/myCode/microBlaze100/vitisJson/syncMain/_ide/bitstream/download.bit' is generated.
10:37:03 INFO  : Connected to target on host '127.0.0.1' and port '3121'.
10:37:04 INFO  : 'targets -set -filter {jtag_cable_name =~ "Digilent JTAG-HS2 201706300081" && level==0 && jtag_device_ctx=="jsn-JTAG-HS2-201706300081-13631093-0"}' command is executed.
10:37:07 INFO  : Device configured successfully with "E:/kevin/myCode/microBlaze100/vitisJson/syncMain/_ide/bitstream/download.bit"
10:38:16 INFO  : Connected to target on host '127.0.0.1' and port '3121'.
10:38:20 INFO  : Invoking Bootgen: bootgen -arch fpga -image E:/kevin/myCode/microBlaze100/vitisJson/syncMain_system/_ide/flash/bootimage.bif -w -o E:/kevin/myCode/microBlaze100/vitisJson/syncMain_system/_ide/flash/BOOT.bin  -interface spi
10:38:22 INFO  : Bootgen command execution is done.
10:43:25 INFO  : Connected to target on host '127.0.0.1' and port '3121'.
10:43:25 INFO  : Jtag cable 'Digilent JTAG-HS2 201706300081' is selected.
10:43:25 INFO  : 'jtag frequency' command is executed.
10:43:25 INFO  : 'targets -set -filter {jtag_cable_name =~ "Digilent JTAG-HS2 201706300081" && level==0 && jtag_device_ctx=="jsn-JTAG-HS2-201706300081-13631093-0"}' command is executed.
10:43:28 INFO  : Device configured successfully with "E:/kevin/myCode/microBlaze100/vitisJson/syncMain/_ide/bitstream/download.bit"
10:43:28 INFO  : Context for processor 'microblaze_0' is selected.
10:43:28 INFO  : Hardware design and registers information is loaded from 'E:/kevin/myCode/microBlaze100/vitisJson/syncBlaze/export/syncBlaze/hw/design_1_wrapper.xsa'.
10:43:28 INFO  : 'configparams mdm-detect-bscan-mask 2' command is executed.
10:43:28 INFO  : Context for processor 'microblaze_0' is selected.
10:43:28 INFO  : System reset is completed.
10:43:31 INFO  : 'after 3000' command is executed.
10:43:31 INFO  : Context for processor 'microblaze_0' is selected.
10:43:32 INFO  : The application 'E:/kevin/myCode/microBlaze100/vitisJson/syncMain/Debug/syncMain.elf' is downloaded to processor 'microblaze_0'.
10:43:32 INFO  : ----------------XSDB Script----------------
connect -url tcp:127.0.0.1:3121
targets -set -filter {jtag_cable_name =~ "Digilent JTAG-HS2 201706300081" && level==0 && jtag_device_ctx=="jsn-JTAG-HS2-201706300081-13631093-0"}
fpga -file E:/kevin/myCode/microBlaze100/vitisJson/syncMain/_ide/bitstream/download.bit
targets -set -nocase -filter {name =~ "*microblaze*#0" && bscan=="USER2" }
loadhw -hw E:/kevin/myCode/microBlaze100/vitisJson/syncBlaze/export/syncBlaze/hw/design_1_wrapper.xsa -regs
configparams mdm-detect-bscan-mask 2
targets -set -nocase -filter {name =~ "*microblaze*#0" && bscan=="USER2" }
rst -system
after 3000
targets -set -nocase -filter {name =~ "*microblaze*#0" && bscan=="USER2" }
dow E:/kevin/myCode/microBlaze100/vitisJson/syncMain/Debug/syncMain.elf
----------------End of Script----------------

10:43:32 INFO  : Context for processor 'microblaze_0' is selected.
10:43:32 INFO  : 'con' command is executed.
10:43:32 INFO  : ----------------XSDB Script (After Launch)----------------
targets -set -nocase -filter {name =~ "*microblaze*#0" && bscan=="USER2" }
con
----------------End of Script----------------

10:43:32 INFO  : Launch script is exported to file 'E:\kevin\myCode\microBlaze100\vitisJson\syncMain_system\_ide\scripts\systemdebugger_syncmain_system_standalone.tcl'
10:43:33 INFO  : Disconnected from the channel tcfchan#17.
10:43:33 INFO  : Connected to target on host '127.0.0.1' and port '3121'.
10:43:34 INFO  : Jtag cable 'Digilent JTAG-HS2 201706300081' is selected.
10:43:34 INFO  : 'jtag frequency' command is executed.
10:43:34 INFO  : 'targets -set -filter {jtag_cable_name =~ "Digilent JTAG-HS2 201706300081" && level==0 && jtag_device_ctx=="jsn-JTAG-HS2-201706300081-13631093-0"}' command is executed.
10:43:37 INFO  : Device configured successfully with "E:/kevin/myCode/microBlaze100/vitisJson/syncMain/_ide/bitstream/download.bit"
10:43:37 INFO  : Context for processor 'microblaze_0' is selected.
10:43:37 INFO  : Hardware design and registers information is loaded from 'E:/kevin/myCode/microBlaze100/vitisJson/syncBlaze/export/syncBlaze/hw/design_1_wrapper.xsa'.
10:43:37 INFO  : 'configparams mdm-detect-bscan-mask 2' command is executed.
10:43:37 INFO  : Context for processor 'microblaze_0' is selected.
10:43:37 INFO  : System reset is completed.
10:43:40 INFO  : 'after 3000' command is executed.
10:43:40 INFO  : Context for processor 'microblaze_0' is selected.
10:43:41 INFO  : The application 'E:/kevin/myCode/microBlaze100/vitisJson/syncMain/Debug/syncMain.elf' is downloaded to processor 'microblaze_0'.
10:43:41 INFO  : ----------------XSDB Script----------------
connect -url tcp:127.0.0.1:3121
targets -set -filter {jtag_cable_name =~ "Digilent JTAG-HS2 201706300081" && level==0 && jtag_device_ctx=="jsn-JTAG-HS2-201706300081-13631093-0"}
fpga -file E:/kevin/myCode/microBlaze100/vitisJson/syncMain/_ide/bitstream/download.bit
targets -set -nocase -filter {name =~ "*microblaze*#0" && bscan=="USER2" }
loadhw -hw E:/kevin/myCode/microBlaze100/vitisJson/syncBlaze/export/syncBlaze/hw/design_1_wrapper.xsa -regs
configparams mdm-detect-bscan-mask 2
targets -set -nocase -filter {name =~ "*microblaze*#0" && bscan=="USER2" }
rst -system
after 3000
targets -set -nocase -filter {name =~ "*microblaze*#0" && bscan=="USER2" }
dow E:/kevin/myCode/microBlaze100/vitisJson/syncMain/Debug/syncMain.elf
----------------End of Script----------------

10:43:41 INFO  : Context for processor 'microblaze_0' is selected.
10:43:41 INFO  : 'con' command is executed.
10:43:41 INFO  : ----------------XSDB Script (After Launch)----------------
targets -set -nocase -filter {name =~ "*microblaze*#0" && bscan=="USER2" }
con
----------------End of Script----------------

10:43:41 INFO  : Launch script is exported to file 'E:\kevin\myCode\microBlaze100\vitisJson\syncMain_system\_ide\scripts\systemdebugger_syncmain_system_standalone.tcl'
10:43:51 INFO  : Disconnected from the channel tcfchan#18.
10:43:51 INFO  : Connected to target on host '127.0.0.1' and port '3121'.
10:43:52 INFO  : Jtag cable 'Digilent JTAG-HS2 201706300081' is selected.
10:43:52 INFO  : 'jtag frequency' command is executed.
10:43:52 INFO  : 'targets -set -filter {jtag_cable_name =~ "Digilent JTAG-HS2 201706300081" && level==0 && jtag_device_ctx=="jsn-JTAG-HS2-201706300081-13631093-0"}' command is executed.
10:43:55 INFO  : Device configured successfully with "E:/kevin/myCode/microBlaze100/vitisJson/syncMain/_ide/bitstream/download.bit"
10:43:55 INFO  : Context for processor 'microblaze_0' is selected.
10:43:55 INFO  : Hardware design and registers information is loaded from 'E:/kevin/myCode/microBlaze100/vitisJson/syncBlaze/export/syncBlaze/hw/design_1_wrapper.xsa'.
10:43:55 INFO  : 'configparams mdm-detect-bscan-mask 2' command is executed.
10:43:55 INFO  : Context for processor 'microblaze_0' is selected.
10:43:55 INFO  : System reset is completed.
10:43:58 INFO  : 'after 3000' command is executed.
10:43:58 INFO  : Context for processor 'microblaze_0' is selected.
10:43:59 INFO  : The application 'E:/kevin/myCode/microBlaze100/vitisJson/syncMain/Debug/syncMain.elf' is downloaded to processor 'microblaze_0'.
10:43:59 INFO  : ----------------XSDB Script----------------
connect -url tcp:127.0.0.1:3121
targets -set -filter {jtag_cable_name =~ "Digilent JTAG-HS2 201706300081" && level==0 && jtag_device_ctx=="jsn-JTAG-HS2-201706300081-13631093-0"}
fpga -file E:/kevin/myCode/microBlaze100/vitisJson/syncMain/_ide/bitstream/download.bit
targets -set -nocase -filter {name =~ "*microblaze*#0" && bscan=="USER2" }
loadhw -hw E:/kevin/myCode/microBlaze100/vitisJson/syncBlaze/export/syncBlaze/hw/design_1_wrapper.xsa -regs
configparams mdm-detect-bscan-mask 2
targets -set -nocase -filter {name =~ "*microblaze*#0" && bscan=="USER2" }
rst -system
after 3000
targets -set -nocase -filter {name =~ "*microblaze*#0" && bscan=="USER2" }
dow E:/kevin/myCode/microBlaze100/vitisJson/syncMain/Debug/syncMain.elf
----------------End of Script----------------

10:43:59 INFO  : Context for processor 'microblaze_0' is selected.
10:43:59 INFO  : 'con' command is executed.
10:43:59 INFO  : ----------------XSDB Script (After Launch)----------------
targets -set -nocase -filter {name =~ "*microblaze*#0" && bscan=="USER2" }
con
----------------End of Script----------------

10:43:59 INFO  : Launch script is exported to file 'E:\kevin\myCode\microBlaze100\vitisJson\syncMain_system\_ide\scripts\systemdebugger_syncmain_system_standalone.tcl'
10:44:23 INFO  : Disconnected from the channel tcfchan#19.
10:44:23 INFO  : Connected to target on host '127.0.0.1' and port '3121'.
10:44:24 INFO  : Jtag cable 'Digilent JTAG-HS2 201706300081' is selected.
10:44:24 INFO  : 'jtag frequency' command is executed.
10:44:24 INFO  : 'targets -set -filter {jtag_cable_name =~ "Digilent JTAG-HS2 201706300081" && level==0 && jtag_device_ctx=="jsn-JTAG-HS2-201706300081-13631093-0"}' command is executed.
10:44:27 INFO  : Device configured successfully with "E:/kevin/myCode/microBlaze100/vitisJson/syncMain/_ide/bitstream/download.bit"
10:44:27 INFO  : Context for processor 'microblaze_0' is selected.
10:44:27 INFO  : Hardware design and registers information is loaded from 'E:/kevin/myCode/microBlaze100/vitisJson/syncBlaze/export/syncBlaze/hw/design_1_wrapper.xsa'.
10:44:27 INFO  : 'configparams mdm-detect-bscan-mask 2' command is executed.
10:44:27 INFO  : Context for processor 'microblaze_0' is selected.
10:44:27 INFO  : System reset is completed.
10:44:30 INFO  : 'after 3000' command is executed.
10:44:30 INFO  : Context for processor 'microblaze_0' is selected.
10:44:31 INFO  : The application 'E:/kevin/myCode/microBlaze100/vitisJson/syncMain/Debug/syncMain.elf' is downloaded to processor 'microblaze_0'.
10:44:31 INFO  : ----------------XSDB Script----------------
connect -url tcp:127.0.0.1:3121
targets -set -filter {jtag_cable_name =~ "Digilent JTAG-HS2 201706300081" && level==0 && jtag_device_ctx=="jsn-JTAG-HS2-201706300081-13631093-0"}
fpga -file E:/kevin/myCode/microBlaze100/vitisJson/syncMain/_ide/bitstream/download.bit
targets -set -nocase -filter {name =~ "*microblaze*#0" && bscan=="USER2" }
loadhw -hw E:/kevin/myCode/microBlaze100/vitisJson/syncBlaze/export/syncBlaze/hw/design_1_wrapper.xsa -regs
configparams mdm-detect-bscan-mask 2
targets -set -nocase -filter {name =~ "*microblaze*#0" && bscan=="USER2" }
rst -system
after 3000
targets -set -nocase -filter {name =~ "*microblaze*#0" && bscan=="USER2" }
dow E:/kevin/myCode/microBlaze100/vitisJson/syncMain/Debug/syncMain.elf
----------------End of Script----------------

10:44:31 INFO  : Context for processor 'microblaze_0' is selected.
10:44:31 INFO  : 'con' command is executed.
10:44:31 INFO  : ----------------XSDB Script (After Launch)----------------
targets -set -nocase -filter {name =~ "*microblaze*#0" && bscan=="USER2" }
con
----------------End of Script----------------

10:44:31 INFO  : Launch script is exported to file 'E:\kevin\myCode\microBlaze100\vitisJson\syncMain_system\_ide\scripts\systemdebugger_syncmain_system_standalone.tcl'
14:24:15 INFO  : Disconnected from the channel tcfchan#20.
14:24:15 INFO  : Connected to target on host '127.0.0.1' and port '3121'.
14:24:15 INFO  : Jtag cable 'Digilent JTAG-HS2 201706300081' is selected.
14:24:15 INFO  : 'jtag frequency' command is executed.
14:24:15 INFO  : 'targets -set -filter {jtag_cable_name =~ "Digilent JTAG-HS2 201706300081" && level==0 && jtag_device_ctx=="jsn-JTAG-HS2-201706300081-13631093-0"}' command is executed.
14:24:18 INFO  : Device configured successfully with "E:/kevin/myCode/microBlaze100/vitisJson/syncMain/_ide/bitstream/download.bit"
14:24:18 INFO  : Context for processor 'microblaze_0' is selected.
14:24:19 INFO  : Hardware design and registers information is loaded from 'E:/kevin/myCode/microBlaze100/vitisJson/syncBlaze/export/syncBlaze/hw/design_1_wrapper.xsa'.
14:24:19 INFO  : 'configparams mdm-detect-bscan-mask 2' command is executed.
14:24:19 INFO  : Context for processor 'microblaze_0' is selected.
14:24:19 INFO  : System reset is completed.
14:24:22 INFO  : 'after 3000' command is executed.
14:24:22 INFO  : Context for processor 'microblaze_0' is selected.
14:24:22 INFO  : The application 'E:/kevin/myCode/microBlaze100/vitisJson/syncMain/Debug/syncMain.elf' is downloaded to processor 'microblaze_0'.
14:24:22 INFO  : ----------------XSDB Script----------------
connect -url tcp:127.0.0.1:3121
targets -set -filter {jtag_cable_name =~ "Digilent JTAG-HS2 201706300081" && level==0 && jtag_device_ctx=="jsn-JTAG-HS2-201706300081-13631093-0"}
fpga -file E:/kevin/myCode/microBlaze100/vitisJson/syncMain/_ide/bitstream/download.bit
targets -set -nocase -filter {name =~ "*microblaze*#0" && bscan=="USER2" }
loadhw -hw E:/kevin/myCode/microBlaze100/vitisJson/syncBlaze/export/syncBlaze/hw/design_1_wrapper.xsa -regs
configparams mdm-detect-bscan-mask 2
targets -set -nocase -filter {name =~ "*microblaze*#0" && bscan=="USER2" }
rst -system
after 3000
targets -set -nocase -filter {name =~ "*microblaze*#0" && bscan=="USER2" }
dow E:/kevin/myCode/microBlaze100/vitisJson/syncMain/Debug/syncMain.elf
----------------End of Script----------------

14:24:22 INFO  : Context for processor 'microblaze_0' is selected.
14:24:22 INFO  : 'con' command is executed.
14:24:22 INFO  : ----------------XSDB Script (After Launch)----------------
targets -set -nocase -filter {name =~ "*microblaze*#0" && bscan=="USER2" }
con
----------------End of Script----------------

14:24:22 INFO  : Launch script is exported to file 'E:\kevin\myCode\microBlaze100\vitisJson\syncMain_system\_ide\scripts\systemdebugger_syncmain_system_standalone.tcl'
14:25:24 INFO  : Checking for BSP changes to sync application flags for project 'syncMain'...
14:25:31 INFO  : Disconnected from the channel tcfchan#21.
14:25:36 INFO  : Connected to target on host '127.0.0.1' and port '3121'.
14:25:36 INFO  : Jtag cable 'Digilent JTAG-HS2 201706300081' is selected.
14:25:36 INFO  : 'jtag frequency' command is executed.
14:25:36 INFO  : 'targets -set -filter {jtag_cable_name =~ "Digilent JTAG-HS2 201706300081" && level==0 && jtag_device_ctx=="jsn-JTAG-HS2-201706300081-13631093-0"}' command is executed.
14:25:39 INFO  : Device configured successfully with "E:/kevin/myCode/microBlaze100/vitisJson/syncMain/_ide/bitstream/download.bit"
14:25:39 INFO  : Context for processor 'microblaze_0' is selected.
14:25:39 INFO  : Hardware design and registers information is loaded from 'E:/kevin/myCode/microBlaze100/vitisJson/syncBlaze/export/syncBlaze/hw/design_1_wrapper.xsa'.
14:25:39 INFO  : 'configparams mdm-detect-bscan-mask 2' command is executed.
14:25:39 INFO  : Context for processor 'microblaze_0' is selected.
14:25:39 INFO  : System reset is completed.
14:25:42 INFO  : 'after 3000' command is executed.
14:25:43 INFO  : Context for processor 'microblaze_0' is selected.
14:25:43 INFO  : The application 'E:/kevin/myCode/microBlaze100/vitisJson/syncMain/Debug/syncMain.elf' is downloaded to processor 'microblaze_0'.
14:25:43 INFO  : ----------------XSDB Script----------------
connect -url tcp:127.0.0.1:3121
targets -set -filter {jtag_cable_name =~ "Digilent JTAG-HS2 201706300081" && level==0 && jtag_device_ctx=="jsn-JTAG-HS2-201706300081-13631093-0"}
fpga -file E:/kevin/myCode/microBlaze100/vitisJson/syncMain/_ide/bitstream/download.bit
targets -set -nocase -filter {name =~ "*microblaze*#0" && bscan=="USER2" }
loadhw -hw E:/kevin/myCode/microBlaze100/vitisJson/syncBlaze/export/syncBlaze/hw/design_1_wrapper.xsa -regs
configparams mdm-detect-bscan-mask 2
targets -set -nocase -filter {name =~ "*microblaze*#0" && bscan=="USER2" }
rst -system
after 3000
targets -set -nocase -filter {name =~ "*microblaze*#0" && bscan=="USER2" }
dow E:/kevin/myCode/microBlaze100/vitisJson/syncMain/Debug/syncMain.elf
----------------End of Script----------------

14:25:43 INFO  : Context for processor 'microblaze_0' is selected.
14:25:43 INFO  : 'con' command is executed.
14:25:43 INFO  : ----------------XSDB Script (After Launch)----------------
targets -set -nocase -filter {name =~ "*microblaze*#0" && bscan=="USER2" }
con
----------------End of Script----------------

14:25:43 INFO  : Launch script is exported to file 'E:\kevin\myCode\microBlaze100\vitisJson\syncMain_system\_ide\scripts\systemdebugger_syncmain_system_standalone.tcl'
15:58:44 INFO  : Checking for BSP changes to sync application flags for project 'syncMain'...
15:58:48 INFO  : Disconnected from the channel tcfchan#22.
15:58:49 INFO  : Connected to target on host '127.0.0.1' and port '3121'.
15:58:50 INFO  : Jtag cable 'Digilent JTAG-HS2 201706300081' is selected.
15:58:50 INFO  : 'jtag frequency' command is executed.
15:58:50 INFO  : 'targets -set -filter {jtag_cable_name =~ "Digilent JTAG-HS2 201706300081" && level==0 && jtag_device_ctx=="jsn-JTAG-HS2-201706300081-13631093-0"}' command is executed.
15:58:53 INFO  : Device configured successfully with "E:/kevin/myCode/microBlaze100/vitisJson/syncMain/_ide/bitstream/download.bit"
15:58:53 INFO  : Context for processor 'microblaze_0' is selected.
15:58:53 INFO  : Hardware design and registers information is loaded from 'E:/kevin/myCode/microBlaze100/vitisJson/syncBlaze/export/syncBlaze/hw/design_1_wrapper.xsa'.
15:58:53 INFO  : 'configparams mdm-detect-bscan-mask 2' command is executed.
15:58:53 INFO  : Context for processor 'microblaze_0' is selected.
15:58:53 INFO  : System reset is completed.
15:58:56 INFO  : 'after 3000' command is executed.
15:58:56 INFO  : Context for processor 'microblaze_0' is selected.
15:58:57 INFO  : The application 'E:/kevin/myCode/microBlaze100/vitisJson/syncMain/Debug/syncMain.elf' is downloaded to processor 'microblaze_0'.
15:58:57 INFO  : ----------------XSDB Script----------------
connect -url tcp:127.0.0.1:3121
targets -set -filter {jtag_cable_name =~ "Digilent JTAG-HS2 201706300081" && level==0 && jtag_device_ctx=="jsn-JTAG-HS2-201706300081-13631093-0"}
fpga -file E:/kevin/myCode/microBlaze100/vitisJson/syncMain/_ide/bitstream/download.bit
targets -set -nocase -filter {name =~ "*microblaze*#0" && bscan=="USER2" }
loadhw -hw E:/kevin/myCode/microBlaze100/vitisJson/syncBlaze/export/syncBlaze/hw/design_1_wrapper.xsa -regs
configparams mdm-detect-bscan-mask 2
targets -set -nocase -filter {name =~ "*microblaze*#0" && bscan=="USER2" }
rst -system
after 3000
targets -set -nocase -filter {name =~ "*microblaze*#0" && bscan=="USER2" }
dow E:/kevin/myCode/microBlaze100/vitisJson/syncMain/Debug/syncMain.elf
----------------End of Script----------------

15:58:57 INFO  : Context for processor 'microblaze_0' is selected.
15:58:57 INFO  : 'con' command is executed.
15:58:57 INFO  : ----------------XSDB Script (After Launch)----------------
targets -set -nocase -filter {name =~ "*microblaze*#0" && bscan=="USER2" }
con
----------------End of Script----------------

15:58:57 INFO  : Launch script is exported to file 'E:\kevin\myCode\microBlaze100\vitisJson\syncMain_system\_ide\scripts\systemdebugger_syncmain_system_standalone.tcl'
16:26:29 INFO  : Disconnected from the channel tcfchan#23.
16:26:30 INFO  : Checking for BSP changes to sync application flags for project 'syncMain'...
16:26:33 INFO  : Connected to target on host '127.0.0.1' and port '3121'.
16:26:33 INFO  : Jtag cable 'Digilent JTAG-HS2 201706300081' is selected.
16:26:33 INFO  : 'jtag frequency' command is executed.
16:26:33 INFO  : 'targets -set -filter {jtag_cable_name =~ "Digilent JTAG-HS2 201706300081" && level==0 && jtag_device_ctx=="jsn-JTAG-HS2-201706300081-13631093-0"}' command is executed.
16:26:36 INFO  : Device configured successfully with "E:/kevin/myCode/microBlaze100/vitisJson/syncMain/_ide/bitstream/download.bit"
16:26:36 INFO  : Context for processor 'microblaze_0' is selected.
16:26:36 INFO  : Hardware design and registers information is loaded from 'E:/kevin/myCode/microBlaze100/vitisJson/syncBlaze/export/syncBlaze/hw/design_1_wrapper.xsa'.
16:26:36 INFO  : 'configparams mdm-detect-bscan-mask 2' command is executed.
16:26:36 INFO  : Context for processor 'microblaze_0' is selected.
16:26:36 INFO  : System reset is completed.
16:26:39 INFO  : 'after 3000' command is executed.
16:26:39 INFO  : Context for processor 'microblaze_0' is selected.
16:26:40 INFO  : The application 'E:/kevin/myCode/microBlaze100/vitisJson/syncMain/Debug/syncMain.elf' is downloaded to processor 'microblaze_0'.
16:26:40 INFO  : ----------------XSDB Script----------------
connect -url tcp:127.0.0.1:3121
targets -set -filter {jtag_cable_name =~ "Digilent JTAG-HS2 201706300081" && level==0 && jtag_device_ctx=="jsn-JTAG-HS2-201706300081-13631093-0"}
fpga -file E:/kevin/myCode/microBlaze100/vitisJson/syncMain/_ide/bitstream/download.bit
targets -set -nocase -filter {name =~ "*microblaze*#0" && bscan=="USER2" }
loadhw -hw E:/kevin/myCode/microBlaze100/vitisJson/syncBlaze/export/syncBlaze/hw/design_1_wrapper.xsa -regs
configparams mdm-detect-bscan-mask 2
targets -set -nocase -filter {name =~ "*microblaze*#0" && bscan=="USER2" }
rst -system
after 3000
targets -set -nocase -filter {name =~ "*microblaze*#0" && bscan=="USER2" }
dow E:/kevin/myCode/microBlaze100/vitisJson/syncMain/Debug/syncMain.elf
----------------End of Script----------------

16:26:40 INFO  : Context for processor 'microblaze_0' is selected.
16:26:40 INFO  : 'con' command is executed.
16:26:40 INFO  : ----------------XSDB Script (After Launch)----------------
targets -set -nocase -filter {name =~ "*microblaze*#0" && bscan=="USER2" }
con
----------------End of Script----------------

16:26:40 INFO  : Launch script is exported to file 'E:\kevin\myCode\microBlaze100\vitisJson\syncMain_system\_ide\scripts\systemdebugger_syncmain_system_standalone.tcl'
16:51:30 INFO  : Checking for BSP changes to sync application flags for project 'syncMain'...
16:51:37 INFO  : Disconnected from the channel tcfchan#24.
16:51:38 INFO  : Connected to target on host '127.0.0.1' and port '3121'.
16:51:38 INFO  : Jtag cable 'Digilent JTAG-HS2 201706300081' is selected.
16:51:38 INFO  : 'jtag frequency' command is executed.
16:51:38 INFO  : 'targets -set -filter {jtag_cable_name =~ "Digilent JTAG-HS2 201706300081" && level==0 && jtag_device_ctx=="jsn-JTAG-HS2-201706300081-13631093-0"}' command is executed.
16:51:42 INFO  : Device configured successfully with "E:/kevin/myCode/microBlaze100/vitisJson/syncMain/_ide/bitstream/download.bit"
16:51:42 INFO  : Context for processor 'microblaze_0' is selected.
16:51:42 INFO  : Hardware design and registers information is loaded from 'E:/kevin/myCode/microBlaze100/vitisJson/syncBlaze/export/syncBlaze/hw/design_1_wrapper.xsa'.
16:51:42 INFO  : 'configparams mdm-detect-bscan-mask 2' command is executed.
16:51:42 INFO  : Context for processor 'microblaze_0' is selected.
16:51:42 INFO  : System reset is completed.
16:51:45 INFO  : 'after 3000' command is executed.
16:51:45 INFO  : Context for processor 'microblaze_0' is selected.
16:51:45 INFO  : The application 'E:/kevin/myCode/microBlaze100/vitisJson/syncMain/Debug/syncMain.elf' is downloaded to processor 'microblaze_0'.
16:51:45 INFO  : ----------------XSDB Script----------------
connect -url tcp:127.0.0.1:3121
targets -set -filter {jtag_cable_name =~ "Digilent JTAG-HS2 201706300081" && level==0 && jtag_device_ctx=="jsn-JTAG-HS2-201706300081-13631093-0"}
fpga -file E:/kevin/myCode/microBlaze100/vitisJson/syncMain/_ide/bitstream/download.bit
targets -set -nocase -filter {name =~ "*microblaze*#0" && bscan=="USER2" }
loadhw -hw E:/kevin/myCode/microBlaze100/vitisJson/syncBlaze/export/syncBlaze/hw/design_1_wrapper.xsa -regs
configparams mdm-detect-bscan-mask 2
targets -set -nocase -filter {name =~ "*microblaze*#0" && bscan=="USER2" }
rst -system
after 3000
targets -set -nocase -filter {name =~ "*microblaze*#0" && bscan=="USER2" }
dow E:/kevin/myCode/microBlaze100/vitisJson/syncMain/Debug/syncMain.elf
----------------End of Script----------------

16:51:45 INFO  : Context for processor 'microblaze_0' is selected.
16:51:45 INFO  : 'con' command is executed.
16:51:45 INFO  : ----------------XSDB Script (After Launch)----------------
targets -set -nocase -filter {name =~ "*microblaze*#0" && bscan=="USER2" }
con
----------------End of Script----------------

16:51:45 INFO  : Launch script is exported to file 'E:\kevin\myCode\microBlaze100\vitisJson\syncMain_system\_ide\scripts\systemdebugger_syncmain_system_standalone.tcl'
17:25:06 INFO  : Checking for BSP changes to sync application flags for project 'syncMain'...
17:25:08 INFO  : Disconnected from the channel tcfchan#25.
17:25:10 INFO  : Connected to target on host '127.0.0.1' and port '3121'.
17:25:10 INFO  : Jtag cable 'Digilent JTAG-HS2 201706300081' is selected.
17:25:10 INFO  : 'jtag frequency' command is executed.
17:25:10 INFO  : 'targets -set -filter {jtag_cable_name =~ "Digilent JTAG-HS2 201706300081" && level==0 && jtag_device_ctx=="jsn-JTAG-HS2-201706300081-13631093-0"}' command is executed.
17:25:13 INFO  : Device configured successfully with "E:/kevin/myCode/microBlaze100/vitisJson/syncMain/_ide/bitstream/download.bit"
17:25:14 INFO  : Context for processor 'microblaze_0' is selected.
17:25:14 INFO  : Hardware design and registers information is loaded from 'E:/kevin/myCode/microBlaze100/vitisJson/syncBlaze/export/syncBlaze/hw/design_1_wrapper.xsa'.
17:25:14 INFO  : 'configparams mdm-detect-bscan-mask 2' command is executed.
17:25:14 INFO  : Context for processor 'microblaze_0' is selected.
17:25:14 INFO  : System reset is completed.
17:25:17 INFO  : 'after 3000' command is executed.
17:25:17 INFO  : Context for processor 'microblaze_0' is selected.
17:25:17 INFO  : The application 'E:/kevin/myCode/microBlaze100/vitisJson/syncMain/Debug/syncMain.elf' is downloaded to processor 'microblaze_0'.
17:25:17 INFO  : ----------------XSDB Script----------------
connect -url tcp:127.0.0.1:3121
targets -set -filter {jtag_cable_name =~ "Digilent JTAG-HS2 201706300081" && level==0 && jtag_device_ctx=="jsn-JTAG-HS2-201706300081-13631093-0"}
fpga -file E:/kevin/myCode/microBlaze100/vitisJson/syncMain/_ide/bitstream/download.bit
targets -set -nocase -filter {name =~ "*microblaze*#0" && bscan=="USER2" }
loadhw -hw E:/kevin/myCode/microBlaze100/vitisJson/syncBlaze/export/syncBlaze/hw/design_1_wrapper.xsa -regs
configparams mdm-detect-bscan-mask 2
targets -set -nocase -filter {name =~ "*microblaze*#0" && bscan=="USER2" }
rst -system
after 3000
targets -set -nocase -filter {name =~ "*microblaze*#0" && bscan=="USER2" }
dow E:/kevin/myCode/microBlaze100/vitisJson/syncMain/Debug/syncMain.elf
----------------End of Script----------------

17:25:17 INFO  : Context for processor 'microblaze_0' is selected.
17:25:17 INFO  : 'con' command is executed.
17:25:17 INFO  : ----------------XSDB Script (After Launch)----------------
targets -set -nocase -filter {name =~ "*microblaze*#0" && bscan=="USER2" }
con
----------------End of Script----------------

17:25:17 INFO  : Launch script is exported to file 'E:\kevin\myCode\microBlaze100\vitisJson\syncMain_system\_ide\scripts\systemdebugger_syncmain_system_standalone.tcl'
19:27:46 INFO  : Hardware specification for platform project 'syncBlaze' is updated.
19:28:14 INFO  : Result from executing command 'getProjects': syncBlaze
19:28:14 INFO  : Result from executing command 'getPlatforms': syncBlaze|E:/kevin/myCode/microBlaze100/vitisJson/syncBlaze/export/syncBlaze/syncBlaze.xpfm;xilinx_vck190_base_202220_1|D:/Xilinx202202/Vitis/2022.2/base_platforms/xilinx_vck190_base_202220_1/xilinx_vck190_base_202220_1.xpfm;xilinx_vck190_base_dfx_202220_1|D:/Xilinx202202/Vitis/2022.2/base_platforms/xilinx_vck190_base_dfx_202220_1/xilinx_vck190_base_dfx_202220_1.xpfm;xilinx_vmk180_base_202220_1|D:/Xilinx202202/Vitis/2022.2/base_platforms/xilinx_vmk180_base_202220_1/xilinx_vmk180_base_202220_1.xpfm;xilinx_zcu102_base_202220_1|D:/Xilinx202202/Vitis/2022.2/base_platforms/xilinx_zcu102_base_202220_1/xilinx_zcu102_base_202220_1.xpfm;xilinx_zcu102_base_dfx_202220_1|D:/Xilinx202202/Vitis/2022.2/base_platforms/xilinx_zcu102_base_dfx_202220_1/xilinx_zcu102_base_dfx_202220_1.xpfm;xilinx_zcu104_base_202220_1|D:/Xilinx202202/Vitis/2022.2/base_platforms/xilinx_zcu104_base_202220_1/xilinx_zcu104_base_202220_1.xpfm
19:28:26 INFO  : Checking for BSP changes to sync application flags for project 'syncMain'...
19:28:29 ERROR : XSCT server calls should not be made from TCF thread.
java.lang.RuntimeException: XSCT server calls should not be made from TCF thread.
	at com.xilinx.sdk.xsdb.XSDBCommandManager.issueAndWait(XSDBCommandManager.java:392) [com.xilinx.sdk.xsdb_1.0.0.202210132147.jar:?]
	at com.xilinx.sdk.xsdb.XsdbCommandUtils.executeAndRespond(XsdbCommandUtils.java:325) [com.xilinx.sdk.xsdb_1.0.0.202210132147.jar:?]
	at com.xilinx.sdk.hw.internal.HwPlatform.populateDesignProps(HwPlatform.java:521) [com.xilinx.sdk.hw_1.0.0.202210132147.jar:?]
	at com.xilinx.sdk.hw.internal.HwPlatform.isZynq(HwPlatform.java:1101) [com.xilinx.sdk.hw_1.0.0.202210132147.jar:?]
	at com.xilinx.sdk.hw.internal.HwPlatform.getArchFamily(HwPlatform.java:587) [com.xilinx.sdk.hw_1.0.0.202210132147.jar:?]
	at com.xilinx.sdk.tcf.internal.debug.ui.common.BaseLaunchConfigModel.readCrossTriggerModel(BaseLaunchConfigModel.java:174) [com.xilinx.sdk.tcf.debug_1.0.0.202210132147.jar:?]
	at com.xilinx.sdk.tcf.internal.debug.ui.common.BaseLaunchConfigModel.readAndSetAttributes(BaseLaunchConfigModel.java:156) [com.xilinx.sdk.tcf.debug_1.0.0.202210132147.jar:?]
	at com.xilinx.sdx.sdsoc.debug.ui.SdsLaunchConfigModel.newInstance(SdsLaunchConfigModel.java:109) [com.xilinx.sdx.sdsoc.debug.ui_1.0.0.202210132147.jar:?]
	at com.xilinx.sdx.sdsoc.debug.launch.SdsTcfLaunchDelegate.createConfigModel(SdsTcfLaunchDelegate.java:85) [com.xilinx.sdx.sdsoc.debug_1.0.0.202210132147.jar:?]
	at com.xilinx.sdx.sdsoc.debug.launch.SdsTcfLaunchDelegate.generateReports(SdsTcfLaunchDelegate.java:641) [com.xilinx.sdx.sdsoc.debug_1.0.0.202210132147.jar:?]
	at com.xilinx.sdx.sdsoc.debug.launch.SdsTcfLaunchDelegate.onDisconnected(SdsTcfLaunchDelegate.java:615) [com.xilinx.sdx.sdsoc.debug_1.0.0.202210132147.jar:?]
	at org.eclipse.tcf.internal.debug.ui.model.TCFModelManager$1.onDisconnected(TCFModelManager.java:79) [org.eclipse.tcf.debug.ui_1.7.0.202210132147.jar:?]
	at org.eclipse.tcf.internal.debug.model.TCFLaunch.onDisconnected(TCFLaunch.java:532) [org.eclipse.tcf.debug_1.7.0.202210132147.jar:?]
	at org.eclipse.tcf.internal.debug.model.TCFLaunch$43.onChannelClosed(TCFLaunch.java:1643) [org.eclipse.tcf.debug_1.7.0.202210132147.jar:?]
	at org.eclipse.tcf.core.AbstractChannel$9.run(AbstractChannel.java:858) [org.eclipse.tcf.core_1.7.0.202210132147.jar:?]
	at org.eclipse.tcf.EventQueue.run(EventQueue.java:98) [org.eclipse.tcf_1.7.0.202210132147.jar:?]
	at java.lang.Thread.run(Thread.java:829) [?:?]
19:28:29 INFO  : Disconnected from the channel tcfchan#26.
19:28:31 INFO  : The hardware specification used by project 'syncMain' is out of sync with the platform. Resource files extracted from the hardware specification will be updated.
19:28:31 INFO  : The file 'E:\kevin\myCode\microBlaze100\vitisJson\syncMain\_ide\bitstream\design_1_wrapper.bit' stored in project is removed.
19:28:31 INFO  : The file 'E:\kevin\myCode\microBlaze100\vitisJson\syncMain\_ide\bitstream\design_1_wrapper.mmi' stored in project is removed.
19:28:31 INFO  : The file 'E:\kevin\myCode\microBlaze100\vitisJson\syncMain\_ide\bitstream\download.bit' stored in project is removed.
19:28:31 INFO  : The updated bitstream files are copied from platform to folder 'E:\kevin\myCode\microBlaze100\vitisJson\syncMain\_ide\bitstream' in project 'syncMain'.
19:28:31 INFO  : Connected to target on host '127.0.0.1' and port '3121'.
19:28:32 INFO  : Jtag cable 'Digilent JTAG-HS2 201706300081' is selected.
19:28:32 INFO  : 'jtag frequency' command is executed.
19:28:32 INFO  : 'targets -set -filter {jtag_cable_name =~ "Digilent JTAG-HS2 201706300081" && level==0 && jtag_device_ctx=="jsn-JTAG-HS2-201706300081-13631093-0"}' command is executed.
19:28:32 ERROR : couldn't open "E:/kevin/myCode/microBlaze100/vitisJson/syncMain/_ide/bitstream/download.bit": no such file or directory
19:28:32 ERROR : Exception occured while running Program Device.
java.lang.RuntimeException: couldn't open "E:/kevin/myCode/microBlaze100/vitisJson/syncMain/_ide/bitstream/download.bit": no such file or directory
19:28:32 INFO  : ----------------XSDB Script----------------
connect -url tcp:127.0.0.1:3121
----------------End of Script----------------

19:28:32 ERROR : couldn't open "E:/kevin/myCode/microBlaze100/vitisJson/syncMain/_ide/bitstream/download.bit": no such file or directory
19:28:36 INFO  : Connected to target on host '127.0.0.1' and port '3121'.
19:28:36 INFO  : Jtag cable 'Digilent JTAG-HS2 201706300081' is selected.
19:28:36 INFO  : 'jtag frequency' command is executed.
19:28:36 INFO  : 'targets -set -filter {jtag_cable_name =~ "Digilent JTAG-HS2 201706300081" && level==0 && jtag_device_ctx=="jsn-JTAG-HS2-201706300081-13631093-0"}' command is executed.
19:28:39 INFO  : Device configured successfully with "E:/kevin/myCode/microBlaze100/vitisJson/syncMain/_ide/bitstream/design_1_wrapper.bit"
19:28:39 INFO  : Context for processor 'microblaze_0' is selected.
19:28:39 INFO  : Hardware design and registers information is loaded from 'E:/kevin/myCode/microBlaze100/vitisJson/syncBlaze/export/syncBlaze/hw/design_1_wrapper.xsa'.
19:28:39 INFO  : 'configparams mdm-detect-bscan-mask 2' command is executed.
19:28:39 INFO  : Context for processor 'microblaze_0' is selected.
19:28:39 INFO  : System reset is completed.
19:28:42 INFO  : 'after 3000' command is executed.
19:28:42 INFO  : Context for processor 'microblaze_0' is selected.
19:28:42 INFO  : The application 'E:/kevin/myCode/microBlaze100/vitisJson/syncMain/Debug/syncMain.elf' is downloaded to processor 'microblaze_0'.
19:28:42 INFO  : ----------------XSDB Script----------------
connect -url tcp:127.0.0.1:3121
targets -set -filter {jtag_cable_name =~ "Digilent JTAG-HS2 201706300081" && level==0 && jtag_device_ctx=="jsn-JTAG-HS2-201706300081-13631093-0"}
fpga -file E:/kevin/myCode/microBlaze100/vitisJson/syncMain/_ide/bitstream/design_1_wrapper.bit
targets -set -nocase -filter {name =~ "*microblaze*#0" && bscan=="USER2" }
loadhw -hw E:/kevin/myCode/microBlaze100/vitisJson/syncBlaze/export/syncBlaze/hw/design_1_wrapper.xsa -regs
configparams mdm-detect-bscan-mask 2
targets -set -nocase -filter {name =~ "*microblaze*#0" && bscan=="USER2" }
rst -system
after 3000
targets -set -nocase -filter {name =~ "*microblaze*#0" && bscan=="USER2" }
dow E:/kevin/myCode/microBlaze100/vitisJson/syncMain/Debug/syncMain.elf
----------------End of Script----------------

19:28:43 INFO  : Context for processor 'microblaze_0' is selected.
19:28:43 INFO  : 'con' command is executed.
19:28:43 INFO  : ----------------XSDB Script (After Launch)----------------
targets -set -nocase -filter {name =~ "*microblaze*#0" && bscan=="USER2" }
con
----------------End of Script----------------

19:28:43 INFO  : Launch script is exported to file 'E:\kevin\myCode\microBlaze100\vitisJson\syncMain_system\_ide\scripts\systemdebugger_syncmain_system_standalone.tcl'
10:14:04 INFO  : Disconnected from the channel tcfchan#28.
10:14:08 INFO  : Connected to target on host '127.0.0.1' and port '3121'.
10:14:08 INFO  : Jtag cable 'Digilent JTAG-HS2 201706300081' is selected.
10:14:08 INFO  : 'jtag frequency' command is executed.
10:14:09 INFO  : 'targets -set -filter {jtag_cable_name =~ "Digilent JTAG-HS2 201706300081" && level==0 && jtag_device_ctx=="jsn-JTAG-HS2-201706300081-13631093-0"}' command is executed.
10:14:12 INFO  : Device configured successfully with "E:/kevin/myCode/microBlaze100/vitisJson/syncMain/_ide/bitstream/design_1_wrapper.bit"
10:14:12 INFO  : Context for processor 'microblaze_0' is selected.
10:14:12 INFO  : Hardware design and registers information is loaded from 'E:/kevin/myCode/microBlaze100/vitisJson/syncBlaze/export/syncBlaze/hw/design_1_wrapper.xsa'.
10:14:12 INFO  : 'configparams mdm-detect-bscan-mask 2' command is executed.
10:14:12 INFO  : Context for processor 'microblaze_0' is selected.
10:14:12 INFO  : System reset is completed.
10:14:15 INFO  : 'after 3000' command is executed.
10:14:15 INFO  : Context for processor 'microblaze_0' is selected.
10:14:15 INFO  : The application 'E:/kevin/myCode/microBlaze100/vitisJson/syncMain/Debug/syncMain.elf' is downloaded to processor 'microblaze_0'.
10:14:15 INFO  : ----------------XSDB Script----------------
connect -url tcp:127.0.0.1:3121
targets -set -filter {jtag_cable_name =~ "Digilent JTAG-HS2 201706300081" && level==0 && jtag_device_ctx=="jsn-JTAG-HS2-201706300081-13631093-0"}
fpga -file E:/kevin/myCode/microBlaze100/vitisJson/syncMain/_ide/bitstream/design_1_wrapper.bit
targets -set -nocase -filter {name =~ "*microblaze*#0" && bscan=="USER2" }
loadhw -hw E:/kevin/myCode/microBlaze100/vitisJson/syncBlaze/export/syncBlaze/hw/design_1_wrapper.xsa -regs
configparams mdm-detect-bscan-mask 2
targets -set -nocase -filter {name =~ "*microblaze*#0" && bscan=="USER2" }
rst -system
after 3000
targets -set -nocase -filter {name =~ "*microblaze*#0" && bscan=="USER2" }
dow E:/kevin/myCode/microBlaze100/vitisJson/syncMain/Debug/syncMain.elf
----------------End of Script----------------

10:14:15 INFO  : Context for processor 'microblaze_0' is selected.
10:14:15 INFO  : 'con' command is executed.
10:14:15 INFO  : ----------------XSDB Script (After Launch)----------------
targets -set -nocase -filter {name =~ "*microblaze*#0" && bscan=="USER2" }
con
----------------End of Script----------------

10:14:15 INFO  : Launch script is exported to file 'E:\kevin\myCode\microBlaze100\vitisJson\syncMain_system\_ide\scripts\systemdebugger_syncmain_system_standalone.tcl'
10:38:25 INFO  : Disconnected from the channel tcfchan#29.
10:38:27 INFO  : Checking for BSP changes to sync application flags for project 'syncMain'...
10:38:34 INFO  : Connected to target on host '127.0.0.1' and port '3121'.
10:38:34 INFO  : Jtag cable 'Digilent JTAG-HS2 201706300081' is selected.
10:38:34 INFO  : 'jtag frequency' command is executed.
10:38:34 INFO  : 'targets -set -filter {jtag_cable_name =~ "Digilent JTAG-HS2 201706300081" && level==0 && jtag_device_ctx=="jsn-JTAG-HS2-201706300081-13631093-0"}' command is executed.
10:38:38 INFO  : Device configured successfully with "E:/kevin/myCode/microBlaze100/vitisJson/syncMain/_ide/bitstream/design_1_wrapper.bit"
10:38:38 INFO  : Context for processor 'microblaze_0' is selected.
10:38:38 INFO  : Hardware design and registers information is loaded from 'E:/kevin/myCode/microBlaze100/vitisJson/syncBlaze/export/syncBlaze/hw/design_1_wrapper.xsa'.
10:38:38 INFO  : 'configparams mdm-detect-bscan-mask 2' command is executed.
10:38:38 INFO  : Context for processor 'microblaze_0' is selected.
10:38:38 INFO  : System reset is completed.
10:38:41 INFO  : 'after 3000' command is executed.
10:38:41 INFO  : Context for processor 'microblaze_0' is selected.
10:38:41 INFO  : The application 'E:/kevin/myCode/microBlaze100/vitisJson/syncMain/Debug/syncMain.elf' is downloaded to processor 'microblaze_0'.
10:38:41 INFO  : ----------------XSDB Script----------------
connect -url tcp:127.0.0.1:3121
targets -set -filter {jtag_cable_name =~ "Digilent JTAG-HS2 201706300081" && level==0 && jtag_device_ctx=="jsn-JTAG-HS2-201706300081-13631093-0"}
fpga -file E:/kevin/myCode/microBlaze100/vitisJson/syncMain/_ide/bitstream/design_1_wrapper.bit
targets -set -nocase -filter {name =~ "*microblaze*#0" && bscan=="USER2" }
loadhw -hw E:/kevin/myCode/microBlaze100/vitisJson/syncBlaze/export/syncBlaze/hw/design_1_wrapper.xsa -regs
configparams mdm-detect-bscan-mask 2
targets -set -nocase -filter {name =~ "*microblaze*#0" && bscan=="USER2" }
rst -system
after 3000
targets -set -nocase -filter {name =~ "*microblaze*#0" && bscan=="USER2" }
dow E:/kevin/myCode/microBlaze100/vitisJson/syncMain/Debug/syncMain.elf
----------------End of Script----------------

10:38:41 INFO  : Context for processor 'microblaze_0' is selected.
10:38:41 INFO  : 'con' command is executed.
10:38:41 INFO  : ----------------XSDB Script (After Launch)----------------
targets -set -nocase -filter {name =~ "*microblaze*#0" && bscan=="USER2" }
con
----------------End of Script----------------

10:38:41 INFO  : Launch script is exported to file 'E:\kevin\myCode\microBlaze100\vitisJson\syncMain_system\_ide\scripts\systemdebugger_syncmain_system_standalone.tcl'
10:42:18 INFO  : Disconnected from the channel tcfchan#30.
10:42:20 INFO  : Connected to target on host '127.0.0.1' and port '3121'.
10:42:20 INFO  : Jtag cable 'Digilent JTAG-HS2 201706300081' is selected.
10:42:20 INFO  : 'jtag frequency' command is executed.
10:42:20 INFO  : 'targets -set -filter {jtag_cable_name =~ "Digilent JTAG-HS2 201706300081" && level==0 && jtag_device_ctx=="jsn-JTAG-HS2-201706300081-13631093-0"}' command is executed.
10:42:23 INFO  : Device configured successfully with "E:/kevin/myCode/microBlaze100/vitisJson/syncMain/_ide/bitstream/design_1_wrapper.bit"
10:42:23 INFO  : Context for processor 'microblaze_0' is selected.
10:42:23 INFO  : Hardware design and registers information is loaded from 'E:/kevin/myCode/microBlaze100/vitisJson/syncBlaze/export/syncBlaze/hw/design_1_wrapper.xsa'.
10:42:23 INFO  : 'configparams mdm-detect-bscan-mask 2' command is executed.
10:42:23 INFO  : Context for processor 'microblaze_0' is selected.
10:42:23 INFO  : System reset is completed.
10:42:26 INFO  : 'after 3000' command is executed.
10:42:26 INFO  : Context for processor 'microblaze_0' is selected.
10:42:27 INFO  : The application 'E:/kevin/myCode/microBlaze100/vitisJson/syncMain/Debug/syncMain.elf' is downloaded to processor 'microblaze_0'.
10:42:27 INFO  : ----------------XSDB Script----------------
connect -url tcp:127.0.0.1:3121
targets -set -filter {jtag_cable_name =~ "Digilent JTAG-HS2 201706300081" && level==0 && jtag_device_ctx=="jsn-JTAG-HS2-201706300081-13631093-0"}
fpga -file E:/kevin/myCode/microBlaze100/vitisJson/syncMain/_ide/bitstream/design_1_wrapper.bit
targets -set -nocase -filter {name =~ "*microblaze*#0" && bscan=="USER2" }
loadhw -hw E:/kevin/myCode/microBlaze100/vitisJson/syncBlaze/export/syncBlaze/hw/design_1_wrapper.xsa -regs
configparams mdm-detect-bscan-mask 2
targets -set -nocase -filter {name =~ "*microblaze*#0" && bscan=="USER2" }
rst -system
after 3000
targets -set -nocase -filter {name =~ "*microblaze*#0" && bscan=="USER2" }
dow E:/kevin/myCode/microBlaze100/vitisJson/syncMain/Debug/syncMain.elf
----------------End of Script----------------

10:42:27 INFO  : Context for processor 'microblaze_0' is selected.
10:42:27 INFO  : 'con' command is executed.
10:42:27 INFO  : ----------------XSDB Script (After Launch)----------------
targets -set -nocase -filter {name =~ "*microblaze*#0" && bscan=="USER2" }
con
----------------End of Script----------------

10:42:27 INFO  : Launch script is exported to file 'E:\kevin\myCode\microBlaze100\vitisJson\syncMain_system\_ide\scripts\systemdebugger_syncmain_system_standalone.tcl'
16:22:08 INFO  : Disconnected from the channel tcfchan#31.
16:22:08 INFO  : Connected to target on host '127.0.0.1' and port '3121'.
16:22:08 INFO  : Jtag cable 'Digilent JTAG-HS2 201706300081' is selected.
16:22:08 INFO  : 'jtag frequency' command is executed.
16:22:08 INFO  : 'targets -set -filter {jtag_cable_name =~ "Digilent JTAG-HS2 201706300081" && level==0 && jtag_device_ctx=="jsn-JTAG-HS2-201706300081-13631093-0"}' command is executed.
16:22:11 INFO  : Device configured successfully with "E:/kevin/myCode/microBlaze100/vitisJson/syncMain/_ide/bitstream/design_1_wrapper.bit"
16:22:11 INFO  : Context for processor 'microblaze_0' is selected.
16:22:11 INFO  : Hardware design and registers information is loaded from 'E:/kevin/myCode/microBlaze100/vitisJson/syncBlaze/export/syncBlaze/hw/design_1_wrapper.xsa'.
16:22:11 INFO  : 'configparams mdm-detect-bscan-mask 2' command is executed.
16:22:11 INFO  : Context for processor 'microblaze_0' is selected.
16:22:11 INFO  : System reset is completed.
16:22:14 INFO  : 'after 3000' command is executed.
16:22:15 INFO  : Context for processor 'microblaze_0' is selected.
16:22:15 INFO  : The application 'E:/kevin/myCode/microBlaze100/vitisJson/syncMain/Debug/syncMain.elf' is downloaded to processor 'microblaze_0'.
16:22:15 INFO  : ----------------XSDB Script----------------
connect -url tcp:127.0.0.1:3121
targets -set -filter {jtag_cable_name =~ "Digilent JTAG-HS2 201706300081" && level==0 && jtag_device_ctx=="jsn-JTAG-HS2-201706300081-13631093-0"}
fpga -file E:/kevin/myCode/microBlaze100/vitisJson/syncMain/_ide/bitstream/design_1_wrapper.bit
targets -set -nocase -filter {name =~ "*microblaze*#0" && bscan=="USER2" }
loadhw -hw E:/kevin/myCode/microBlaze100/vitisJson/syncBlaze/export/syncBlaze/hw/design_1_wrapper.xsa -regs
configparams mdm-detect-bscan-mask 2
targets -set -nocase -filter {name =~ "*microblaze*#0" && bscan=="USER2" }
rst -system
after 3000
targets -set -nocase -filter {name =~ "*microblaze*#0" && bscan=="USER2" }
dow E:/kevin/myCode/microBlaze100/vitisJson/syncMain/Debug/syncMain.elf
----------------End of Script----------------

16:22:15 INFO  : Context for processor 'microblaze_0' is selected.
16:22:15 INFO  : 'con' command is executed.
16:22:15 INFO  : ----------------XSDB Script (After Launch)----------------
targets -set -nocase -filter {name =~ "*microblaze*#0" && bscan=="USER2" }
con
----------------End of Script----------------

16:22:15 INFO  : Launch script is exported to file 'E:\kevin\myCode\microBlaze100\vitisJson\syncMain_system\_ide\scripts\systemdebugger_syncmain_system_standalone.tcl'
16:28:41 INFO  : Disconnected from the channel tcfchan#32.
16:29:20 INFO  : Bit file 'E:/kevin/myCode/microBlaze100/vitisJson/syncMain/_ide/bitstream/download.bit' is generated.
16:29:22 INFO  : Connected to target on host '127.0.0.1' and port '3121'.
16:29:23 INFO  : 'targets -set -filter {jtag_cable_name =~ "Digilent JTAG-HS2 201706300081" && level==0 && jtag_device_ctx=="jsn-JTAG-HS2-201706300081-13631093-0"}' command is executed.
16:29:26 INFO  : Device configured successfully with "E:/kevin/myCode/microBlaze100/vitisJson/syncMain/_ide/bitstream/download.bit"
16:29:51 INFO  : Connected to target on host '127.0.0.1' and port '3121'.
16:29:55 INFO  : Invoking Bootgen: bootgen -arch fpga -image E:/kevin/myCode/microBlaze100/vitisJson/syncMain_system/_ide/flash/bootimage.bif -w -o E:/kevin/myCode/microBlaze100/vitisJson/syncMain_system/_ide/flash/BOOT.bin  -interface spi
16:29:57 INFO  : Bootgen command execution is done.
17:07:36 INFO  : Connected to target on host '127.0.0.1' and port '3121'.
17:07:36 INFO  : Jtag cable 'Digilent JTAG-HS2 201706300081' is selected.
17:07:36 INFO  : 'jtag frequency' command is executed.
17:07:36 INFO  : 'targets -set -filter {jtag_cable_name =~ "Digilent JTAG-HS2 201706300081" && level==0 && jtag_device_ctx=="jsn-JTAG-HS2-201706300081-13631093-0"}' command is executed.
17:07:40 INFO  : Device configured successfully with "E:/kevin/myCode/microBlaze100/vitisJson/syncMain/_ide/bitstream/download.bit"
17:07:40 INFO  : Context for processor 'microblaze_0' is selected.
17:07:40 INFO  : Hardware design and registers information is loaded from 'E:/kevin/myCode/microBlaze100/vitisJson/syncBlaze/export/syncBlaze/hw/design_1_wrapper.xsa'.
17:07:40 INFO  : 'configparams mdm-detect-bscan-mask 2' command is executed.
17:07:40 INFO  : Context for processor 'microblaze_0' is selected.
17:07:40 INFO  : System reset is completed.
17:07:43 INFO  : 'after 3000' command is executed.
17:07:43 INFO  : Context for processor 'microblaze_0' is selected.
17:07:43 INFO  : The application 'E:/kevin/myCode/microBlaze100/vitisJson/syncMain/Debug/syncMain.elf' is downloaded to processor 'microblaze_0'.
17:07:43 INFO  : ----------------XSDB Script----------------
connect -url tcp:127.0.0.1:3121
targets -set -filter {jtag_cable_name =~ "Digilent JTAG-HS2 201706300081" && level==0 && jtag_device_ctx=="jsn-JTAG-HS2-201706300081-13631093-0"}
fpga -file E:/kevin/myCode/microBlaze100/vitisJson/syncMain/_ide/bitstream/download.bit
targets -set -nocase -filter {name =~ "*microblaze*#0" && bscan=="USER2" }
loadhw -hw E:/kevin/myCode/microBlaze100/vitisJson/syncBlaze/export/syncBlaze/hw/design_1_wrapper.xsa -regs
configparams mdm-detect-bscan-mask 2
targets -set -nocase -filter {name =~ "*microblaze*#0" && bscan=="USER2" }
rst -system
after 3000
targets -set -nocase -filter {name =~ "*microblaze*#0" && bscan=="USER2" }
dow E:/kevin/myCode/microBlaze100/vitisJson/syncMain/Debug/syncMain.elf
----------------End of Script----------------

17:07:44 INFO  : Context for processor 'microblaze_0' is selected.
17:07:44 INFO  : 'con' command is executed.
17:07:44 INFO  : ----------------XSDB Script (After Launch)----------------
targets -set -nocase -filter {name =~ "*microblaze*#0" && bscan=="USER2" }
con
----------------End of Script----------------

17:07:44 INFO  : Launch script is exported to file 'E:\kevin\myCode\microBlaze100\vitisJson\syncMain_system\_ide\scripts\systemdebugger_syncmain_system_standalone.tcl'
17:16:38 INFO  : Disconnected from the channel tcfchan#33.
17:16:39 INFO  : Checking for BSP changes to sync application flags for project 'syncMain'...
17:16:52 INFO  : Connected to target on host '127.0.0.1' and port '3121'.
17:16:52 INFO  : Jtag cable 'Digilent JTAG-HS2 201706300081' is selected.
17:16:52 INFO  : 'jtag frequency' command is executed.
17:16:52 INFO  : 'targets -set -filter {jtag_cable_name =~ "Digilent JTAG-HS2 201706300081" && level==0 && jtag_device_ctx=="jsn-JTAG-HS2-201706300081-13631093-0"}' command is executed.
17:16:55 INFO  : Device configured successfully with "E:/kevin/myCode/microBlaze100/vitisJson/syncMain/_ide/bitstream/download.bit"
17:16:55 INFO  : Context for processor 'microblaze_0' is selected.
17:16:55 INFO  : Hardware design and registers information is loaded from 'E:/kevin/myCode/microBlaze100/vitisJson/syncBlaze/export/syncBlaze/hw/design_1_wrapper.xsa'.
17:16:55 INFO  : 'configparams mdm-detect-bscan-mask 2' command is executed.
17:16:55 INFO  : Context for processor 'microblaze_0' is selected.
17:16:55 INFO  : System reset is completed.
17:16:58 INFO  : 'after 3000' command is executed.
17:16:58 INFO  : Context for processor 'microblaze_0' is selected.
17:16:58 INFO  : The application 'E:/kevin/myCode/microBlaze100/vitisJson/syncMain/Debug/syncMain.elf' is downloaded to processor 'microblaze_0'.
17:16:58 INFO  : ----------------XSDB Script----------------
connect -url tcp:127.0.0.1:3121
targets -set -filter {jtag_cable_name =~ "Digilent JTAG-HS2 201706300081" && level==0 && jtag_device_ctx=="jsn-JTAG-HS2-201706300081-13631093-0"}
fpga -file E:/kevin/myCode/microBlaze100/vitisJson/syncMain/_ide/bitstream/download.bit
targets -set -nocase -filter {name =~ "*microblaze*#0" && bscan=="USER2" }
loadhw -hw E:/kevin/myCode/microBlaze100/vitisJson/syncBlaze/export/syncBlaze/hw/design_1_wrapper.xsa -regs
configparams mdm-detect-bscan-mask 2
targets -set -nocase -filter {name =~ "*microblaze*#0" && bscan=="USER2" }
rst -system
after 3000
targets -set -nocase -filter {name =~ "*microblaze*#0" && bscan=="USER2" }
dow E:/kevin/myCode/microBlaze100/vitisJson/syncMain/Debug/syncMain.elf
----------------End of Script----------------

17:16:59 INFO  : Context for processor 'microblaze_0' is selected.
17:16:59 INFO  : 'con' command is executed.
17:16:59 INFO  : ----------------XSDB Script (After Launch)----------------
targets -set -nocase -filter {name =~ "*microblaze*#0" && bscan=="USER2" }
con
----------------End of Script----------------

17:16:59 INFO  : Launch script is exported to file 'E:\kevin\myCode\microBlaze100\vitisJson\syncMain_system\_ide\scripts\systemdebugger_syncmain_system_standalone.tcl'
17:39:12 INFO  : Disconnected from the channel tcfchan#34.
17:39:13 INFO  : Checking for BSP changes to sync application flags for project 'syncMain'...
17:39:18 INFO  : Connected to target on host '127.0.0.1' and port '3121'.
17:39:18 INFO  : Jtag cable 'Digilent JTAG-HS2 201706300081' is selected.
17:39:18 INFO  : 'jtag frequency' command is executed.
17:39:18 INFO  : 'targets -set -filter {jtag_cable_name =~ "Digilent JTAG-HS2 201706300081" && level==0 && jtag_device_ctx=="jsn-JTAG-HS2-201706300081-13631093-0"}' command is executed.
17:39:21 INFO  : Device configured successfully with "E:/kevin/myCode/microBlaze100/vitisJson/syncMain/_ide/bitstream/download.bit"
17:39:21 INFO  : Context for processor 'microblaze_0' is selected.
17:39:21 INFO  : Hardware design and registers information is loaded from 'E:/kevin/myCode/microBlaze100/vitisJson/syncBlaze/export/syncBlaze/hw/design_1_wrapper.xsa'.
17:39:21 INFO  : 'configparams mdm-detect-bscan-mask 2' command is executed.
17:39:21 INFO  : Context for processor 'microblaze_0' is selected.
17:39:21 INFO  : System reset is completed.
17:39:24 INFO  : 'after 3000' command is executed.
17:39:24 INFO  : Context for processor 'microblaze_0' is selected.
17:39:25 INFO  : The application 'E:/kevin/myCode/microBlaze100/vitisJson/syncMain/Debug/syncMain.elf' is downloaded to processor 'microblaze_0'.
17:39:25 INFO  : ----------------XSDB Script----------------
connect -url tcp:127.0.0.1:3121
targets -set -filter {jtag_cable_name =~ "Digilent JTAG-HS2 201706300081" && level==0 && jtag_device_ctx=="jsn-JTAG-HS2-201706300081-13631093-0"}
fpga -file E:/kevin/myCode/microBlaze100/vitisJson/syncMain/_ide/bitstream/download.bit
targets -set -nocase -filter {name =~ "*microblaze*#0" && bscan=="USER2" }
loadhw -hw E:/kevin/myCode/microBlaze100/vitisJson/syncBlaze/export/syncBlaze/hw/design_1_wrapper.xsa -regs
configparams mdm-detect-bscan-mask 2
targets -set -nocase -filter {name =~ "*microblaze*#0" && bscan=="USER2" }
rst -system
after 3000
targets -set -nocase -filter {name =~ "*microblaze*#0" && bscan=="USER2" }
dow E:/kevin/myCode/microBlaze100/vitisJson/syncMain/Debug/syncMain.elf
----------------End of Script----------------

17:39:25 INFO  : Context for processor 'microblaze_0' is selected.
17:39:25 INFO  : 'con' command is executed.
17:39:25 INFO  : ----------------XSDB Script (After Launch)----------------
targets -set -nocase -filter {name =~ "*microblaze*#0" && bscan=="USER2" }
con
----------------End of Script----------------

17:39:25 INFO  : Launch script is exported to file 'E:\kevin\myCode\microBlaze100\vitisJson\syncMain_system\_ide\scripts\systemdebugger_syncmain_system_standalone.tcl'
17:48:04 INFO  : Disconnected from the channel tcfchan#35.
17:48:05 INFO  : Checking for BSP changes to sync application flags for project 'syncMain'...
17:48:23 INFO  : Connected to target on host '127.0.0.1' and port '3121'.
17:48:23 INFO  : Jtag cable 'Digilent JTAG-HS2 201706300081' is selected.
17:48:23 INFO  : 'jtag frequency' command is executed.
17:48:23 INFO  : 'targets -set -filter {jtag_cable_name =~ "Digilent JTAG-HS2 201706300081" && level==0 && jtag_device_ctx=="jsn-JTAG-HS2-201706300081-13631093-0"}' command is executed.
17:48:27 INFO  : Device configured successfully with "E:/kevin/myCode/microBlaze100/vitisJson/syncMain/_ide/bitstream/download.bit"
17:48:27 INFO  : Context for processor 'microblaze_0' is selected.
17:48:27 INFO  : Hardware design and registers information is loaded from 'E:/kevin/myCode/microBlaze100/vitisJson/syncBlaze/export/syncBlaze/hw/design_1_wrapper.xsa'.
17:48:27 INFO  : 'configparams mdm-detect-bscan-mask 2' command is executed.
17:48:27 INFO  : Context for processor 'microblaze_0' is selected.
17:48:27 INFO  : System reset is completed.
17:48:30 INFO  : 'after 3000' command is executed.
17:48:30 INFO  : Context for processor 'microblaze_0' is selected.
17:48:30 INFO  : The application 'E:/kevin/myCode/microBlaze100/vitisJson/syncMain/Debug/syncMain.elf' is downloaded to processor 'microblaze_0'.
17:48:30 INFO  : ----------------XSDB Script----------------
connect -url tcp:127.0.0.1:3121
targets -set -filter {jtag_cable_name =~ "Digilent JTAG-HS2 201706300081" && level==0 && jtag_device_ctx=="jsn-JTAG-HS2-201706300081-13631093-0"}
fpga -file E:/kevin/myCode/microBlaze100/vitisJson/syncMain/_ide/bitstream/download.bit
targets -set -nocase -filter {name =~ "*microblaze*#0" && bscan=="USER2" }
loadhw -hw E:/kevin/myCode/microBlaze100/vitisJson/syncBlaze/export/syncBlaze/hw/design_1_wrapper.xsa -regs
configparams mdm-detect-bscan-mask 2
targets -set -nocase -filter {name =~ "*microblaze*#0" && bscan=="USER2" }
rst -system
after 3000
targets -set -nocase -filter {name =~ "*microblaze*#0" && bscan=="USER2" }
dow E:/kevin/myCode/microBlaze100/vitisJson/syncMain/Debug/syncMain.elf
----------------End of Script----------------

17:48:30 INFO  : Context for processor 'microblaze_0' is selected.
17:48:30 INFO  : 'con' command is executed.
17:48:30 INFO  : ----------------XSDB Script (After Launch)----------------
targets -set -nocase -filter {name =~ "*microblaze*#0" && bscan=="USER2" }
con
----------------End of Script----------------

17:48:30 INFO  : Launch script is exported to file 'E:\kevin\myCode\microBlaze100\vitisJson\syncMain_system\_ide\scripts\systemdebugger_syncmain_system_standalone.tcl'
17:54:15 INFO  : Disconnected from the channel tcfchan#36.
17:54:16 INFO  : Checking for BSP changes to sync application flags for project 'syncMain'...
17:54:19 INFO  : Connected to target on host '127.0.0.1' and port '3121'.
17:54:19 INFO  : Jtag cable 'Digilent JTAG-HS2 201706300081' is selected.
17:54:19 INFO  : 'jtag frequency' command is executed.
17:54:19 INFO  : 'targets -set -filter {jtag_cable_name =~ "Digilent JTAG-HS2 201706300081" && level==0 && jtag_device_ctx=="jsn-JTAG-HS2-201706300081-13631093-0"}' command is executed.
17:54:22 INFO  : Device configured successfully with "E:/kevin/myCode/microBlaze100/vitisJson/syncMain/_ide/bitstream/download.bit"
17:54:22 INFO  : Context for processor 'microblaze_0' is selected.
17:54:22 INFO  : Hardware design and registers information is loaded from 'E:/kevin/myCode/microBlaze100/vitisJson/syncBlaze/export/syncBlaze/hw/design_1_wrapper.xsa'.
17:54:22 INFO  : 'configparams mdm-detect-bscan-mask 2' command is executed.
17:54:22 INFO  : Context for processor 'microblaze_0' is selected.
17:54:22 INFO  : System reset is completed.
17:54:25 INFO  : 'after 3000' command is executed.
17:54:25 INFO  : Context for processor 'microblaze_0' is selected.
17:54:25 INFO  : The application 'E:/kevin/myCode/microBlaze100/vitisJson/syncMain/Debug/syncMain.elf' is downloaded to processor 'microblaze_0'.
17:54:25 INFO  : ----------------XSDB Script----------------
connect -url tcp:127.0.0.1:3121
targets -set -filter {jtag_cable_name =~ "Digilent JTAG-HS2 201706300081" && level==0 && jtag_device_ctx=="jsn-JTAG-HS2-201706300081-13631093-0"}
fpga -file E:/kevin/myCode/microBlaze100/vitisJson/syncMain/_ide/bitstream/download.bit
targets -set -nocase -filter {name =~ "*microblaze*#0" && bscan=="USER2" }
loadhw -hw E:/kevin/myCode/microBlaze100/vitisJson/syncBlaze/export/syncBlaze/hw/design_1_wrapper.xsa -regs
configparams mdm-detect-bscan-mask 2
targets -set -nocase -filter {name =~ "*microblaze*#0" && bscan=="USER2" }
rst -system
after 3000
targets -set -nocase -filter {name =~ "*microblaze*#0" && bscan=="USER2" }
dow E:/kevin/myCode/microBlaze100/vitisJson/syncMain/Debug/syncMain.elf
----------------End of Script----------------

17:54:26 INFO  : Context for processor 'microblaze_0' is selected.
17:54:26 INFO  : 'con' command is executed.
17:54:26 INFO  : ----------------XSDB Script (After Launch)----------------
targets -set -nocase -filter {name =~ "*microblaze*#0" && bscan=="USER2" }
con
----------------End of Script----------------

17:54:26 INFO  : Launch script is exported to file 'E:\kevin\myCode\microBlaze100\vitisJson\syncMain_system\_ide\scripts\systemdebugger_syncmain_system_standalone.tcl'
18:15:59 INFO  : Disconnected from the channel tcfchan#37.
18:16:03 INFO  : Checking for BSP changes to sync application flags for project 'syncMain'...
18:16:17 INFO  : Connected to target on host '127.0.0.1' and port '3121'.
18:16:17 INFO  : Jtag cable 'Digilent JTAG-HS2 201706300081' is selected.
18:16:17 INFO  : 'jtag frequency' command is executed.
18:16:17 INFO  : 'targets -set -filter {jtag_cable_name =~ "Digilent JTAG-HS2 201706300081" && level==0 && jtag_device_ctx=="jsn-JTAG-HS2-201706300081-13631093-0"}' command is executed.
18:16:20 INFO  : Device configured successfully with "E:/kevin/myCode/microBlaze100/vitisJson/syncMain/_ide/bitstream/download.bit"
18:16:20 INFO  : Context for processor 'microblaze_0' is selected.
18:16:20 INFO  : Hardware design and registers information is loaded from 'E:/kevin/myCode/microBlaze100/vitisJson/syncBlaze/export/syncBlaze/hw/design_1_wrapper.xsa'.
18:16:20 INFO  : 'configparams mdm-detect-bscan-mask 2' command is executed.
18:16:21 INFO  : Context for processor 'microblaze_0' is selected.
18:16:21 INFO  : System reset is completed.
18:16:24 INFO  : 'after 3000' command is executed.
18:16:24 INFO  : Context for processor 'microblaze_0' is selected.
18:16:24 INFO  : The application 'E:/kevin/myCode/microBlaze100/vitisJson/syncMain/Debug/syncMain.elf' is downloaded to processor 'microblaze_0'.
18:16:24 INFO  : ----------------XSDB Script----------------
connect -url tcp:127.0.0.1:3121
targets -set -filter {jtag_cable_name =~ "Digilent JTAG-HS2 201706300081" && level==0 && jtag_device_ctx=="jsn-JTAG-HS2-201706300081-13631093-0"}
fpga -file E:/kevin/myCode/microBlaze100/vitisJson/syncMain/_ide/bitstream/download.bit
targets -set -nocase -filter {name =~ "*microblaze*#0" && bscan=="USER2" }
loadhw -hw E:/kevin/myCode/microBlaze100/vitisJson/syncBlaze/export/syncBlaze/hw/design_1_wrapper.xsa -regs
configparams mdm-detect-bscan-mask 2
targets -set -nocase -filter {name =~ "*microblaze*#0" && bscan=="USER2" }
rst -system
after 3000
targets -set -nocase -filter {name =~ "*microblaze*#0" && bscan=="USER2" }
dow E:/kevin/myCode/microBlaze100/vitisJson/syncMain/Debug/syncMain.elf
----------------End of Script----------------

18:16:24 INFO  : Context for processor 'microblaze_0' is selected.
18:16:24 INFO  : 'con' command is executed.
18:16:24 INFO  : ----------------XSDB Script (After Launch)----------------
targets -set -nocase -filter {name =~ "*microblaze*#0" && bscan=="USER2" }
con
----------------End of Script----------------

18:16:24 INFO  : Launch script is exported to file 'E:\kevin\myCode\microBlaze100\vitisJson\syncMain_system\_ide\scripts\systemdebugger_syncmain_system_standalone.tcl'
18:31:54 INFO  : Disconnected from the channel tcfchan#38.
18:31:54 INFO  : Connected to target on host '127.0.0.1' and port '3121'.
18:31:55 INFO  : Jtag cable 'Digilent JTAG-HS2 201706300081' is selected.
18:31:55 INFO  : 'jtag frequency' command is executed.
18:31:55 INFO  : 'targets -set -filter {jtag_cable_name =~ "Digilent JTAG-HS2 201706300081" && level==0 && jtag_device_ctx=="jsn-JTAG-HS2-201706300081-13631093-0"}' command is executed.
18:31:58 INFO  : Device configured successfully with "E:/kevin/myCode/microBlaze100/vitisJson/syncMain/_ide/bitstream/download.bit"
18:31:58 INFO  : Context for processor 'microblaze_0' is selected.
18:31:58 INFO  : Hardware design and registers information is loaded from 'E:/kevin/myCode/microBlaze100/vitisJson/syncBlaze/export/syncBlaze/hw/design_1_wrapper.xsa'.
18:31:58 INFO  : 'configparams mdm-detect-bscan-mask 2' command is executed.
18:31:58 INFO  : Context for processor 'microblaze_0' is selected.
18:31:58 INFO  : System reset is completed.
18:32:01 INFO  : 'after 3000' command is executed.
18:32:01 INFO  : Context for processor 'microblaze_0' is selected.
18:32:01 INFO  : The application 'E:/kevin/myCode/microBlaze100/vitisJson/syncMain/Debug/syncMain.elf' is downloaded to processor 'microblaze_0'.
18:32:01 INFO  : ----------------XSDB Script----------------
connect -url tcp:127.0.0.1:3121
targets -set -filter {jtag_cable_name =~ "Digilent JTAG-HS2 201706300081" && level==0 && jtag_device_ctx=="jsn-JTAG-HS2-201706300081-13631093-0"}
fpga -file E:/kevin/myCode/microBlaze100/vitisJson/syncMain/_ide/bitstream/download.bit
targets -set -nocase -filter {name =~ "*microblaze*#0" && bscan=="USER2" }
loadhw -hw E:/kevin/myCode/microBlaze100/vitisJson/syncBlaze/export/syncBlaze/hw/design_1_wrapper.xsa -regs
configparams mdm-detect-bscan-mask 2
targets -set -nocase -filter {name =~ "*microblaze*#0" && bscan=="USER2" }
rst -system
after 3000
targets -set -nocase -filter {name =~ "*microblaze*#0" && bscan=="USER2" }
dow E:/kevin/myCode/microBlaze100/vitisJson/syncMain/Debug/syncMain.elf
----------------End of Script----------------

18:32:01 INFO  : Context for processor 'microblaze_0' is selected.
18:32:01 INFO  : 'con' command is executed.
18:32:01 INFO  : ----------------XSDB Script (After Launch)----------------
targets -set -nocase -filter {name =~ "*microblaze*#0" && bscan=="USER2" }
con
----------------End of Script----------------

18:32:01 INFO  : Launch script is exported to file 'E:\kevin\myCode\microBlaze100\vitisJson\syncMain_system\_ide\scripts\systemdebugger_syncmain_system_standalone.tcl'
18:32:51 INFO  : Disconnected from the channel tcfchan#39.
18:32:53 INFO  : Connected to target on host '127.0.0.1' and port '3121'.
18:32:53 INFO  : Jtag cable 'Digilent JTAG-HS2 201706300081' is selected.
18:32:53 INFO  : 'jtag frequency' command is executed.
18:32:53 INFO  : 'targets -set -filter {jtag_cable_name =~ "Digilent JTAG-HS2 201706300081" && level==0 && jtag_device_ctx=="jsn-JTAG-HS2-201706300081-13631093-0"}' command is executed.
18:32:56 INFO  : Device configured successfully with "E:/kevin/myCode/microBlaze100/vitisJson/syncMain/_ide/bitstream/download.bit"
18:32:56 INFO  : Context for processor 'microblaze_0' is selected.
18:32:56 INFO  : Hardware design and registers information is loaded from 'E:/kevin/myCode/microBlaze100/vitisJson/syncBlaze/export/syncBlaze/hw/design_1_wrapper.xsa'.
18:32:56 INFO  : 'configparams mdm-detect-bscan-mask 2' command is executed.
18:32:56 INFO  : Context for processor 'microblaze_0' is selected.
18:32:56 INFO  : System reset is completed.
18:32:59 INFO  : 'after 3000' command is executed.
18:32:59 INFO  : Context for processor 'microblaze_0' is selected.
18:33:00 INFO  : The application 'E:/kevin/myCode/microBlaze100/vitisJson/syncMain/Debug/syncMain.elf' is downloaded to processor 'microblaze_0'.
18:33:00 INFO  : ----------------XSDB Script----------------
connect -url tcp:127.0.0.1:3121
targets -set -filter {jtag_cable_name =~ "Digilent JTAG-HS2 201706300081" && level==0 && jtag_device_ctx=="jsn-JTAG-HS2-201706300081-13631093-0"}
fpga -file E:/kevin/myCode/microBlaze100/vitisJson/syncMain/_ide/bitstream/download.bit
targets -set -nocase -filter {name =~ "*microblaze*#0" && bscan=="USER2" }
loadhw -hw E:/kevin/myCode/microBlaze100/vitisJson/syncBlaze/export/syncBlaze/hw/design_1_wrapper.xsa -regs
configparams mdm-detect-bscan-mask 2
targets -set -nocase -filter {name =~ "*microblaze*#0" && bscan=="USER2" }
rst -system
after 3000
targets -set -nocase -filter {name =~ "*microblaze*#0" && bscan=="USER2" }
dow E:/kevin/myCode/microBlaze100/vitisJson/syncMain/Debug/syncMain.elf
----------------End of Script----------------

18:33:00 INFO  : Context for processor 'microblaze_0' is selected.
18:33:00 INFO  : 'con' command is executed.
18:33:00 INFO  : ----------------XSDB Script (After Launch)----------------
targets -set -nocase -filter {name =~ "*microblaze*#0" && bscan=="USER2" }
con
----------------End of Script----------------

18:33:00 INFO  : Launch script is exported to file 'E:\kevin\myCode\microBlaze100\vitisJson\syncMain_system\_ide\scripts\systemdebugger_syncmain_system_standalone.tcl'
18:44:56 INFO  : Disconnected from the channel tcfchan#40.
18:44:58 INFO  : Checking for BSP changes to sync application flags for project 'syncMain'...
18:45:02 INFO  : Connected to target on host '127.0.0.1' and port '3121'.
18:45:02 INFO  : Jtag cable 'Digilent JTAG-HS2 201706300081' is selected.
18:45:02 INFO  : 'jtag frequency' command is executed.
18:45:02 INFO  : 'targets -set -filter {jtag_cable_name =~ "Digilent JTAG-HS2 201706300081" && level==0 && jtag_device_ctx=="jsn-JTAG-HS2-201706300081-13631093-0"}' command is executed.
18:45:06 INFO  : Device configured successfully with "E:/kevin/myCode/microBlaze100/vitisJson/syncMain/_ide/bitstream/download.bit"
18:45:06 INFO  : Context for processor 'microblaze_0' is selected.
18:45:06 INFO  : Hardware design and registers information is loaded from 'E:/kevin/myCode/microBlaze100/vitisJson/syncBlaze/export/syncBlaze/hw/design_1_wrapper.xsa'.
18:45:06 INFO  : 'configparams mdm-detect-bscan-mask 2' command is executed.
18:45:06 INFO  : Context for processor 'microblaze_0' is selected.
18:45:06 INFO  : System reset is completed.
18:45:09 INFO  : 'after 3000' command is executed.
18:45:09 INFO  : Context for processor 'microblaze_0' is selected.
18:45:09 INFO  : The application 'E:/kevin/myCode/microBlaze100/vitisJson/syncMain/Debug/syncMain.elf' is downloaded to processor 'microblaze_0'.
18:45:09 INFO  : ----------------XSDB Script----------------
connect -url tcp:127.0.0.1:3121
targets -set -filter {jtag_cable_name =~ "Digilent JTAG-HS2 201706300081" && level==0 && jtag_device_ctx=="jsn-JTAG-HS2-201706300081-13631093-0"}
fpga -file E:/kevin/myCode/microBlaze100/vitisJson/syncMain/_ide/bitstream/download.bit
targets -set -nocase -filter {name =~ "*microblaze*#0" && bscan=="USER2" }
loadhw -hw E:/kevin/myCode/microBlaze100/vitisJson/syncBlaze/export/syncBlaze/hw/design_1_wrapper.xsa -regs
configparams mdm-detect-bscan-mask 2
targets -set -nocase -filter {name =~ "*microblaze*#0" && bscan=="USER2" }
rst -system
after 3000
targets -set -nocase -filter {name =~ "*microblaze*#0" && bscan=="USER2" }
dow E:/kevin/myCode/microBlaze100/vitisJson/syncMain/Debug/syncMain.elf
----------------End of Script----------------

18:45:09 INFO  : Context for processor 'microblaze_0' is selected.
18:45:09 INFO  : 'con' command is executed.
18:45:09 INFO  : ----------------XSDB Script (After Launch)----------------
targets -set -nocase -filter {name =~ "*microblaze*#0" && bscan=="USER2" }
con
----------------End of Script----------------

18:45:09 INFO  : Launch script is exported to file 'E:\kevin\myCode\microBlaze100\vitisJson\syncMain_system\_ide\scripts\systemdebugger_syncmain_system_standalone.tcl'
11:00:49 INFO  : Disconnected from the channel tcfchan#41.
11:00:49 INFO  : Connected to target on host '127.0.0.1' and port '3121'.
11:00:50 INFO  : Jtag cable 'Digilent JTAG-HS2 201706300081' is selected.
11:00:50 INFO  : 'jtag frequency' command is executed.
11:00:50 INFO  : 'targets -set -filter {jtag_cable_name =~ "Digilent JTAG-HS2 201706300081" && level==0 && jtag_device_ctx=="jsn-JTAG-HS2-201706300081-13631093-0"}' command is executed.
11:00:53 INFO  : Device configured successfully with "E:/kevin/myCode/microBlaze100/vitisJson/syncMain/_ide/bitstream/download.bit"
11:00:53 INFO  : Context for processor 'microblaze_0' is selected.
11:00:53 INFO  : Hardware design and registers information is loaded from 'E:/kevin/myCode/microBlaze100/vitisJson/syncBlaze/export/syncBlaze/hw/design_1_wrapper.xsa'.
11:00:53 INFO  : 'configparams mdm-detect-bscan-mask 2' command is executed.
11:00:53 INFO  : Context for processor 'microblaze_0' is selected.
11:00:53 INFO  : System reset is completed.
11:00:56 INFO  : 'after 3000' command is executed.
11:00:56 INFO  : Context for processor 'microblaze_0' is selected.
11:00:56 INFO  : The application 'E:/kevin/myCode/microBlaze100/vitisJson/syncMain/Debug/syncMain.elf' is downloaded to processor 'microblaze_0'.
11:00:56 INFO  : ----------------XSDB Script----------------
connect -url tcp:127.0.0.1:3121
targets -set -filter {jtag_cable_name =~ "Digilent JTAG-HS2 201706300081" && level==0 && jtag_device_ctx=="jsn-JTAG-HS2-201706300081-13631093-0"}
fpga -file E:/kevin/myCode/microBlaze100/vitisJson/syncMain/_ide/bitstream/download.bit
targets -set -nocase -filter {name =~ "*microblaze*#0" && bscan=="USER2" }
loadhw -hw E:/kevin/myCode/microBlaze100/vitisJson/syncBlaze/export/syncBlaze/hw/design_1_wrapper.xsa -regs
configparams mdm-detect-bscan-mask 2
targets -set -nocase -filter {name =~ "*microblaze*#0" && bscan=="USER2" }
rst -system
after 3000
targets -set -nocase -filter {name =~ "*microblaze*#0" && bscan=="USER2" }
dow E:/kevin/myCode/microBlaze100/vitisJson/syncMain/Debug/syncMain.elf
----------------End of Script----------------

11:00:56 INFO  : Context for processor 'microblaze_0' is selected.
11:00:56 INFO  : 'con' command is executed.
11:00:56 INFO  : ----------------XSDB Script (After Launch)----------------
targets -set -nocase -filter {name =~ "*microblaze*#0" && bscan=="USER2" }
con
----------------End of Script----------------

11:00:56 INFO  : Launch script is exported to file 'E:\kevin\myCode\microBlaze100\vitisJson\syncMain_system\_ide\scripts\systemdebugger_syncmain_system_standalone.tcl'
11:31:37 INFO  : Disconnected from the channel tcfchan#42.
11:31:37 INFO  : Connected to target on host '127.0.0.1' and port '3121'.
11:31:37 INFO  : Jtag cable 'Digilent JTAG-HS2 201706300081' is selected.
11:31:37 INFO  : 'jtag frequency' command is executed.
11:31:37 INFO  : 'targets -set -filter {jtag_cable_name =~ "Digilent JTAG-HS2 201706300081" && level==0 && jtag_device_ctx=="jsn-JTAG-HS2-201706300081-13631093-0"}' command is executed.
11:31:40 INFO  : Device configured successfully with "E:/kevin/myCode/microBlaze100/vitisJson/syncMain/_ide/bitstream/download.bit"
11:31:40 INFO  : Context for processor 'microblaze_0' is selected.
11:31:40 INFO  : Hardware design and registers information is loaded from 'E:/kevin/myCode/microBlaze100/vitisJson/syncBlaze/export/syncBlaze/hw/design_1_wrapper.xsa'.
11:31:40 INFO  : 'configparams mdm-detect-bscan-mask 2' command is executed.
11:31:40 INFO  : Context for processor 'microblaze_0' is selected.
11:31:40 INFO  : System reset is completed.
11:31:43 INFO  : 'after 3000' command is executed.
11:31:43 INFO  : Context for processor 'microblaze_0' is selected.
11:31:44 INFO  : The application 'E:/kevin/myCode/microBlaze100/vitisJson/syncMain/Debug/syncMain.elf' is downloaded to processor 'microblaze_0'.
11:31:44 INFO  : ----------------XSDB Script----------------
connect -url tcp:127.0.0.1:3121
targets -set -filter {jtag_cable_name =~ "Digilent JTAG-HS2 201706300081" && level==0 && jtag_device_ctx=="jsn-JTAG-HS2-201706300081-13631093-0"}
fpga -file E:/kevin/myCode/microBlaze100/vitisJson/syncMain/_ide/bitstream/download.bit
targets -set -nocase -filter {name =~ "*microblaze*#0" && bscan=="USER2" }
loadhw -hw E:/kevin/myCode/microBlaze100/vitisJson/syncBlaze/export/syncBlaze/hw/design_1_wrapper.xsa -regs
configparams mdm-detect-bscan-mask 2
targets -set -nocase -filter {name =~ "*microblaze*#0" && bscan=="USER2" }
rst -system
after 3000
targets -set -nocase -filter {name =~ "*microblaze*#0" && bscan=="USER2" }
dow E:/kevin/myCode/microBlaze100/vitisJson/syncMain/Debug/syncMain.elf
----------------End of Script----------------

11:31:44 INFO  : Context for processor 'microblaze_0' is selected.
11:31:44 INFO  : 'con' command is executed.
11:31:44 INFO  : ----------------XSDB Script (After Launch)----------------
targets -set -nocase -filter {name =~ "*microblaze*#0" && bscan=="USER2" }
con
----------------End of Script----------------

11:31:44 INFO  : Launch script is exported to file 'E:\kevin\myCode\microBlaze100\vitisJson\syncMain_system\_ide\scripts\systemdebugger_syncmain_system_standalone.tcl'
12:02:15 INFO  : Disconnected from the channel tcfchan#43.
12:02:16 INFO  : Checking for BSP changes to sync application flags for project 'syncMain'...
12:02:21 INFO  : Connected to target on host '127.0.0.1' and port '3121'.
12:02:21 INFO  : Jtag cable 'Digilent JTAG-HS2 201706300081' is selected.
12:02:21 INFO  : 'jtag frequency' command is executed.
12:02:21 INFO  : 'targets -set -filter {jtag_cable_name =~ "Digilent JTAG-HS2 201706300081" && level==0 && jtag_device_ctx=="jsn-JTAG-HS2-201706300081-13631093-0"}' command is executed.
12:02:24 INFO  : Device configured successfully with "E:/kevin/myCode/microBlaze100/vitisJson/syncMain/_ide/bitstream/download.bit"
12:02:24 INFO  : Context for processor 'microblaze_0' is selected.
12:02:24 INFO  : Hardware design and registers information is loaded from 'E:/kevin/myCode/microBlaze100/vitisJson/syncBlaze/export/syncBlaze/hw/design_1_wrapper.xsa'.
12:02:24 INFO  : 'configparams mdm-detect-bscan-mask 2' command is executed.
12:02:24 INFO  : Context for processor 'microblaze_0' is selected.
12:02:24 INFO  : System reset is completed.
12:02:27 INFO  : 'after 3000' command is executed.
12:02:27 INFO  : Context for processor 'microblaze_0' is selected.
12:02:28 INFO  : The application 'E:/kevin/myCode/microBlaze100/vitisJson/syncMain/Debug/syncMain.elf' is downloaded to processor 'microblaze_0'.
12:02:28 INFO  : ----------------XSDB Script----------------
connect -url tcp:127.0.0.1:3121
targets -set -filter {jtag_cable_name =~ "Digilent JTAG-HS2 201706300081" && level==0 && jtag_device_ctx=="jsn-JTAG-HS2-201706300081-13631093-0"}
fpga -file E:/kevin/myCode/microBlaze100/vitisJson/syncMain/_ide/bitstream/download.bit
targets -set -nocase -filter {name =~ "*microblaze*#0" && bscan=="USER2" }
loadhw -hw E:/kevin/myCode/microBlaze100/vitisJson/syncBlaze/export/syncBlaze/hw/design_1_wrapper.xsa -regs
configparams mdm-detect-bscan-mask 2
targets -set -nocase -filter {name =~ "*microblaze*#0" && bscan=="USER2" }
rst -system
after 3000
targets -set -nocase -filter {name =~ "*microblaze*#0" && bscan=="USER2" }
dow E:/kevin/myCode/microBlaze100/vitisJson/syncMain/Debug/syncMain.elf
----------------End of Script----------------

12:02:28 INFO  : Context for processor 'microblaze_0' is selected.
12:02:28 INFO  : 'con' command is executed.
12:02:28 INFO  : ----------------XSDB Script (After Launch)----------------
targets -set -nocase -filter {name =~ "*microblaze*#0" && bscan=="USER2" }
con
----------------End of Script----------------

12:02:28 INFO  : Launch script is exported to file 'E:\kevin\myCode\microBlaze100\vitisJson\syncMain_system\_ide\scripts\systemdebugger_syncmain_system_standalone.tcl'
13:28:50 INFO  : Disconnected from the channel tcfchan#44.
13:28:52 INFO  : Checking for BSP changes to sync application flags for project 'syncMain'...
13:28:56 INFO  : Connected to target on host '127.0.0.1' and port '3121'.
13:28:56 INFO  : Jtag cable 'Digilent JTAG-HS2 201706300081' is selected.
13:28:56 INFO  : 'jtag frequency' command is executed.
13:28:56 INFO  : 'targets -set -filter {jtag_cable_name =~ "Digilent JTAG-HS2 201706300081" && level==0 && jtag_device_ctx=="jsn-JTAG-HS2-201706300081-13631093-0"}' command is executed.
13:29:00 INFO  : Device configured successfully with "E:/kevin/myCode/microBlaze100/vitisJson/syncMain/_ide/bitstream/download.bit"
13:29:00 INFO  : Context for processor 'microblaze_0' is selected.
13:29:00 INFO  : Hardware design and registers information is loaded from 'E:/kevin/myCode/microBlaze100/vitisJson/syncBlaze/export/syncBlaze/hw/design_1_wrapper.xsa'.
13:29:00 INFO  : 'configparams mdm-detect-bscan-mask 2' command is executed.
13:29:00 INFO  : Context for processor 'microblaze_0' is selected.
13:29:00 INFO  : System reset is completed.
13:29:03 INFO  : 'after 3000' command is executed.
13:29:03 INFO  : Context for processor 'microblaze_0' is selected.
13:29:03 INFO  : The application 'E:/kevin/myCode/microBlaze100/vitisJson/syncMain/Debug/syncMain.elf' is downloaded to processor 'microblaze_0'.
13:29:03 INFO  : ----------------XSDB Script----------------
connect -url tcp:127.0.0.1:3121
targets -set -filter {jtag_cable_name =~ "Digilent JTAG-HS2 201706300081" && level==0 && jtag_device_ctx=="jsn-JTAG-HS2-201706300081-13631093-0"}
fpga -file E:/kevin/myCode/microBlaze100/vitisJson/syncMain/_ide/bitstream/download.bit
targets -set -nocase -filter {name =~ "*microblaze*#0" && bscan=="USER2" }
loadhw -hw E:/kevin/myCode/microBlaze100/vitisJson/syncBlaze/export/syncBlaze/hw/design_1_wrapper.xsa -regs
configparams mdm-detect-bscan-mask 2
targets -set -nocase -filter {name =~ "*microblaze*#0" && bscan=="USER2" }
rst -system
after 3000
targets -set -nocase -filter {name =~ "*microblaze*#0" && bscan=="USER2" }
dow E:/kevin/myCode/microBlaze100/vitisJson/syncMain/Debug/syncMain.elf
----------------End of Script----------------

13:29:03 INFO  : Context for processor 'microblaze_0' is selected.
13:29:03 INFO  : 'con' command is executed.
13:29:03 INFO  : ----------------XSDB Script (After Launch)----------------
targets -set -nocase -filter {name =~ "*microblaze*#0" && bscan=="USER2" }
con
----------------End of Script----------------

13:29:03 INFO  : Launch script is exported to file 'E:\kevin\myCode\microBlaze100\vitisJson\syncMain_system\_ide\scripts\systemdebugger_syncmain_system_standalone.tcl'
13:29:13 INFO  : Checking for BSP changes to sync application flags for project 'syncMain'...
13:29:17 INFO  : Disconnected from the channel tcfchan#45.
13:29:19 INFO  : Connected to target on host '127.0.0.1' and port '3121'.
13:29:19 INFO  : Jtag cable 'Digilent JTAG-HS2 201706300081' is selected.
13:29:19 INFO  : 'jtag frequency' command is executed.
13:29:19 INFO  : 'targets -set -filter {jtag_cable_name =~ "Digilent JTAG-HS2 201706300081" && level==0 && jtag_device_ctx=="jsn-JTAG-HS2-201706300081-13631093-0"}' command is executed.
13:29:22 INFO  : Device configured successfully with "E:/kevin/myCode/microBlaze100/vitisJson/syncMain/_ide/bitstream/download.bit"
13:29:22 INFO  : Context for processor 'microblaze_0' is selected.
13:29:22 INFO  : Hardware design and registers information is loaded from 'E:/kevin/myCode/microBlaze100/vitisJson/syncBlaze/export/syncBlaze/hw/design_1_wrapper.xsa'.
13:29:22 INFO  : 'configparams mdm-detect-bscan-mask 2' command is executed.
13:29:22 INFO  : Context for processor 'microblaze_0' is selected.
13:29:22 INFO  : System reset is completed.
13:29:25 INFO  : 'after 3000' command is executed.
13:29:25 INFO  : Context for processor 'microblaze_0' is selected.
13:29:26 INFO  : The application 'E:/kevin/myCode/microBlaze100/vitisJson/syncMain/Debug/syncMain.elf' is downloaded to processor 'microblaze_0'.
13:29:26 INFO  : ----------------XSDB Script----------------
connect -url tcp:127.0.0.1:3121
targets -set -filter {jtag_cable_name =~ "Digilent JTAG-HS2 201706300081" && level==0 && jtag_device_ctx=="jsn-JTAG-HS2-201706300081-13631093-0"}
fpga -file E:/kevin/myCode/microBlaze100/vitisJson/syncMain/_ide/bitstream/download.bit
targets -set -nocase -filter {name =~ "*microblaze*#0" && bscan=="USER2" }
loadhw -hw E:/kevin/myCode/microBlaze100/vitisJson/syncBlaze/export/syncBlaze/hw/design_1_wrapper.xsa -regs
configparams mdm-detect-bscan-mask 2
targets -set -nocase -filter {name =~ "*microblaze*#0" && bscan=="USER2" }
rst -system
after 3000
targets -set -nocase -filter {name =~ "*microblaze*#0" && bscan=="USER2" }
dow E:/kevin/myCode/microBlaze100/vitisJson/syncMain/Debug/syncMain.elf
----------------End of Script----------------

13:29:26 INFO  : Context for processor 'microblaze_0' is selected.
13:29:26 INFO  : 'con' command is executed.
13:29:26 INFO  : ----------------XSDB Script (After Launch)----------------
targets -set -nocase -filter {name =~ "*microblaze*#0" && bscan=="USER2" }
con
----------------End of Script----------------

13:29:26 INFO  : Launch script is exported to file 'E:\kevin\myCode\microBlaze100\vitisJson\syncMain_system\_ide\scripts\systemdebugger_syncmain_system_standalone.tcl'
16:09:33 INFO  : Disconnected from the channel tcfchan#46.
16:09:34 INFO  : Checking for BSP changes to sync application flags for project 'syncMain'...
16:09:48 INFO  : Checking for BSP changes to sync application flags for project 'syncMain'...
16:09:54 INFO  : Checking for BSP changes to sync application flags for project 'syncMain'...
16:15:40 INFO  : Checking for BSP changes to sync application flags for project 'syncMain'...
16:16:02 INFO  : Checking for BSP changes to sync application flags for project 'syncMain'...
16:27:24 INFO  : Checking for BSP changes to sync application flags for project 'syncMain'...
16:28:23 INFO  : Checking for BSP changes to sync application flags for project 'syncMain'...
16:28:43 INFO  : Connected to target on host '127.0.0.1' and port '3121'.
16:28:43 INFO  : Jtag cable 'Digilent JTAG-HS2 201706300081' is selected.
16:28:43 INFO  : 'jtag frequency' command is executed.
16:28:43 INFO  : 'targets -set -filter {jtag_cable_name =~ "Digilent JTAG-HS2 201706300081" && level==0 && jtag_device_ctx=="jsn-JTAG-HS2-201706300081-13631093-0"}' command is executed.
16:28:47 INFO  : Device configured successfully with "E:/kevin/myCode/microBlaze100/vitisJson/syncMain/_ide/bitstream/download.bit"
16:28:47 INFO  : Context for processor 'microblaze_0' is selected.
16:28:47 INFO  : Hardware design and registers information is loaded from 'E:/kevin/myCode/microBlaze100/vitisJson/syncBlaze/export/syncBlaze/hw/design_1_wrapper.xsa'.
16:28:47 INFO  : 'configparams mdm-detect-bscan-mask 2' command is executed.
16:28:47 INFO  : Context for processor 'microblaze_0' is selected.
16:28:47 INFO  : System reset is completed.
16:28:50 INFO  : 'after 3000' command is executed.
16:28:50 INFO  : Context for processor 'microblaze_0' is selected.
16:28:50 INFO  : The application 'E:/kevin/myCode/microBlaze100/vitisJson/syncMain/Debug/syncMain.elf' is downloaded to processor 'microblaze_0'.
16:28:50 INFO  : ----------------XSDB Script----------------
connect -url tcp:127.0.0.1:3121
targets -set -filter {jtag_cable_name =~ "Digilent JTAG-HS2 201706300081" && level==0 && jtag_device_ctx=="jsn-JTAG-HS2-201706300081-13631093-0"}
fpga -file E:/kevin/myCode/microBlaze100/vitisJson/syncMain/_ide/bitstream/download.bit
targets -set -nocase -filter {name =~ "*microblaze*#0" && bscan=="USER2" }
loadhw -hw E:/kevin/myCode/microBlaze100/vitisJson/syncBlaze/export/syncBlaze/hw/design_1_wrapper.xsa -regs
configparams mdm-detect-bscan-mask 2
targets -set -nocase -filter {name =~ "*microblaze*#0" && bscan=="USER2" }
rst -system
after 3000
targets -set -nocase -filter {name =~ "*microblaze*#0" && bscan=="USER2" }
dow E:/kevin/myCode/microBlaze100/vitisJson/syncMain/Debug/syncMain.elf
----------------End of Script----------------

16:28:50 INFO  : Context for processor 'microblaze_0' is selected.
16:28:50 INFO  : 'con' command is executed.
16:28:50 INFO  : ----------------XSDB Script (After Launch)----------------
targets -set -nocase -filter {name =~ "*microblaze*#0" && bscan=="USER2" }
con
----------------End of Script----------------

16:28:50 INFO  : Launch script is exported to file 'E:\kevin\myCode\microBlaze100\vitisJson\syncMain_system\_ide\scripts\systemdebugger_syncmain_system_standalone.tcl'
16:29:53 INFO  : Hardware specification for platform project 'syncBlaze' is updated.
16:30:20 INFO  : Result from executing command 'getProjects': syncBlaze
16:30:20 INFO  : Result from executing command 'getPlatforms': syncBlaze|E:/kevin/myCode/microBlaze100/vitisJson/syncBlaze/export/syncBlaze/syncBlaze.xpfm;xilinx_vck190_base_202220_1|D:/Xilinx202202/Vitis/2022.2/base_platforms/xilinx_vck190_base_202220_1/xilinx_vck190_base_202220_1.xpfm;xilinx_vck190_base_dfx_202220_1|D:/Xilinx202202/Vitis/2022.2/base_platforms/xilinx_vck190_base_dfx_202220_1/xilinx_vck190_base_dfx_202220_1.xpfm;xilinx_vmk180_base_202220_1|D:/Xilinx202202/Vitis/2022.2/base_platforms/xilinx_vmk180_base_202220_1/xilinx_vmk180_base_202220_1.xpfm;xilinx_zcu102_base_202220_1|D:/Xilinx202202/Vitis/2022.2/base_platforms/xilinx_zcu102_base_202220_1/xilinx_zcu102_base_202220_1.xpfm;xilinx_zcu102_base_dfx_202220_1|D:/Xilinx202202/Vitis/2022.2/base_platforms/xilinx_zcu102_base_dfx_202220_1/xilinx_zcu102_base_dfx_202220_1.xpfm;xilinx_zcu104_base_202220_1|D:/Xilinx202202/Vitis/2022.2/base_platforms/xilinx_zcu104_base_202220_1/xilinx_zcu104_base_202220_1.xpfm
16:30:31 ERROR : XSCT server calls should not be made from TCF thread.
java.lang.RuntimeException: XSCT server calls should not be made from TCF thread.
	at com.xilinx.sdk.xsdb.XSDBCommandManager.issueAndWait(XSDBCommandManager.java:392) [com.xilinx.sdk.xsdb_1.0.0.202210132147.jar:?]
	at com.xilinx.sdk.xsdb.XsdbCommandUtils.executeAndRespond(XsdbCommandUtils.java:325) [com.xilinx.sdk.xsdb_1.0.0.202210132147.jar:?]
	at com.xilinx.sdk.hw.internal.HwPlatform.dispose(HwPlatform.java:1325) [com.xilinx.sdk.hw_1.0.0.202210132147.jar:?]
	at com.xilinx.sdk.hw.internal.HwSpecFactory.removeHwSpec(HwSpecFactory.java:92) [com.xilinx.sdk.hw_1.0.0.202210132147.jar:?]
	at com.xilinx.sdk.hw.internal.HwSpecFactory.validateGetFromCache(HwSpecFactory.java:78) [com.xilinx.sdk.hw_1.0.0.202210132147.jar:?]
	at com.xilinx.sdk.hw.internal.HwSpecFactory.createHwSpec(HwSpecFactory.java:48) [com.xilinx.sdk.hw_1.0.0.202210132147.jar:?]
	at com.xilinx.sdx.sdsoc.debug.ui.SdsLaunchConfigUtil.createHwPlatform(SdsLaunchConfigUtil.java:57) [com.xilinx.sdx.sdsoc.debug.ui_1.0.0.202210132147.jar:?]
	at com.xilinx.sdx.sdsoc.debug.ui.SdsLaunchConfigModel.iniHwPlatform(SdsLaunchConfigModel.java:187) [com.xilinx.sdx.sdsoc.debug.ui_1.0.0.202210132147.jar:?]
	at com.xilinx.sdk.tcf.internal.debug.ui.common.BaseLaunchConfigModel.getHwPlatform(BaseLaunchConfigModel.java:577) [com.xilinx.sdk.tcf.debug_1.0.0.202210132147.jar:?]
	at com.xilinx.sdk.tcf.internal.debug.ui.common.BaseLaunchConfigModel.readCrossTriggerModel(BaseLaunchConfigModel.java:173) [com.xilinx.sdk.tcf.debug_1.0.0.202210132147.jar:?]
	at com.xilinx.sdk.tcf.internal.debug.ui.common.BaseLaunchConfigModel.readAndSetAttributes(BaseLaunchConfigModel.java:156) [com.xilinx.sdk.tcf.debug_1.0.0.202210132147.jar:?]
	at com.xilinx.sdx.sdsoc.debug.ui.SdsLaunchConfigModel.newInstance(SdsLaunchConfigModel.java:109) [com.xilinx.sdx.sdsoc.debug.ui_1.0.0.202210132147.jar:?]
	at com.xilinx.sdx.sdsoc.debug.launch.SdsTcfLaunchDelegate.createConfigModel(SdsTcfLaunchDelegate.java:85) [com.xilinx.sdx.sdsoc.debug_1.0.0.202210132147.jar:?]
	at com.xilinx.sdx.sdsoc.debug.launch.SdsTcfLaunchDelegate.generateReports(SdsTcfLaunchDelegate.java:641) [com.xilinx.sdx.sdsoc.debug_1.0.0.202210132147.jar:?]
	at com.xilinx.sdx.sdsoc.debug.launch.SdsTcfLaunchDelegate.onDisconnected(SdsTcfLaunchDelegate.java:615) [com.xilinx.sdx.sdsoc.debug_1.0.0.202210132147.jar:?]
	at org.eclipse.tcf.internal.debug.ui.model.TCFModelManager$1.onDisconnected(TCFModelManager.java:79) [org.eclipse.tcf.debug.ui_1.7.0.202210132147.jar:?]
	at org.eclipse.tcf.internal.debug.model.TCFLaunch.onDisconnected(TCFLaunch.java:532) [org.eclipse.tcf.debug_1.7.0.202210132147.jar:?]
	at org.eclipse.tcf.internal.debug.model.TCFLaunch$43.onChannelClosed(TCFLaunch.java:1643) [org.eclipse.tcf.debug_1.7.0.202210132147.jar:?]
	at org.eclipse.tcf.core.AbstractChannel$9.run(AbstractChannel.java:858) [org.eclipse.tcf.core_1.7.0.202210132147.jar:?]
	at org.eclipse.tcf.EventQueue.run(EventQueue.java:98) [org.eclipse.tcf_1.7.0.202210132147.jar:?]
	at java.lang.Thread.run(Thread.java:829) [?:?]
16:30:31 INFO  : Disconnected from the channel tcfchan#47.
16:30:33 INFO  : The hardware specification used by project 'syncMain' is out of sync with the platform. Resource files extracted from the hardware specification will be updated.
16:30:33 INFO  : The file 'E:\kevin\myCode\microBlaze100\vitisJson\syncMain\_ide\bitstream\design_1_wrapper.bit' stored in project is removed.
16:30:33 INFO  : The file 'E:\kevin\myCode\microBlaze100\vitisJson\syncMain\_ide\bitstream\design_1_wrapper.mmi' stored in project is removed.
16:30:33 INFO  : The file 'E:\kevin\myCode\microBlaze100\vitisJson\syncMain\_ide\bitstream\download.bit' stored in project is removed.
16:30:33 INFO  : The updated bitstream files are copied from platform to folder 'E:\kevin\myCode\microBlaze100\vitisJson\syncMain\_ide\bitstream' in project 'syncMain'.
16:30:34 INFO  : Connected to target on host '127.0.0.1' and port '3121'.
16:30:34 INFO  : Jtag cable 'Digilent JTAG-HS2 201706300081' is selected.
16:30:34 INFO  : 'jtag frequency' command is executed.
16:30:34 INFO  : 'targets -set -filter {jtag_cable_name =~ "Digilent JTAG-HS2 201706300081" && level==0 && jtag_device_ctx=="jsn-JTAG-HS2-201706300081-13631093-0"}' command is executed.
16:30:34 ERROR : couldn't open "E:/kevin/myCode/microBlaze100/vitisJson/syncMain/_ide/bitstream/download.bit": no such file or directory
16:30:34 ERROR : Exception occured while running Program Device.
java.lang.RuntimeException: couldn't open "E:/kevin/myCode/microBlaze100/vitisJson/syncMain/_ide/bitstream/download.bit": no such file or directory
16:30:34 INFO  : ----------------XSDB Script----------------
connect -url tcp:127.0.0.1:3121
----------------End of Script----------------

16:30:34 ERROR : couldn't open "E:/kevin/myCode/microBlaze100/vitisJson/syncMain/_ide/bitstream/download.bit": no such file or directory
16:30:37 INFO  : Connected to target on host '127.0.0.1' and port '3121'.
16:30:37 INFO  : Jtag cable 'Digilent JTAG-HS2 201706300081' is selected.
16:30:37 INFO  : 'jtag frequency' command is executed.
16:30:37 INFO  : 'targets -set -filter {jtag_cable_name =~ "Digilent JTAG-HS2 201706300081" && level==0 && jtag_device_ctx=="jsn-JTAG-HS2-201706300081-13631093-0"}' command is executed.
16:30:40 INFO  : Device configured successfully with "E:/kevin/myCode/microBlaze100/vitisJson/syncMain/_ide/bitstream/design_1_wrapper.bit"
16:30:40 INFO  : Context for processor 'microblaze_0' is selected.
16:30:41 INFO  : Hardware design and registers information is loaded from 'E:/kevin/myCode/microBlaze100/vitisJson/syncBlaze/export/syncBlaze/hw/design_1_wrapper.xsa'.
16:30:41 INFO  : 'configparams mdm-detect-bscan-mask 2' command is executed.
16:30:41 INFO  : Context for processor 'microblaze_0' is selected.
16:30:41 INFO  : System reset is completed.
16:30:44 INFO  : 'after 3000' command is executed.
16:30:44 INFO  : Context for processor 'microblaze_0' is selected.
16:30:44 INFO  : The application 'E:/kevin/myCode/microBlaze100/vitisJson/syncMain/Debug/syncMain.elf' is downloaded to processor 'microblaze_0'.
16:30:44 INFO  : ----------------XSDB Script----------------
connect -url tcp:127.0.0.1:3121
targets -set -filter {jtag_cable_name =~ "Digilent JTAG-HS2 201706300081" && level==0 && jtag_device_ctx=="jsn-JTAG-HS2-201706300081-13631093-0"}
fpga -file E:/kevin/myCode/microBlaze100/vitisJson/syncMain/_ide/bitstream/design_1_wrapper.bit
targets -set -nocase -filter {name =~ "*microblaze*#0" && bscan=="USER2" }
loadhw -hw E:/kevin/myCode/microBlaze100/vitisJson/syncBlaze/export/syncBlaze/hw/design_1_wrapper.xsa -regs
configparams mdm-detect-bscan-mask 2
targets -set -nocase -filter {name =~ "*microblaze*#0" && bscan=="USER2" }
rst -system
after 3000
targets -set -nocase -filter {name =~ "*microblaze*#0" && bscan=="USER2" }
dow E:/kevin/myCode/microBlaze100/vitisJson/syncMain/Debug/syncMain.elf
----------------End of Script----------------

16:30:44 INFO  : Context for processor 'microblaze_0' is selected.
16:30:44 INFO  : 'con' command is executed.
16:30:44 INFO  : ----------------XSDB Script (After Launch)----------------
targets -set -nocase -filter {name =~ "*microblaze*#0" && bscan=="USER2" }
con
----------------End of Script----------------

16:30:44 INFO  : Launch script is exported to file 'E:\kevin\myCode\microBlaze100\vitisJson\syncMain_system\_ide\scripts\systemdebugger_syncmain_system_standalone.tcl'
16:30:47 INFO  : Checking for BSP changes to sync application flags for project 'syncMain'...
16:30:49 INFO  : Disconnected from the channel tcfchan#49.
16:30:51 INFO  : Connected to target on host '127.0.0.1' and port '3121'.
16:30:51 INFO  : Jtag cable 'Digilent JTAG-HS2 201706300081' is selected.
16:30:51 INFO  : 'jtag frequency' command is executed.
16:30:52 INFO  : 'targets -set -filter {jtag_cable_name =~ "Digilent JTAG-HS2 201706300081" && level==0 && jtag_device_ctx=="jsn-JTAG-HS2-201706300081-13631093-0"}' command is executed.
16:30:55 INFO  : Device configured successfully with "E:/kevin/myCode/microBlaze100/vitisJson/syncMain/_ide/bitstream/design_1_wrapper.bit"
16:30:55 INFO  : Context for processor 'microblaze_0' is selected.
16:30:55 INFO  : Hardware design and registers information is loaded from 'E:/kevin/myCode/microBlaze100/vitisJson/syncBlaze/export/syncBlaze/hw/design_1_wrapper.xsa'.
16:30:55 INFO  : 'configparams mdm-detect-bscan-mask 2' command is executed.
16:30:55 INFO  : Context for processor 'microblaze_0' is selected.
16:30:55 INFO  : System reset is completed.
16:30:58 INFO  : 'after 3000' command is executed.
16:30:58 INFO  : Context for processor 'microblaze_0' is selected.
16:30:58 INFO  : The application 'E:/kevin/myCode/microBlaze100/vitisJson/syncMain/Debug/syncMain.elf' is downloaded to processor 'microblaze_0'.
16:30:58 INFO  : ----------------XSDB Script----------------
connect -url tcp:127.0.0.1:3121
targets -set -filter {jtag_cable_name =~ "Digilent JTAG-HS2 201706300081" && level==0 && jtag_device_ctx=="jsn-JTAG-HS2-201706300081-13631093-0"}
fpga -file E:/kevin/myCode/microBlaze100/vitisJson/syncMain/_ide/bitstream/design_1_wrapper.bit
targets -set -nocase -filter {name =~ "*microblaze*#0" && bscan=="USER2" }
loadhw -hw E:/kevin/myCode/microBlaze100/vitisJson/syncBlaze/export/syncBlaze/hw/design_1_wrapper.xsa -regs
configparams mdm-detect-bscan-mask 2
targets -set -nocase -filter {name =~ "*microblaze*#0" && bscan=="USER2" }
rst -system
after 3000
targets -set -nocase -filter {name =~ "*microblaze*#0" && bscan=="USER2" }
dow E:/kevin/myCode/microBlaze100/vitisJson/syncMain/Debug/syncMain.elf
----------------End of Script----------------

16:30:58 INFO  : Context for processor 'microblaze_0' is selected.
16:30:58 INFO  : 'con' command is executed.
16:30:58 INFO  : ----------------XSDB Script (After Launch)----------------
targets -set -nocase -filter {name =~ "*microblaze*#0" && bscan=="USER2" }
con
----------------End of Script----------------

16:30:58 INFO  : Launch script is exported to file 'E:\kevin\myCode\microBlaze100\vitisJson\syncMain_system\_ide\scripts\systemdebugger_syncmain_system_standalone.tcl'
16:34:39 INFO  : Disconnected from the channel tcfchan#50.
16:35:00 INFO  : Checking for BSP changes to sync application flags for project 'syncMain'...
16:35:05 INFO  : Connected to target on host '127.0.0.1' and port '3121'.
16:35:05 INFO  : Jtag cable 'Digilent JTAG-HS2 201706300081' is selected.
16:35:05 INFO  : 'jtag frequency' command is executed.
16:35:05 INFO  : 'targets -set -filter {jtag_cable_name =~ "Digilent JTAG-HS2 201706300081" && level==0 && jtag_device_ctx=="jsn-JTAG-HS2-201706300081-13631093-0"}' command is executed.
16:35:09 INFO  : Device configured successfully with "E:/kevin/myCode/microBlaze100/vitisJson/syncMain/_ide/bitstream/design_1_wrapper.bit"
16:35:09 INFO  : Context for processor 'microblaze_0' is selected.
16:35:09 INFO  : Hardware design and registers information is loaded from 'E:/kevin/myCode/microBlaze100/vitisJson/syncBlaze/export/syncBlaze/hw/design_1_wrapper.xsa'.
16:35:09 INFO  : 'configparams mdm-detect-bscan-mask 2' command is executed.
16:35:09 INFO  : Context for processor 'microblaze_0' is selected.
16:35:09 INFO  : System reset is completed.
16:35:12 INFO  : 'after 3000' command is executed.
16:35:12 INFO  : Context for processor 'microblaze_0' is selected.
16:35:12 INFO  : The application 'E:/kevin/myCode/microBlaze100/vitisJson/syncMain/Debug/syncMain.elf' is downloaded to processor 'microblaze_0'.
16:35:12 INFO  : ----------------XSDB Script----------------
connect -url tcp:127.0.0.1:3121
targets -set -filter {jtag_cable_name =~ "Digilent JTAG-HS2 201706300081" && level==0 && jtag_device_ctx=="jsn-JTAG-HS2-201706300081-13631093-0"}
fpga -file E:/kevin/myCode/microBlaze100/vitisJson/syncMain/_ide/bitstream/design_1_wrapper.bit
targets -set -nocase -filter {name =~ "*microblaze*#0" && bscan=="USER2" }
loadhw -hw E:/kevin/myCode/microBlaze100/vitisJson/syncBlaze/export/syncBlaze/hw/design_1_wrapper.xsa -regs
configparams mdm-detect-bscan-mask 2
targets -set -nocase -filter {name =~ "*microblaze*#0" && bscan=="USER2" }
rst -system
after 3000
targets -set -nocase -filter {name =~ "*microblaze*#0" && bscan=="USER2" }
dow E:/kevin/myCode/microBlaze100/vitisJson/syncMain/Debug/syncMain.elf
----------------End of Script----------------

16:35:12 INFO  : Context for processor 'microblaze_0' is selected.
16:35:12 INFO  : 'con' command is executed.
16:35:12 INFO  : ----------------XSDB Script (After Launch)----------------
targets -set -nocase -filter {name =~ "*microblaze*#0" && bscan=="USER2" }
con
----------------End of Script----------------

16:35:12 INFO  : Launch script is exported to file 'E:\kevin\myCode\microBlaze100\vitisJson\syncMain_system\_ide\scripts\systemdebugger_syncmain_system_standalone.tcl'
16:38:45 INFO  : Hardware specification for platform project 'syncBlaze' is updated.
16:38:54 INFO  : Result from executing command 'getProjects': syncBlaze
16:38:54 INFO  : Result from executing command 'getPlatforms': syncBlaze|E:/kevin/myCode/microBlaze100/vitisJson/syncBlaze/export/syncBlaze/syncBlaze.xpfm;xilinx_vck190_base_202220_1|D:/Xilinx202202/Vitis/2022.2/base_platforms/xilinx_vck190_base_202220_1/xilinx_vck190_base_202220_1.xpfm;xilinx_vck190_base_dfx_202220_1|D:/Xilinx202202/Vitis/2022.2/base_platforms/xilinx_vck190_base_dfx_202220_1/xilinx_vck190_base_dfx_202220_1.xpfm;xilinx_vmk180_base_202220_1|D:/Xilinx202202/Vitis/2022.2/base_platforms/xilinx_vmk180_base_202220_1/xilinx_vmk180_base_202220_1.xpfm;xilinx_zcu102_base_202220_1|D:/Xilinx202202/Vitis/2022.2/base_platforms/xilinx_zcu102_base_202220_1/xilinx_zcu102_base_202220_1.xpfm;xilinx_zcu102_base_dfx_202220_1|D:/Xilinx202202/Vitis/2022.2/base_platforms/xilinx_zcu102_base_dfx_202220_1/xilinx_zcu102_base_dfx_202220_1.xpfm;xilinx_zcu104_base_202220_1|D:/Xilinx202202/Vitis/2022.2/base_platforms/xilinx_zcu104_base_202220_1/xilinx_zcu104_base_202220_1.xpfm
16:39:17 ERROR : XSCT server calls should not be made from TCF thread.
java.lang.RuntimeException: XSCT server calls should not be made from TCF thread.
	at com.xilinx.sdk.xsdb.XSDBCommandManager.issueAndWait(XSDBCommandManager.java:392) [com.xilinx.sdk.xsdb_1.0.0.202210132147.jar:?]
	at com.xilinx.sdk.xsdb.XsdbCommandUtils.executeAndRespond(XsdbCommandUtils.java:325) [com.xilinx.sdk.xsdb_1.0.0.202210132147.jar:?]
	at com.xilinx.sdk.hw.internal.HwPlatform.dispose(HwPlatform.java:1325) [com.xilinx.sdk.hw_1.0.0.202210132147.jar:?]
	at com.xilinx.sdk.hw.internal.HwSpecFactory.removeHwSpec(HwSpecFactory.java:92) [com.xilinx.sdk.hw_1.0.0.202210132147.jar:?]
	at com.xilinx.sdk.hw.internal.HwSpecFactory.validateGetFromCache(HwSpecFactory.java:78) [com.xilinx.sdk.hw_1.0.0.202210132147.jar:?]
	at com.xilinx.sdk.hw.internal.HwSpecFactory.createHwSpec(HwSpecFactory.java:48) [com.xilinx.sdk.hw_1.0.0.202210132147.jar:?]
	at com.xilinx.sdx.sdsoc.debug.ui.SdsLaunchConfigUtil.createHwPlatform(SdsLaunchConfigUtil.java:57) [com.xilinx.sdx.sdsoc.debug.ui_1.0.0.202210132147.jar:?]
	at com.xilinx.sdx.sdsoc.debug.ui.SdsLaunchConfigModel.iniHwPlatform(SdsLaunchConfigModel.java:187) [com.xilinx.sdx.sdsoc.debug.ui_1.0.0.202210132147.jar:?]
	at com.xilinx.sdk.tcf.internal.debug.ui.common.BaseLaunchConfigModel.getHwPlatform(BaseLaunchConfigModel.java:577) [com.xilinx.sdk.tcf.debug_1.0.0.202210132147.jar:?]
	at com.xilinx.sdk.tcf.internal.debug.ui.common.BaseLaunchConfigModel.readCrossTriggerModel(BaseLaunchConfigModel.java:173) [com.xilinx.sdk.tcf.debug_1.0.0.202210132147.jar:?]
	at com.xilinx.sdk.tcf.internal.debug.ui.common.BaseLaunchConfigModel.readAndSetAttributes(BaseLaunchConfigModel.java:156) [com.xilinx.sdk.tcf.debug_1.0.0.202210132147.jar:?]
	at com.xilinx.sdx.sdsoc.debug.ui.SdsLaunchConfigModel.newInstance(SdsLaunchConfigModel.java:109) [com.xilinx.sdx.sdsoc.debug.ui_1.0.0.202210132147.jar:?]
	at com.xilinx.sdx.sdsoc.debug.launch.SdsTcfLaunchDelegate.createConfigModel(SdsTcfLaunchDelegate.java:85) [com.xilinx.sdx.sdsoc.debug_1.0.0.202210132147.jar:?]
	at com.xilinx.sdx.sdsoc.debug.launch.SdsTcfLaunchDelegate.generateReports(SdsTcfLaunchDelegate.java:641) [com.xilinx.sdx.sdsoc.debug_1.0.0.202210132147.jar:?]
	at com.xilinx.sdx.sdsoc.debug.launch.SdsTcfLaunchDelegate.onDisconnected(SdsTcfLaunchDelegate.java:615) [com.xilinx.sdx.sdsoc.debug_1.0.0.202210132147.jar:?]
	at org.eclipse.tcf.internal.debug.ui.model.TCFModelManager$1.onDisconnected(TCFModelManager.java:79) [org.eclipse.tcf.debug.ui_1.7.0.202210132147.jar:?]
	at org.eclipse.tcf.internal.debug.model.TCFLaunch.onDisconnected(TCFLaunch.java:532) [org.eclipse.tcf.debug_1.7.0.202210132147.jar:?]
	at org.eclipse.tcf.internal.debug.model.TCFLaunch$43.onChannelClosed(TCFLaunch.java:1643) [org.eclipse.tcf.debug_1.7.0.202210132147.jar:?]
	at org.eclipse.tcf.core.AbstractChannel$9.run(AbstractChannel.java:858) [org.eclipse.tcf.core_1.7.0.202210132147.jar:?]
	at org.eclipse.tcf.EventQueue.run(EventQueue.java:98) [org.eclipse.tcf_1.7.0.202210132147.jar:?]
	at java.lang.Thread.run(Thread.java:829) [?:?]
16:39:17 INFO  : Disconnected from the channel tcfchan#51.
16:39:33 INFO  : Checking for BSP changes to sync application flags for project 'syncMain'...
16:39:36 INFO  : The hardware specification used by project 'syncMain' is out of sync with the platform. Resource files extracted from the hardware specification will be updated.
16:39:36 INFO  : The file 'E:\kevin\myCode\microBlaze100\vitisJson\syncMain\_ide\bitstream\design_1_wrapper.bit' stored in project is removed.
16:39:36 INFO  : The file 'E:\kevin\myCode\microBlaze100\vitisJson\syncMain\_ide\bitstream\design_1_wrapper.mmi' stored in project is removed.
16:39:36 INFO  : The updated bitstream files are copied from platform to folder 'E:\kevin\myCode\microBlaze100\vitisJson\syncMain\_ide\bitstream' in project 'syncMain'.
16:39:39 INFO  : Connected to target on host '127.0.0.1' and port '3121'.
16:39:39 INFO  : Jtag cable 'Digilent JTAG-HS2 201706300081' is selected.
16:39:39 INFO  : 'jtag frequency' command is executed.
16:39:39 INFO  : 'targets -set -filter {jtag_cable_name =~ "Digilent JTAG-HS2 201706300081" && level==0 && jtag_device_ctx=="jsn-JTAG-HS2-201706300081-13631093-0"}' command is executed.
16:39:42 INFO  : Device configured successfully with "E:/kevin/myCode/microBlaze100/vitisJson/syncMain/_ide/bitstream/design_1_wrapper.bit"
16:39:42 INFO  : Context for processor 'microblaze_0' is selected.
16:39:42 INFO  : Hardware design and registers information is loaded from 'E:/kevin/myCode/microBlaze100/vitisJson/syncBlaze/export/syncBlaze/hw/design_1_wrapper.xsa'.
16:39:42 INFO  : 'configparams mdm-detect-bscan-mask 2' command is executed.
16:39:42 INFO  : Context for processor 'microblaze_0' is selected.
16:39:42 INFO  : System reset is completed.
16:39:45 INFO  : 'after 3000' command is executed.
16:39:45 INFO  : Context for processor 'microblaze_0' is selected.
16:39:46 INFO  : The application 'E:/kevin/myCode/microBlaze100/vitisJson/syncMain/Debug/syncMain.elf' is downloaded to processor 'microblaze_0'.
16:39:46 INFO  : ----------------XSDB Script----------------
connect -url tcp:127.0.0.1:3121
targets -set -filter {jtag_cable_name =~ "Digilent JTAG-HS2 201706300081" && level==0 && jtag_device_ctx=="jsn-JTAG-HS2-201706300081-13631093-0"}
fpga -file E:/kevin/myCode/microBlaze100/vitisJson/syncMain/_ide/bitstream/design_1_wrapper.bit
targets -set -nocase -filter {name =~ "*microblaze*#0" && bscan=="USER2" }
loadhw -hw E:/kevin/myCode/microBlaze100/vitisJson/syncBlaze/export/syncBlaze/hw/design_1_wrapper.xsa -regs
configparams mdm-detect-bscan-mask 2
targets -set -nocase -filter {name =~ "*microblaze*#0" && bscan=="USER2" }
rst -system
after 3000
targets -set -nocase -filter {name =~ "*microblaze*#0" && bscan=="USER2" }
dow E:/kevin/myCode/microBlaze100/vitisJson/syncMain/Debug/syncMain.elf
----------------End of Script----------------

16:39:46 INFO  : Context for processor 'microblaze_0' is selected.
16:39:46 INFO  : 'con' command is executed.
16:39:46 INFO  : ----------------XSDB Script (After Launch)----------------
targets -set -nocase -filter {name =~ "*microblaze*#0" && bscan=="USER2" }
con
----------------End of Script----------------

16:39:46 INFO  : Launch script is exported to file 'E:\kevin\myCode\microBlaze100\vitisJson\syncMain_system\_ide\scripts\systemdebugger_syncmain_system_standalone.tcl'
16:47:32 INFO  : Checking for BSP changes to sync application flags for project 'syncMain'...
16:47:35 INFO  : Disconnected from the channel tcfchan#53.
16:47:35 INFO  : Connected to target on host '127.0.0.1' and port '3121'.
16:47:36 INFO  : Jtag cable 'Digilent JTAG-HS2 201706300081' is selected.
16:47:36 INFO  : 'jtag frequency' command is executed.
16:47:36 INFO  : 'targets -set -filter {jtag_cable_name =~ "Digilent JTAG-HS2 201706300081" && level==0 && jtag_device_ctx=="jsn-JTAG-HS2-201706300081-13631093-0"}' command is executed.
16:47:39 INFO  : Device configured successfully with "E:/kevin/myCode/microBlaze100/vitisJson/syncMain/_ide/bitstream/design_1_wrapper.bit"
16:47:39 INFO  : Context for processor 'microblaze_0' is selected.
16:47:39 INFO  : Hardware design and registers information is loaded from 'E:/kevin/myCode/microBlaze100/vitisJson/syncBlaze/export/syncBlaze/hw/design_1_wrapper.xsa'.
16:47:39 INFO  : 'configparams mdm-detect-bscan-mask 2' command is executed.
16:47:39 INFO  : Context for processor 'microblaze_0' is selected.
16:47:39 INFO  : System reset is completed.
16:47:42 INFO  : 'after 3000' command is executed.
16:47:42 INFO  : Context for processor 'microblaze_0' is selected.
16:47:42 INFO  : The application 'E:/kevin/myCode/microBlaze100/vitisJson/syncMain/Debug/syncMain.elf' is downloaded to processor 'microblaze_0'.
16:47:42 INFO  : ----------------XSDB Script----------------
connect -url tcp:127.0.0.1:3121
targets -set -filter {jtag_cable_name =~ "Digilent JTAG-HS2 201706300081" && level==0 && jtag_device_ctx=="jsn-JTAG-HS2-201706300081-13631093-0"}
fpga -file E:/kevin/myCode/microBlaze100/vitisJson/syncMain/_ide/bitstream/design_1_wrapper.bit
targets -set -nocase -filter {name =~ "*microblaze*#0" && bscan=="USER2" }
loadhw -hw E:/kevin/myCode/microBlaze100/vitisJson/syncBlaze/export/syncBlaze/hw/design_1_wrapper.xsa -regs
configparams mdm-detect-bscan-mask 2
targets -set -nocase -filter {name =~ "*microblaze*#0" && bscan=="USER2" }
rst -system
after 3000
targets -set -nocase -filter {name =~ "*microblaze*#0" && bscan=="USER2" }
dow E:/kevin/myCode/microBlaze100/vitisJson/syncMain/Debug/syncMain.elf
----------------End of Script----------------

16:47:42 INFO  : Context for processor 'microblaze_0' is selected.
16:47:42 INFO  : 'con' command is executed.
16:47:42 INFO  : ----------------XSDB Script (After Launch)----------------
targets -set -nocase -filter {name =~ "*microblaze*#0" && bscan=="USER2" }
con
----------------End of Script----------------

16:47:42 INFO  : Launch script is exported to file 'E:\kevin\myCode\microBlaze100\vitisJson\syncMain_system\_ide\scripts\systemdebugger_syncmain_system_standalone.tcl'
16:48:56 INFO  : Checking for BSP changes to sync application flags for project 'syncMain'...
16:50:13 INFO  : Checking for BSP changes to sync application flags for project 'syncMain'...
16:50:15 INFO  : Disconnected from the channel tcfchan#54.
16:50:17 INFO  : Connected to target on host '127.0.0.1' and port '3121'.
16:50:18 INFO  : Jtag cable 'Digilent JTAG-HS2 201706300081' is selected.
16:50:18 INFO  : 'jtag frequency' command is executed.
16:50:18 INFO  : 'targets -set -filter {jtag_cable_name =~ "Digilent JTAG-HS2 201706300081" && level==0 && jtag_device_ctx=="jsn-JTAG-HS2-201706300081-13631093-0"}' command is executed.
16:50:21 INFO  : Device configured successfully with "E:/kevin/myCode/microBlaze100/vitisJson/syncMain/_ide/bitstream/design_1_wrapper.bit"
16:50:21 INFO  : Context for processor 'microblaze_0' is selected.
16:50:21 INFO  : Hardware design and registers information is loaded from 'E:/kevin/myCode/microBlaze100/vitisJson/syncBlaze/export/syncBlaze/hw/design_1_wrapper.xsa'.
16:50:21 INFO  : 'configparams mdm-detect-bscan-mask 2' command is executed.
16:50:21 INFO  : Context for processor 'microblaze_0' is selected.
16:50:21 INFO  : System reset is completed.
16:50:24 INFO  : 'after 3000' command is executed.
16:50:24 INFO  : Context for processor 'microblaze_0' is selected.
16:50:24 INFO  : The application 'E:/kevin/myCode/microBlaze100/vitisJson/syncMain/Debug/syncMain.elf' is downloaded to processor 'microblaze_0'.
16:50:24 INFO  : ----------------XSDB Script----------------
connect -url tcp:127.0.0.1:3121
targets -set -filter {jtag_cable_name =~ "Digilent JTAG-HS2 201706300081" && level==0 && jtag_device_ctx=="jsn-JTAG-HS2-201706300081-13631093-0"}
fpga -file E:/kevin/myCode/microBlaze100/vitisJson/syncMain/_ide/bitstream/design_1_wrapper.bit
targets -set -nocase -filter {name =~ "*microblaze*#0" && bscan=="USER2" }
loadhw -hw E:/kevin/myCode/microBlaze100/vitisJson/syncBlaze/export/syncBlaze/hw/design_1_wrapper.xsa -regs
configparams mdm-detect-bscan-mask 2
targets -set -nocase -filter {name =~ "*microblaze*#0" && bscan=="USER2" }
rst -system
after 3000
targets -set -nocase -filter {name =~ "*microblaze*#0" && bscan=="USER2" }
dow E:/kevin/myCode/microBlaze100/vitisJson/syncMain/Debug/syncMain.elf
----------------End of Script----------------

16:50:24 INFO  : Context for processor 'microblaze_0' is selected.
16:50:24 INFO  : 'con' command is executed.
16:50:24 INFO  : ----------------XSDB Script (After Launch)----------------
targets -set -nocase -filter {name =~ "*microblaze*#0" && bscan=="USER2" }
con
----------------End of Script----------------

16:50:24 INFO  : Launch script is exported to file 'E:\kevin\myCode\microBlaze100\vitisJson\syncMain_system\_ide\scripts\systemdebugger_syncmain_system_standalone.tcl'
16:57:21 INFO  : Disconnected from the channel tcfchan#55.
16:57:22 INFO  : Checking for BSP changes to sync application flags for project 'syncMain'...
16:57:30 INFO  : Connected to target on host '127.0.0.1' and port '3121'.
16:57:30 INFO  : Jtag cable 'Digilent JTAG-HS2 201706300081' is selected.
16:57:30 INFO  : 'jtag frequency' command is executed.
16:57:30 INFO  : 'targets -set -filter {jtag_cable_name =~ "Digilent JTAG-HS2 201706300081" && level==0 && jtag_device_ctx=="jsn-JTAG-HS2-201706300081-13631093-0"}' command is executed.
16:57:33 INFO  : Device configured successfully with "E:/kevin/myCode/microBlaze100/vitisJson/syncMain/_ide/bitstream/design_1_wrapper.bit"
16:57:33 INFO  : Context for processor 'microblaze_0' is selected.
16:57:33 INFO  : Hardware design and registers information is loaded from 'E:/kevin/myCode/microBlaze100/vitisJson/syncBlaze/export/syncBlaze/hw/design_1_wrapper.xsa'.
16:57:33 INFO  : 'configparams mdm-detect-bscan-mask 2' command is executed.
16:57:33 INFO  : Context for processor 'microblaze_0' is selected.
16:57:33 INFO  : System reset is completed.
16:57:36 INFO  : 'after 3000' command is executed.
16:57:36 INFO  : Context for processor 'microblaze_0' is selected.
16:57:37 INFO  : The application 'E:/kevin/myCode/microBlaze100/vitisJson/syncMain/Debug/syncMain.elf' is downloaded to processor 'microblaze_0'.
16:57:37 INFO  : ----------------XSDB Script----------------
connect -url tcp:127.0.0.1:3121
targets -set -filter {jtag_cable_name =~ "Digilent JTAG-HS2 201706300081" && level==0 && jtag_device_ctx=="jsn-JTAG-HS2-201706300081-13631093-0"}
fpga -file E:/kevin/myCode/microBlaze100/vitisJson/syncMain/_ide/bitstream/design_1_wrapper.bit
targets -set -nocase -filter {name =~ "*microblaze*#0" && bscan=="USER2" }
loadhw -hw E:/kevin/myCode/microBlaze100/vitisJson/syncBlaze/export/syncBlaze/hw/design_1_wrapper.xsa -regs
configparams mdm-detect-bscan-mask 2
targets -set -nocase -filter {name =~ "*microblaze*#0" && bscan=="USER2" }
rst -system
after 3000
targets -set -nocase -filter {name =~ "*microblaze*#0" && bscan=="USER2" }
dow E:/kevin/myCode/microBlaze100/vitisJson/syncMain/Debug/syncMain.elf
----------------End of Script----------------

16:57:37 INFO  : Context for processor 'microblaze_0' is selected.
16:57:37 INFO  : 'con' command is executed.
16:57:37 INFO  : ----------------XSDB Script (After Launch)----------------
targets -set -nocase -filter {name =~ "*microblaze*#0" && bscan=="USER2" }
con
----------------End of Script----------------

16:57:37 INFO  : Launch script is exported to file 'E:\kevin\myCode\microBlaze100\vitisJson\syncMain_system\_ide\scripts\systemdebugger_syncmain_system_standalone.tcl'
17:02:02 INFO  : Checking for BSP changes to sync application flags for project 'syncMain'...
17:02:04 INFO  : Disconnected from the channel tcfchan#56.
17:02:06 INFO  : Checking for BSP changes to sync application flags for project 'syncMain'...
17:02:09 INFO  : Connected to target on host '127.0.0.1' and port '3121'.
17:02:09 INFO  : Jtag cable 'Digilent JTAG-HS2 201706300081' is selected.
17:02:09 INFO  : 'jtag frequency' command is executed.
17:02:09 INFO  : 'targets -set -filter {jtag_cable_name =~ "Digilent JTAG-HS2 201706300081" && level==0 && jtag_device_ctx=="jsn-JTAG-HS2-201706300081-13631093-0"}' command is executed.
17:02:12 INFO  : Device configured successfully with "E:/kevin/myCode/microBlaze100/vitisJson/syncMain/_ide/bitstream/design_1_wrapper.bit"
17:02:12 INFO  : Context for processor 'microblaze_0' is selected.
17:02:12 INFO  : Hardware design and registers information is loaded from 'E:/kevin/myCode/microBlaze100/vitisJson/syncBlaze/export/syncBlaze/hw/design_1_wrapper.xsa'.
17:02:12 INFO  : 'configparams mdm-detect-bscan-mask 2' command is executed.
17:02:12 INFO  : Context for processor 'microblaze_0' is selected.
17:02:12 INFO  : System reset is completed.
17:02:15 INFO  : 'after 3000' command is executed.
17:02:15 INFO  : Context for processor 'microblaze_0' is selected.
17:02:16 INFO  : The application 'E:/kevin/myCode/microBlaze100/vitisJson/syncMain/Debug/syncMain.elf' is downloaded to processor 'microblaze_0'.
17:02:16 INFO  : ----------------XSDB Script----------------
connect -url tcp:127.0.0.1:3121
targets -set -filter {jtag_cable_name =~ "Digilent JTAG-HS2 201706300081" && level==0 && jtag_device_ctx=="jsn-JTAG-HS2-201706300081-13631093-0"}
fpga -file E:/kevin/myCode/microBlaze100/vitisJson/syncMain/_ide/bitstream/design_1_wrapper.bit
targets -set -nocase -filter {name =~ "*microblaze*#0" && bscan=="USER2" }
loadhw -hw E:/kevin/myCode/microBlaze100/vitisJson/syncBlaze/export/syncBlaze/hw/design_1_wrapper.xsa -regs
configparams mdm-detect-bscan-mask 2
targets -set -nocase -filter {name =~ "*microblaze*#0" && bscan=="USER2" }
rst -system
after 3000
targets -set -nocase -filter {name =~ "*microblaze*#0" && bscan=="USER2" }
dow E:/kevin/myCode/microBlaze100/vitisJson/syncMain/Debug/syncMain.elf
----------------End of Script----------------

17:02:16 INFO  : Context for processor 'microblaze_0' is selected.
17:02:16 INFO  : 'con' command is executed.
17:02:16 INFO  : ----------------XSDB Script (After Launch)----------------
targets -set -nocase -filter {name =~ "*microblaze*#0" && bscan=="USER2" }
con
----------------End of Script----------------

17:02:16 INFO  : Launch script is exported to file 'E:\kevin\myCode\microBlaze100\vitisJson\syncMain_system\_ide\scripts\systemdebugger_syncmain_system_standalone.tcl'
17:04:59 INFO  : Checking for BSP changes to sync application flags for project 'syncMain'...
17:05:04 INFO  : Disconnected from the channel tcfchan#57.
17:05:06 INFO  : Checking for BSP changes to sync application flags for project 'syncMain'...
17:05:08 INFO  : Connected to target on host '127.0.0.1' and port '3121'.
17:05:09 INFO  : Jtag cable 'Digilent JTAG-HS2 201706300081' is selected.
17:05:09 INFO  : 'jtag frequency' command is executed.
17:05:09 INFO  : 'targets -set -filter {jtag_cable_name =~ "Digilent JTAG-HS2 201706300081" && level==0 && jtag_device_ctx=="jsn-JTAG-HS2-201706300081-13631093-0"}' command is executed.
17:05:12 INFO  : Device configured successfully with "E:/kevin/myCode/microBlaze100/vitisJson/syncMain/_ide/bitstream/design_1_wrapper.bit"
17:05:12 INFO  : Context for processor 'microblaze_0' is selected.
17:05:12 INFO  : Hardware design and registers information is loaded from 'E:/kevin/myCode/microBlaze100/vitisJson/syncBlaze/export/syncBlaze/hw/design_1_wrapper.xsa'.
17:05:12 INFO  : 'configparams mdm-detect-bscan-mask 2' command is executed.
17:05:12 INFO  : Context for processor 'microblaze_0' is selected.
17:05:12 INFO  : System reset is completed.
17:05:15 INFO  : 'after 3000' command is executed.
17:05:15 INFO  : Context for processor 'microblaze_0' is selected.
17:05:15 INFO  : The application 'E:/kevin/myCode/microBlaze100/vitisJson/syncMain/Debug/syncMain.elf' is downloaded to processor 'microblaze_0'.
17:05:15 INFO  : ----------------XSDB Script----------------
connect -url tcp:127.0.0.1:3121
targets -set -filter {jtag_cable_name =~ "Digilent JTAG-HS2 201706300081" && level==0 && jtag_device_ctx=="jsn-JTAG-HS2-201706300081-13631093-0"}
fpga -file E:/kevin/myCode/microBlaze100/vitisJson/syncMain/_ide/bitstream/design_1_wrapper.bit
targets -set -nocase -filter {name =~ "*microblaze*#0" && bscan=="USER2" }
loadhw -hw E:/kevin/myCode/microBlaze100/vitisJson/syncBlaze/export/syncBlaze/hw/design_1_wrapper.xsa -regs
configparams mdm-detect-bscan-mask 2
targets -set -nocase -filter {name =~ "*microblaze*#0" && bscan=="USER2" }
rst -system
after 3000
targets -set -nocase -filter {name =~ "*microblaze*#0" && bscan=="USER2" }
dow E:/kevin/myCode/microBlaze100/vitisJson/syncMain/Debug/syncMain.elf
----------------End of Script----------------

17:05:16 INFO  : Context for processor 'microblaze_0' is selected.
17:05:16 INFO  : 'con' command is executed.
17:05:16 INFO  : ----------------XSDB Script (After Launch)----------------
targets -set -nocase -filter {name =~ "*microblaze*#0" && bscan=="USER2" }
con
----------------End of Script----------------

17:05:16 INFO  : Launch script is exported to file 'E:\kevin\myCode\microBlaze100\vitisJson\syncMain_system\_ide\scripts\systemdebugger_syncmain_system_standalone.tcl'
17:52:45 INFO  : Checking for BSP changes to sync application flags for project 'syncMain'...
17:52:56 INFO  : Checking for BSP changes to sync application flags for project 'syncMain'...
17:54:08 INFO  : Checking for BSP changes to sync application flags for project 'syncMain'...
17:54:14 INFO  : Checking for BSP changes to sync application flags for project 'syncMain'...
17:56:59 INFO  : Checking for BSP changes to sync application flags for project 'syncMain'...
17:57:36 INFO  : Hardware specification for platform project 'syncBlaze' is updated.
17:57:48 INFO  : Result from executing command 'getProjects': syncBlaze
17:57:48 INFO  : Result from executing command 'getPlatforms': syncBlaze|E:/kevin/myCode/microBlaze100/vitisJson/syncBlaze/export/syncBlaze/syncBlaze.xpfm;xilinx_vck190_base_202220_1|D:/Xilinx202202/Vitis/2022.2/base_platforms/xilinx_vck190_base_202220_1/xilinx_vck190_base_202220_1.xpfm;xilinx_vck190_base_dfx_202220_1|D:/Xilinx202202/Vitis/2022.2/base_platforms/xilinx_vck190_base_dfx_202220_1/xilinx_vck190_base_dfx_202220_1.xpfm;xilinx_vmk180_base_202220_1|D:/Xilinx202202/Vitis/2022.2/base_platforms/xilinx_vmk180_base_202220_1/xilinx_vmk180_base_202220_1.xpfm;xilinx_zcu102_base_202220_1|D:/Xilinx202202/Vitis/2022.2/base_platforms/xilinx_zcu102_base_202220_1/xilinx_zcu102_base_202220_1.xpfm;xilinx_zcu102_base_dfx_202220_1|D:/Xilinx202202/Vitis/2022.2/base_platforms/xilinx_zcu102_base_dfx_202220_1/xilinx_zcu102_base_dfx_202220_1.xpfm;xilinx_zcu104_base_202220_1|D:/Xilinx202202/Vitis/2022.2/base_platforms/xilinx_zcu104_base_202220_1/xilinx_zcu104_base_202220_1.xpfm
17:58:19 INFO  : Checking for BSP changes to sync application flags for project 'syncMain'...
17:58:22 ERROR : XSCT server calls should not be made from TCF thread.
java.lang.RuntimeException: XSCT server calls should not be made from TCF thread.
	at com.xilinx.sdk.xsdb.XSDBCommandManager.issueAndWait(XSDBCommandManager.java:392) [com.xilinx.sdk.xsdb_1.0.0.202210132147.jar:?]
	at com.xilinx.sdk.xsdb.XsdbCommandUtils.executeAndRespond(XsdbCommandUtils.java:325) [com.xilinx.sdk.xsdb_1.0.0.202210132147.jar:?]
	at com.xilinx.sdk.hw.internal.HwPlatform.populateDesignProps(HwPlatform.java:521) [com.xilinx.sdk.hw_1.0.0.202210132147.jar:?]
	at com.xilinx.sdk.hw.internal.HwPlatform.isZynq(HwPlatform.java:1101) [com.xilinx.sdk.hw_1.0.0.202210132147.jar:?]
	at com.xilinx.sdk.hw.internal.HwPlatform.getArchFamily(HwPlatform.java:587) [com.xilinx.sdk.hw_1.0.0.202210132147.jar:?]
	at com.xilinx.sdk.tcf.internal.debug.ui.common.BaseLaunchConfigModel.readCrossTriggerModel(BaseLaunchConfigModel.java:174) [com.xilinx.sdk.tcf.debug_1.0.0.202210132147.jar:?]
	at com.xilinx.sdk.tcf.internal.debug.ui.common.BaseLaunchConfigModel.readAndSetAttributes(BaseLaunchConfigModel.java:156) [com.xilinx.sdk.tcf.debug_1.0.0.202210132147.jar:?]
	at com.xilinx.sdx.sdsoc.debug.ui.SdsLaunchConfigModel.newInstance(SdsLaunchConfigModel.java:109) [com.xilinx.sdx.sdsoc.debug.ui_1.0.0.202210132147.jar:?]
	at com.xilinx.sdx.sdsoc.debug.launch.SdsTcfLaunchDelegate.createConfigModel(SdsTcfLaunchDelegate.java:85) [com.xilinx.sdx.sdsoc.debug_1.0.0.202210132147.jar:?]
	at com.xilinx.sdx.sdsoc.debug.launch.SdsTcfLaunchDelegate.generateReports(SdsTcfLaunchDelegate.java:641) [com.xilinx.sdx.sdsoc.debug_1.0.0.202210132147.jar:?]
	at com.xilinx.sdx.sdsoc.debug.launch.SdsTcfLaunchDelegate.onDisconnected(SdsTcfLaunchDelegate.java:615) [com.xilinx.sdx.sdsoc.debug_1.0.0.202210132147.jar:?]
	at org.eclipse.tcf.internal.debug.ui.model.TCFModelManager$1.onDisconnected(TCFModelManager.java:79) [org.eclipse.tcf.debug.ui_1.7.0.202210132147.jar:?]
	at org.eclipse.tcf.internal.debug.model.TCFLaunch.onDisconnected(TCFLaunch.java:532) [org.eclipse.tcf.debug_1.7.0.202210132147.jar:?]
	at org.eclipse.tcf.internal.debug.model.TCFLaunch$43.onChannelClosed(TCFLaunch.java:1643) [org.eclipse.tcf.debug_1.7.0.202210132147.jar:?]
	at org.eclipse.tcf.core.AbstractChannel$9.run(AbstractChannel.java:858) [org.eclipse.tcf.core_1.7.0.202210132147.jar:?]
	at org.eclipse.tcf.EventQueue.run(EventQueue.java:98) [org.eclipse.tcf_1.7.0.202210132147.jar:?]
	at java.lang.Thread.run(Thread.java:829) [?:?]
17:58:22 INFO  : Disconnected from the channel tcfchan#58.
17:58:22 INFO  : The hardware specification used by project 'syncMain' is out of sync with the platform. Resource files extracted from the hardware specification will be updated.
17:58:22 INFO  : The file 'E:\kevin\myCode\microBlaze100\vitisJson\syncMain\_ide\bitstream\design_1_wrapper.bit' stored in project is removed.
17:58:22 INFO  : The file 'E:\kevin\myCode\microBlaze100\vitisJson\syncMain\_ide\bitstream\design_1_wrapper.mmi' stored in project is removed.
17:58:22 INFO  : The updated bitstream files are copied from platform to folder 'E:\kevin\myCode\microBlaze100\vitisJson\syncMain\_ide\bitstream' in project 'syncMain'.
17:58:22 INFO  : Connected to target on host '127.0.0.1' and port '3121'.
17:58:22 INFO  : Jtag cable 'Digilent JTAG-HS2 201706300081' is selected.
17:58:22 INFO  : 'jtag frequency' command is executed.
17:58:23 INFO  : 'targets -set -filter {jtag_cable_name =~ "Digilent JTAG-HS2 201706300081" && level==0 && jtag_device_ctx=="jsn-JTAG-HS2-201706300081-13631093-0"}' command is executed.
17:58:26 INFO  : Device configured successfully with "E:/kevin/myCode/microBlaze100/vitisJson/syncMain/_ide/bitstream/design_1_wrapper.bit"
17:58:26 INFO  : Context for processor 'microblaze_0' is selected.
17:58:26 INFO  : Hardware design and registers information is loaded from 'E:/kevin/myCode/microBlaze100/vitisJson/syncBlaze/export/syncBlaze/hw/design_1_wrapper.xsa'.
17:58:26 INFO  : 'configparams mdm-detect-bscan-mask 2' command is executed.
17:58:26 INFO  : Context for processor 'microblaze_0' is selected.
17:58:26 INFO  : System reset is completed.
17:58:29 INFO  : 'after 3000' command is executed.
17:58:29 INFO  : Context for processor 'microblaze_0' is selected.
17:58:29 INFO  : The application 'E:/kevin/myCode/microBlaze100/vitisJson/syncMain/Debug/syncMain.elf' is downloaded to processor 'microblaze_0'.
17:58:29 INFO  : ----------------XSDB Script----------------
connect -url tcp:127.0.0.1:3121
targets -set -filter {jtag_cable_name =~ "Digilent JTAG-HS2 201706300081" && level==0 && jtag_device_ctx=="jsn-JTAG-HS2-201706300081-13631093-0"}
fpga -file E:/kevin/myCode/microBlaze100/vitisJson/syncMain/_ide/bitstream/design_1_wrapper.bit
targets -set -nocase -filter {name =~ "*microblaze*#0" && bscan=="USER2" }
loadhw -hw E:/kevin/myCode/microBlaze100/vitisJson/syncBlaze/export/syncBlaze/hw/design_1_wrapper.xsa -regs
configparams mdm-detect-bscan-mask 2
targets -set -nocase -filter {name =~ "*microblaze*#0" && bscan=="USER2" }
rst -system
after 3000
targets -set -nocase -filter {name =~ "*microblaze*#0" && bscan=="USER2" }
dow E:/kevin/myCode/microBlaze100/vitisJson/syncMain/Debug/syncMain.elf
----------------End of Script----------------

17:58:29 INFO  : Context for processor 'microblaze_0' is selected.
17:58:29 INFO  : 'con' command is executed.
17:58:29 INFO  : ----------------XSDB Script (After Launch)----------------
targets -set -nocase -filter {name =~ "*microblaze*#0" && bscan=="USER2" }
con
----------------End of Script----------------

17:58:29 INFO  : Launch script is exported to file 'E:\kevin\myCode\microBlaze100\vitisJson\syncMain_system\_ide\scripts\systemdebugger_syncmain_system_standalone.tcl'
18:01:33 INFO  : Checking for BSP changes to sync application flags for project 'syncMain'...
18:01:41 INFO  : Disconnected from the channel tcfchan#60.
18:01:43 INFO  : Connected to target on host '127.0.0.1' and port '3121'.
18:01:43 INFO  : Jtag cable 'Digilent JTAG-HS2 201706300081' is selected.
18:01:43 INFO  : 'jtag frequency' command is executed.
18:01:43 INFO  : 'targets -set -filter {jtag_cable_name =~ "Digilent JTAG-HS2 201706300081" && level==0 && jtag_device_ctx=="jsn-JTAG-HS2-201706300081-13631093-0"}' command is executed.
18:01:46 INFO  : Device configured successfully with "E:/kevin/myCode/microBlaze100/vitisJson/syncMain/_ide/bitstream/design_1_wrapper.bit"
18:01:46 INFO  : Context for processor 'microblaze_0' is selected.
18:01:46 INFO  : Hardware design and registers information is loaded from 'E:/kevin/myCode/microBlaze100/vitisJson/syncBlaze/export/syncBlaze/hw/design_1_wrapper.xsa'.
18:01:46 INFO  : 'configparams mdm-detect-bscan-mask 2' command is executed.
18:01:46 INFO  : Context for processor 'microblaze_0' is selected.
18:01:46 INFO  : System reset is completed.
18:01:49 INFO  : 'after 3000' command is executed.
18:01:49 INFO  : Context for processor 'microblaze_0' is selected.
18:01:50 INFO  : The application 'E:/kevin/myCode/microBlaze100/vitisJson/syncMain/Debug/syncMain.elf' is downloaded to processor 'microblaze_0'.
18:01:50 INFO  : ----------------XSDB Script----------------
connect -url tcp:127.0.0.1:3121
targets -set -filter {jtag_cable_name =~ "Digilent JTAG-HS2 201706300081" && level==0 && jtag_device_ctx=="jsn-JTAG-HS2-201706300081-13631093-0"}
fpga -file E:/kevin/myCode/microBlaze100/vitisJson/syncMain/_ide/bitstream/design_1_wrapper.bit
targets -set -nocase -filter {name =~ "*microblaze*#0" && bscan=="USER2" }
loadhw -hw E:/kevin/myCode/microBlaze100/vitisJson/syncBlaze/export/syncBlaze/hw/design_1_wrapper.xsa -regs
configparams mdm-detect-bscan-mask 2
targets -set -nocase -filter {name =~ "*microblaze*#0" && bscan=="USER2" }
rst -system
after 3000
targets -set -nocase -filter {name =~ "*microblaze*#0" && bscan=="USER2" }
dow E:/kevin/myCode/microBlaze100/vitisJson/syncMain/Debug/syncMain.elf
----------------End of Script----------------

18:01:50 INFO  : Context for processor 'microblaze_0' is selected.
18:01:50 INFO  : 'con' command is executed.
18:01:50 INFO  : ----------------XSDB Script (After Launch)----------------
targets -set -nocase -filter {name =~ "*microblaze*#0" && bscan=="USER2" }
con
----------------End of Script----------------

18:01:50 INFO  : Launch script is exported to file 'E:\kevin\myCode\microBlaze100\vitisJson\syncMain_system\_ide\scripts\systemdebugger_syncmain_system_standalone.tcl'
18:48:26 INFO  : Hardware specification for platform project 'syncBlaze' is updated.
18:48:36 INFO  : Result from executing command 'getProjects': syncBlaze
18:48:36 INFO  : Result from executing command 'getPlatforms': syncBlaze|E:/kevin/myCode/microBlaze100/vitisJson/syncBlaze/export/syncBlaze/syncBlaze.xpfm;xilinx_vck190_base_202220_1|D:/Xilinx202202/Vitis/2022.2/base_platforms/xilinx_vck190_base_202220_1/xilinx_vck190_base_202220_1.xpfm;xilinx_vck190_base_dfx_202220_1|D:/Xilinx202202/Vitis/2022.2/base_platforms/xilinx_vck190_base_dfx_202220_1/xilinx_vck190_base_dfx_202220_1.xpfm;xilinx_vmk180_base_202220_1|D:/Xilinx202202/Vitis/2022.2/base_platforms/xilinx_vmk180_base_202220_1/xilinx_vmk180_base_202220_1.xpfm;xilinx_zcu102_base_202220_1|D:/Xilinx202202/Vitis/2022.2/base_platforms/xilinx_zcu102_base_202220_1/xilinx_zcu102_base_202220_1.xpfm;xilinx_zcu102_base_dfx_202220_1|D:/Xilinx202202/Vitis/2022.2/base_platforms/xilinx_zcu102_base_dfx_202220_1/xilinx_zcu102_base_dfx_202220_1.xpfm;xilinx_zcu104_base_202220_1|D:/Xilinx202202/Vitis/2022.2/base_platforms/xilinx_zcu104_base_202220_1/xilinx_zcu104_base_202220_1.xpfm
18:48:42 ERROR : XSCT server calls should not be made from TCF thread.
java.lang.RuntimeException: XSCT server calls should not be made from TCF thread.
	at com.xilinx.sdk.xsdb.XSDBCommandManager.issueAndWait(XSDBCommandManager.java:392) [com.xilinx.sdk.xsdb_1.0.0.202210132147.jar:?]
	at com.xilinx.sdk.xsdb.XsdbCommandUtils.executeAndRespond(XsdbCommandUtils.java:325) [com.xilinx.sdk.xsdb_1.0.0.202210132147.jar:?]
	at com.xilinx.sdk.hw.internal.HwPlatform.dispose(HwPlatform.java:1325) [com.xilinx.sdk.hw_1.0.0.202210132147.jar:?]
	at com.xilinx.sdk.hw.internal.HwSpecFactory.removeHwSpec(HwSpecFactory.java:92) [com.xilinx.sdk.hw_1.0.0.202210132147.jar:?]
	at com.xilinx.sdk.hw.internal.HwSpecFactory.validateGetFromCache(HwSpecFactory.java:78) [com.xilinx.sdk.hw_1.0.0.202210132147.jar:?]
	at com.xilinx.sdk.hw.internal.HwSpecFactory.createHwSpec(HwSpecFactory.java:48) [com.xilinx.sdk.hw_1.0.0.202210132147.jar:?]
	at com.xilinx.sdx.sdsoc.debug.ui.SdsLaunchConfigUtil.createHwPlatform(SdsLaunchConfigUtil.java:57) [com.xilinx.sdx.sdsoc.debug.ui_1.0.0.202210132147.jar:?]
	at com.xilinx.sdx.sdsoc.debug.ui.SdsLaunchConfigModel.iniHwPlatform(SdsLaunchConfigModel.java:187) [com.xilinx.sdx.sdsoc.debug.ui_1.0.0.202210132147.jar:?]
	at com.xilinx.sdk.tcf.internal.debug.ui.common.BaseLaunchConfigModel.getHwPlatform(BaseLaunchConfigModel.java:577) [com.xilinx.sdk.tcf.debug_1.0.0.202210132147.jar:?]
	at com.xilinx.sdk.tcf.internal.debug.ui.common.BaseLaunchConfigModel.readCrossTriggerModel(BaseLaunchConfigModel.java:173) [com.xilinx.sdk.tcf.debug_1.0.0.202210132147.jar:?]
	at com.xilinx.sdk.tcf.internal.debug.ui.common.BaseLaunchConfigModel.readAndSetAttributes(BaseLaunchConfigModel.java:156) [com.xilinx.sdk.tcf.debug_1.0.0.202210132147.jar:?]
	at com.xilinx.sdx.sdsoc.debug.ui.SdsLaunchConfigModel.newInstance(SdsLaunchConfigModel.java:109) [com.xilinx.sdx.sdsoc.debug.ui_1.0.0.202210132147.jar:?]
	at com.xilinx.sdx.sdsoc.debug.launch.SdsTcfLaunchDelegate.createConfigModel(SdsTcfLaunchDelegate.java:85) [com.xilinx.sdx.sdsoc.debug_1.0.0.202210132147.jar:?]
	at com.xilinx.sdx.sdsoc.debug.launch.SdsTcfLaunchDelegate.generateReports(SdsTcfLaunchDelegate.java:641) [com.xilinx.sdx.sdsoc.debug_1.0.0.202210132147.jar:?]
	at com.xilinx.sdx.sdsoc.debug.launch.SdsTcfLaunchDelegate.onDisconnected(SdsTcfLaunchDelegate.java:615) [com.xilinx.sdx.sdsoc.debug_1.0.0.202210132147.jar:?]
	at org.eclipse.tcf.internal.debug.ui.model.TCFModelManager$1.onDisconnected(TCFModelManager.java:79) [org.eclipse.tcf.debug.ui_1.7.0.202210132147.jar:?]
	at org.eclipse.tcf.internal.debug.model.TCFLaunch.onDisconnected(TCFLaunch.java:532) [org.eclipse.tcf.debug_1.7.0.202210132147.jar:?]
	at org.eclipse.tcf.internal.debug.model.TCFLaunch$43.onChannelClosed(TCFLaunch.java:1643) [org.eclipse.tcf.debug_1.7.0.202210132147.jar:?]
	at org.eclipse.tcf.core.AbstractChannel$9.run(AbstractChannel.java:858) [org.eclipse.tcf.core_1.7.0.202210132147.jar:?]
	at org.eclipse.tcf.EventQueue.run(EventQueue.java:98) [org.eclipse.tcf_1.7.0.202210132147.jar:?]
	at java.lang.Thread.run(Thread.java:829) [?:?]
18:48:42 INFO  : Disconnected from the channel tcfchan#61.
18:48:43 INFO  : Checking for BSP changes to sync application flags for project 'syncMain'...
18:48:49 INFO  : The hardware specification used by project 'syncMain' is out of sync with the platform. Resource files extracted from the hardware specification will be updated.
18:48:49 INFO  : The file 'E:\kevin\myCode\microBlaze100\vitisJson\syncMain\_ide\bitstream\design_1_wrapper.bit' stored in project is removed.
18:48:49 INFO  : The file 'E:\kevin\myCode\microBlaze100\vitisJson\syncMain\_ide\bitstream\design_1_wrapper.mmi' stored in project is removed.
18:48:49 INFO  : The updated bitstream files are copied from platform to folder 'E:\kevin\myCode\microBlaze100\vitisJson\syncMain\_ide\bitstream' in project 'syncMain'.
18:48:49 INFO  : Connected to target on host '127.0.0.1' and port '3121'.
18:48:49 INFO  : Jtag cable 'Digilent JTAG-HS2 201706300081' is selected.
18:48:49 INFO  : 'jtag frequency' command is executed.
18:48:49 INFO  : 'targets -set -filter {jtag_cable_name =~ "Digilent JTAG-HS2 201706300081" && level==0 && jtag_device_ctx=="jsn-JTAG-HS2-201706300081-13631093-0"}' command is executed.
18:48:52 INFO  : Device configured successfully with "E:/kevin/myCode/microBlaze100/vitisJson/syncMain/_ide/bitstream/design_1_wrapper.bit"
18:48:52 INFO  : Context for processor 'microblaze_0' is selected.
18:48:52 INFO  : Hardware design and registers information is loaded from 'E:/kevin/myCode/microBlaze100/vitisJson/syncBlaze/export/syncBlaze/hw/design_1_wrapper.xsa'.
18:48:52 INFO  : 'configparams mdm-detect-bscan-mask 2' command is executed.
18:48:52 INFO  : Context for processor 'microblaze_0' is selected.
18:48:52 INFO  : System reset is completed.
18:48:55 INFO  : 'after 3000' command is executed.
18:48:55 INFO  : Context for processor 'microblaze_0' is selected.
18:48:56 INFO  : The application 'E:/kevin/myCode/microBlaze100/vitisJson/syncMain/Debug/syncMain.elf' is downloaded to processor 'microblaze_0'.
18:48:56 INFO  : ----------------XSDB Script----------------
connect -url tcp:127.0.0.1:3121
targets -set -filter {jtag_cable_name =~ "Digilent JTAG-HS2 201706300081" && level==0 && jtag_device_ctx=="jsn-JTAG-HS2-201706300081-13631093-0"}
fpga -file E:/kevin/myCode/microBlaze100/vitisJson/syncMain/_ide/bitstream/design_1_wrapper.bit
targets -set -nocase -filter {name =~ "*microblaze*#0" && bscan=="USER2" }
loadhw -hw E:/kevin/myCode/microBlaze100/vitisJson/syncBlaze/export/syncBlaze/hw/design_1_wrapper.xsa -regs
configparams mdm-detect-bscan-mask 2
targets -set -nocase -filter {name =~ "*microblaze*#0" && bscan=="USER2" }
rst -system
after 3000
targets -set -nocase -filter {name =~ "*microblaze*#0" && bscan=="USER2" }
dow E:/kevin/myCode/microBlaze100/vitisJson/syncMain/Debug/syncMain.elf
----------------End of Script----------------

18:48:56 INFO  : Context for processor 'microblaze_0' is selected.
18:48:56 INFO  : 'con' command is executed.
18:48:56 INFO  : ----------------XSDB Script (After Launch)----------------
targets -set -nocase -filter {name =~ "*microblaze*#0" && bscan=="USER2" }
con
----------------End of Script----------------

18:48:56 INFO  : Launch script is exported to file 'E:\kevin\myCode\microBlaze100\vitisJson\syncMain_system\_ide\scripts\systemdebugger_syncmain_system_standalone.tcl'
19:02:37 INFO  : Hardware specification for platform project 'syncBlaze' is updated.
19:02:55 INFO  : Result from executing command 'getProjects': syncBlaze
19:02:55 INFO  : Result from executing command 'getPlatforms': syncBlaze|E:/kevin/myCode/microBlaze100/vitisJson/syncBlaze/export/syncBlaze/syncBlaze.xpfm;xilinx_vck190_base_202220_1|D:/Xilinx202202/Vitis/2022.2/base_platforms/xilinx_vck190_base_202220_1/xilinx_vck190_base_202220_1.xpfm;xilinx_vck190_base_dfx_202220_1|D:/Xilinx202202/Vitis/2022.2/base_platforms/xilinx_vck190_base_dfx_202220_1/xilinx_vck190_base_dfx_202220_1.xpfm;xilinx_vmk180_base_202220_1|D:/Xilinx202202/Vitis/2022.2/base_platforms/xilinx_vmk180_base_202220_1/xilinx_vmk180_base_202220_1.xpfm;xilinx_zcu102_base_202220_1|D:/Xilinx202202/Vitis/2022.2/base_platforms/xilinx_zcu102_base_202220_1/xilinx_zcu102_base_202220_1.xpfm;xilinx_zcu102_base_dfx_202220_1|D:/Xilinx202202/Vitis/2022.2/base_platforms/xilinx_zcu102_base_dfx_202220_1/xilinx_zcu102_base_dfx_202220_1.xpfm;xilinx_zcu104_base_202220_1|D:/Xilinx202202/Vitis/2022.2/base_platforms/xilinx_zcu104_base_202220_1/xilinx_zcu104_base_202220_1.xpfm
19:03:11 INFO  : Checking for BSP changes to sync application flags for project 'syncMain'...
19:03:18 ERROR : XSCT server calls should not be made from TCF thread.
java.lang.RuntimeException: XSCT server calls should not be made from TCF thread.
	at com.xilinx.sdk.xsdb.XSDBCommandManager.issueAndWait(XSDBCommandManager.java:392) [com.xilinx.sdk.xsdb_1.0.0.202210132147.jar:?]
	at com.xilinx.sdk.xsdb.XsdbCommandUtils.executeAndRespond(XsdbCommandUtils.java:325) [com.xilinx.sdk.xsdb_1.0.0.202210132147.jar:?]
	at com.xilinx.sdk.hw.internal.HwPlatform.populateDesignProps(HwPlatform.java:521) [com.xilinx.sdk.hw_1.0.0.202210132147.jar:?]
	at com.xilinx.sdk.hw.internal.HwPlatform.isZynq(HwPlatform.java:1101) [com.xilinx.sdk.hw_1.0.0.202210132147.jar:?]
	at com.xilinx.sdk.hw.internal.HwPlatform.getArchFamily(HwPlatform.java:587) [com.xilinx.sdk.hw_1.0.0.202210132147.jar:?]
	at com.xilinx.sdk.tcf.internal.debug.ui.common.BaseLaunchConfigModel.readCrossTriggerModel(BaseLaunchConfigModel.java:174) [com.xilinx.sdk.tcf.debug_1.0.0.202210132147.jar:?]
	at com.xilinx.sdk.tcf.internal.debug.ui.common.BaseLaunchConfigModel.readAndSetAttributes(BaseLaunchConfigModel.java:156) [com.xilinx.sdk.tcf.debug_1.0.0.202210132147.jar:?]
	at com.xilinx.sdx.sdsoc.debug.ui.SdsLaunchConfigModel.newInstance(SdsLaunchConfigModel.java:109) [com.xilinx.sdx.sdsoc.debug.ui_1.0.0.202210132147.jar:?]
	at com.xilinx.sdx.sdsoc.debug.launch.SdsTcfLaunchDelegate.createConfigModel(SdsTcfLaunchDelegate.java:85) [com.xilinx.sdx.sdsoc.debug_1.0.0.202210132147.jar:?]
	at com.xilinx.sdx.sdsoc.debug.launch.SdsTcfLaunchDelegate.generateReports(SdsTcfLaunchDelegate.java:641) [com.xilinx.sdx.sdsoc.debug_1.0.0.202210132147.jar:?]
	at com.xilinx.sdx.sdsoc.debug.launch.SdsTcfLaunchDelegate.onDisconnected(SdsTcfLaunchDelegate.java:615) [com.xilinx.sdx.sdsoc.debug_1.0.0.202210132147.jar:?]
	at org.eclipse.tcf.internal.debug.ui.model.TCFModelManager$1.onDisconnected(TCFModelManager.java:79) [org.eclipse.tcf.debug.ui_1.7.0.202210132147.jar:?]
	at org.eclipse.tcf.internal.debug.model.TCFLaunch.onDisconnected(TCFLaunch.java:532) [org.eclipse.tcf.debug_1.7.0.202210132147.jar:?]
	at org.eclipse.tcf.internal.debug.model.TCFLaunch$43.onChannelClosed(TCFLaunch.java:1643) [org.eclipse.tcf.debug_1.7.0.202210132147.jar:?]
	at org.eclipse.tcf.core.AbstractChannel$9.run(AbstractChannel.java:858) [org.eclipse.tcf.core_1.7.0.202210132147.jar:?]
	at org.eclipse.tcf.EventQueue.run(EventQueue.java:98) [org.eclipse.tcf_1.7.0.202210132147.jar:?]
	at java.lang.Thread.run(Thread.java:829) [?:?]
19:03:18 INFO  : Disconnected from the channel tcfchan#63.
19:03:19 INFO  : The hardware specification used by project 'syncMain' is out of sync with the platform. Resource files extracted from the hardware specification will be updated.
19:03:19 INFO  : The file 'E:\kevin\myCode\microBlaze100\vitisJson\syncMain\_ide\bitstream\design_1_wrapper.bit' stored in project is removed.
19:03:19 INFO  : The file 'E:\kevin\myCode\microBlaze100\vitisJson\syncMain\_ide\bitstream\design_1_wrapper.mmi' stored in project is removed.
19:03:19 INFO  : The updated bitstream files are copied from platform to folder 'E:\kevin\myCode\microBlaze100\vitisJson\syncMain\_ide\bitstream' in project 'syncMain'.
19:03:19 INFO  : Connected to target on host '127.0.0.1' and port '3121'.
19:03:20 INFO  : Jtag cable 'Digilent JTAG-HS2 201706300081' is selected.
19:03:20 INFO  : 'jtag frequency' command is executed.
19:03:20 INFO  : 'targets -set -filter {jtag_cable_name =~ "Digilent JTAG-HS2 201706300081" && level==0 && jtag_device_ctx=="jsn-JTAG-HS2-201706300081-13631093-0"}' command is executed.
19:03:23 INFO  : Device configured successfully with "E:/kevin/myCode/microBlaze100/vitisJson/syncMain/_ide/bitstream/design_1_wrapper.bit"
19:03:23 INFO  : Context for processor 'microblaze_0' is selected.
19:03:23 INFO  : Hardware design and registers information is loaded from 'E:/kevin/myCode/microBlaze100/vitisJson/syncBlaze/export/syncBlaze/hw/design_1_wrapper.xsa'.
19:03:23 INFO  : 'configparams mdm-detect-bscan-mask 2' command is executed.
19:03:23 INFO  : Context for processor 'microblaze_0' is selected.
19:03:23 INFO  : System reset is completed.
19:03:26 INFO  : 'after 3000' command is executed.
19:03:26 INFO  : Context for processor 'microblaze_0' is selected.
19:03:27 INFO  : The application 'E:/kevin/myCode/microBlaze100/vitisJson/syncMain/Debug/syncMain.elf' is downloaded to processor 'microblaze_0'.
19:03:27 INFO  : ----------------XSDB Script----------------
connect -url tcp:127.0.0.1:3121
targets -set -filter {jtag_cable_name =~ "Digilent JTAG-HS2 201706300081" && level==0 && jtag_device_ctx=="jsn-JTAG-HS2-201706300081-13631093-0"}
fpga -file E:/kevin/myCode/microBlaze100/vitisJson/syncMain/_ide/bitstream/design_1_wrapper.bit
targets -set -nocase -filter {name =~ "*microblaze*#0" && bscan=="USER2" }
loadhw -hw E:/kevin/myCode/microBlaze100/vitisJson/syncBlaze/export/syncBlaze/hw/design_1_wrapper.xsa -regs
configparams mdm-detect-bscan-mask 2
targets -set -nocase -filter {name =~ "*microblaze*#0" && bscan=="USER2" }
rst -system
after 3000
targets -set -nocase -filter {name =~ "*microblaze*#0" && bscan=="USER2" }
dow E:/kevin/myCode/microBlaze100/vitisJson/syncMain/Debug/syncMain.elf
----------------End of Script----------------

19:03:27 INFO  : Context for processor 'microblaze_0' is selected.
19:03:27 INFO  : 'con' command is executed.
19:03:27 INFO  : ----------------XSDB Script (After Launch)----------------
targets -set -nocase -filter {name =~ "*microblaze*#0" && bscan=="USER2" }
con
----------------End of Script----------------

19:03:27 INFO  : Launch script is exported to file 'E:\kevin\myCode\microBlaze100\vitisJson\syncMain_system\_ide\scripts\systemdebugger_syncmain_system_standalone.tcl'
11:37:03 INFO  : Checking for BSP changes to sync application flags for project 'syncMain'...
11:38:08 INFO  : Checking for BSP changes to sync application flags for project 'syncMain'...
11:38:52 INFO  : Checking for BSP changes to sync application flags for project 'syncMain'...
11:39:36 INFO  : Checking for BSP changes to sync application flags for project 'syncMain'...
11:40:46 INFO  : Checking for BSP changes to sync application flags for project 'syncMain'...
11:41:41 INFO  : Disconnected from the channel tcfchan#65.
11:44:41 INFO  : Hardware specification for platform project 'syncBlaze' is updated.
11:44:55 INFO  : Result from executing command 'getProjects': syncBlaze
11:44:55 INFO  : Result from executing command 'getPlatforms': syncBlaze|E:/kevin/myCode/microBlaze100/vitisJson/syncBlaze/export/syncBlaze/syncBlaze.xpfm;xilinx_vck190_base_202220_1|D:/Xilinx202202/Vitis/2022.2/base_platforms/xilinx_vck190_base_202220_1/xilinx_vck190_base_202220_1.xpfm;xilinx_vck190_base_dfx_202220_1|D:/Xilinx202202/Vitis/2022.2/base_platforms/xilinx_vck190_base_dfx_202220_1/xilinx_vck190_base_dfx_202220_1.xpfm;xilinx_vmk180_base_202220_1|D:/Xilinx202202/Vitis/2022.2/base_platforms/xilinx_vmk180_base_202220_1/xilinx_vmk180_base_202220_1.xpfm;xilinx_zcu102_base_202220_1|D:/Xilinx202202/Vitis/2022.2/base_platforms/xilinx_zcu102_base_202220_1/xilinx_zcu102_base_202220_1.xpfm;xilinx_zcu102_base_dfx_202220_1|D:/Xilinx202202/Vitis/2022.2/base_platforms/xilinx_zcu102_base_dfx_202220_1/xilinx_zcu102_base_dfx_202220_1.xpfm;xilinx_zcu104_base_202220_1|D:/Xilinx202202/Vitis/2022.2/base_platforms/xilinx_zcu104_base_202220_1/xilinx_zcu104_base_202220_1.xpfm
11:45:42 INFO  : The hardware specification used by project 'syncMain' is out of sync with the platform. Resource files extracted from the hardware specification will be updated.
11:45:42 INFO  : The file 'E:\kevin\myCode\microBlaze100\vitisJson\syncMain\_ide\bitstream\design_1_wrapper.bit' stored in project is removed.
11:45:42 INFO  : The file 'E:\kevin\myCode\microBlaze100\vitisJson\syncMain\_ide\bitstream\design_1_wrapper.mmi' stored in project is removed.
11:45:42 INFO  : The updated bitstream files are copied from platform to folder 'E:\kevin\myCode\microBlaze100\vitisJson\syncMain\_ide\bitstream' in project 'syncMain'.
11:45:44 INFO  : Connected to target on host '127.0.0.1' and port '3121'.
11:45:44 INFO  : Jtag cable 'Digilent JTAG-HS2 201706300081' is selected.
11:45:44 INFO  : 'jtag frequency' command is executed.
11:45:44 INFO  : 'targets -set -filter {jtag_cable_name =~ "Digilent JTAG-HS2 201706300081" && level==0 && jtag_device_ctx=="jsn-JTAG-HS2-201706300081-13631093-0"}' command is executed.
11:45:48 INFO  : Device configured successfully with "E:/kevin/myCode/microBlaze100/vitisJson/syncMain/_ide/bitstream/design_1_wrapper.bit"
11:45:48 INFO  : Context for processor 'microblaze_0' is selected.
11:45:48 INFO  : Hardware design and registers information is loaded from 'E:/kevin/myCode/microBlaze100/vitisJson/syncBlaze/export/syncBlaze/hw/design_1_wrapper.xsa'.
11:45:48 INFO  : 'configparams mdm-detect-bscan-mask 2' command is executed.
11:45:48 INFO  : Context for processor 'microblaze_0' is selected.
11:45:48 INFO  : System reset is completed.
11:45:51 INFO  : 'after 3000' command is executed.
11:45:51 INFO  : Context for processor 'microblaze_0' is selected.
11:45:51 INFO  : The application 'E:/kevin/myCode/microBlaze100/vitisJson/syncMain/Debug/syncMain.elf' is downloaded to processor 'microblaze_0'.
11:45:51 INFO  : ----------------XSDB Script----------------
connect -url tcp:127.0.0.1:3121
targets -set -filter {jtag_cable_name =~ "Digilent JTAG-HS2 201706300081" && level==0 && jtag_device_ctx=="jsn-JTAG-HS2-201706300081-13631093-0"}
fpga -file E:/kevin/myCode/microBlaze100/vitisJson/syncMain/_ide/bitstream/design_1_wrapper.bit
targets -set -nocase -filter {name =~ "*microblaze*#0" && bscan=="USER2" }
loadhw -hw E:/kevin/myCode/microBlaze100/vitisJson/syncBlaze/export/syncBlaze/hw/design_1_wrapper.xsa -regs
configparams mdm-detect-bscan-mask 2
targets -set -nocase -filter {name =~ "*microblaze*#0" && bscan=="USER2" }
rst -system
after 3000
targets -set -nocase -filter {name =~ "*microblaze*#0" && bscan=="USER2" }
dow E:/kevin/myCode/microBlaze100/vitisJson/syncMain/Debug/syncMain.elf
----------------End of Script----------------

11:45:51 INFO  : Context for processor 'microblaze_0' is selected.
11:45:51 INFO  : 'con' command is executed.
11:45:51 INFO  : ----------------XSDB Script (After Launch)----------------
targets -set -nocase -filter {name =~ "*microblaze*#0" && bscan=="USER2" }
con
----------------End of Script----------------

11:45:51 INFO  : Launch script is exported to file 'E:\kevin\myCode\microBlaze100\vitisJson\syncMain_system\_ide\scripts\systemdebugger_syncmain_system_standalone.tcl'
11:46:20 INFO  : Disconnected from the channel tcfchan#67.
11:46:22 INFO  : Connected to target on host '127.0.0.1' and port '3121'.
11:46:22 INFO  : Jtag cable 'Digilent JTAG-HS2 201706300081' is selected.
11:46:22 INFO  : 'jtag frequency' command is executed.
11:46:22 INFO  : 'targets -set -filter {jtag_cable_name =~ "Digilent JTAG-HS2 201706300081" && level==0 && jtag_device_ctx=="jsn-JTAG-HS2-201706300081-13631093-0"}' command is executed.
11:46:26 INFO  : Device configured successfully with "E:/kevin/myCode/microBlaze100/vitisJson/syncMain/_ide/bitstream/design_1_wrapper.bit"
11:46:26 INFO  : Context for processor 'microblaze_0' is selected.
11:46:26 INFO  : Hardware design and registers information is loaded from 'E:/kevin/myCode/microBlaze100/vitisJson/syncBlaze/export/syncBlaze/hw/design_1_wrapper.xsa'.
11:46:26 INFO  : 'configparams mdm-detect-bscan-mask 2' command is executed.
11:46:26 INFO  : Context for processor 'microblaze_0' is selected.
11:46:26 INFO  : System reset is completed.
11:46:29 INFO  : 'after 3000' command is executed.
11:46:29 INFO  : Context for processor 'microblaze_0' is selected.
11:46:29 INFO  : The application 'E:/kevin/myCode/microBlaze100/vitisJson/syncMain/Debug/syncMain.elf' is downloaded to processor 'microblaze_0'.
11:46:29 INFO  : ----------------XSDB Script----------------
connect -url tcp:127.0.0.1:3121
targets -set -filter {jtag_cable_name =~ "Digilent JTAG-HS2 201706300081" && level==0 && jtag_device_ctx=="jsn-JTAG-HS2-201706300081-13631093-0"}
fpga -file E:/kevin/myCode/microBlaze100/vitisJson/syncMain/_ide/bitstream/design_1_wrapper.bit
targets -set -nocase -filter {name =~ "*microblaze*#0" && bscan=="USER2" }
loadhw -hw E:/kevin/myCode/microBlaze100/vitisJson/syncBlaze/export/syncBlaze/hw/design_1_wrapper.xsa -regs
configparams mdm-detect-bscan-mask 2
targets -set -nocase -filter {name =~ "*microblaze*#0" && bscan=="USER2" }
rst -system
after 3000
targets -set -nocase -filter {name =~ "*microblaze*#0" && bscan=="USER2" }
dow E:/kevin/myCode/microBlaze100/vitisJson/syncMain/Debug/syncMain.elf
----------------End of Script----------------

11:46:29 INFO  : Context for processor 'microblaze_0' is selected.
11:46:29 INFO  : 'con' command is executed.
11:46:29 INFO  : ----------------XSDB Script (After Launch)----------------
targets -set -nocase -filter {name =~ "*microblaze*#0" && bscan=="USER2" }
con
----------------End of Script----------------

11:46:29 INFO  : Launch script is exported to file 'E:\kevin\myCode\microBlaze100\vitisJson\syncMain_system\_ide\scripts\systemdebugger_syncmain_system_standalone.tcl'
11:50:23 INFO  : Disconnected from the channel tcfchan#68.
11:50:25 INFO  : Connected to target on host '127.0.0.1' and port '3121'.
11:50:25 INFO  : Jtag cable 'Digilent JTAG-HS2 201706300081' is selected.
11:50:25 INFO  : 'jtag frequency' command is executed.
11:50:25 INFO  : 'targets -set -filter {jtag_cable_name =~ "Digilent JTAG-HS2 201706300081" && level==0 && jtag_device_ctx=="jsn-JTAG-HS2-201706300081-13631093-0"}' command is executed.
11:50:29 INFO  : Device configured successfully with "E:/kevin/myCode/microBlaze100/vitisJson/syncMain/_ide/bitstream/design_1_wrapper.bit"
11:50:29 INFO  : Context for processor 'microblaze_0' is selected.
11:50:29 INFO  : Hardware design and registers information is loaded from 'E:/kevin/myCode/microBlaze100/vitisJson/syncBlaze/export/syncBlaze/hw/design_1_wrapper.xsa'.
11:50:29 INFO  : 'configparams mdm-detect-bscan-mask 2' command is executed.
11:50:29 INFO  : Context for processor 'microblaze_0' is selected.
11:50:29 INFO  : System reset is completed.
11:50:32 INFO  : 'after 3000' command is executed.
11:50:32 INFO  : Context for processor 'microblaze_0' is selected.
11:50:32 INFO  : The application 'E:/kevin/myCode/microBlaze100/vitisJson/syncMain/Debug/syncMain.elf' is downloaded to processor 'microblaze_0'.
11:50:32 INFO  : ----------------XSDB Script----------------
connect -url tcp:127.0.0.1:3121
targets -set -filter {jtag_cable_name =~ "Digilent JTAG-HS2 201706300081" && level==0 && jtag_device_ctx=="jsn-JTAG-HS2-201706300081-13631093-0"}
fpga -file E:/kevin/myCode/microBlaze100/vitisJson/syncMain/_ide/bitstream/design_1_wrapper.bit
targets -set -nocase -filter {name =~ "*microblaze*#0" && bscan=="USER2" }
loadhw -hw E:/kevin/myCode/microBlaze100/vitisJson/syncBlaze/export/syncBlaze/hw/design_1_wrapper.xsa -regs
configparams mdm-detect-bscan-mask 2
targets -set -nocase -filter {name =~ "*microblaze*#0" && bscan=="USER2" }
rst -system
after 3000
targets -set -nocase -filter {name =~ "*microblaze*#0" && bscan=="USER2" }
dow E:/kevin/myCode/microBlaze100/vitisJson/syncMain/Debug/syncMain.elf
----------------End of Script----------------

11:50:32 INFO  : Context for processor 'microblaze_0' is selected.
11:50:32 INFO  : 'con' command is executed.
11:50:32 INFO  : ----------------XSDB Script (After Launch)----------------
targets -set -nocase -filter {name =~ "*microblaze*#0" && bscan=="USER2" }
con
----------------End of Script----------------

11:50:32 INFO  : Launch script is exported to file 'E:\kevin\myCode\microBlaze100\vitisJson\syncMain_system\_ide\scripts\systemdebugger_syncmain_system_standalone.tcl'
13:16:00 INFO  : Disconnected from the channel tcfchan#69.
13:16:01 INFO  : Connected to target on host '127.0.0.1' and port '3121'.
13:16:01 INFO  : Jtag cable 'Digilent JTAG-HS2 201706300081' is selected.
13:16:01 INFO  : 'jtag frequency' command is executed.
13:16:01 INFO  : 'targets -set -filter {jtag_cable_name =~ "Digilent JTAG-HS2 201706300081" && level==0 && jtag_device_ctx=="jsn-JTAG-HS2-201706300081-13631093-0"}' command is executed.
13:16:04 INFO  : Device configured successfully with "E:/kevin/myCode/microBlaze100/vitisJson/syncMain/_ide/bitstream/design_1_wrapper.bit"
13:16:04 INFO  : Context for processor 'microblaze_0' is selected.
13:16:04 INFO  : Hardware design and registers information is loaded from 'E:/kevin/myCode/microBlaze100/vitisJson/syncBlaze/export/syncBlaze/hw/design_1_wrapper.xsa'.
13:16:04 INFO  : 'configparams mdm-detect-bscan-mask 2' command is executed.
13:16:04 INFO  : Context for processor 'microblaze_0' is selected.
13:16:04 INFO  : System reset is completed.
13:16:07 INFO  : 'after 3000' command is executed.
13:16:07 INFO  : Context for processor 'microblaze_0' is selected.
13:16:08 INFO  : The application 'E:/kevin/myCode/microBlaze100/vitisJson/syncMain/Debug/syncMain.elf' is downloaded to processor 'microblaze_0'.
13:16:08 INFO  : ----------------XSDB Script----------------
connect -url tcp:127.0.0.1:3121
targets -set -filter {jtag_cable_name =~ "Digilent JTAG-HS2 201706300081" && level==0 && jtag_device_ctx=="jsn-JTAG-HS2-201706300081-13631093-0"}
fpga -file E:/kevin/myCode/microBlaze100/vitisJson/syncMain/_ide/bitstream/design_1_wrapper.bit
targets -set -nocase -filter {name =~ "*microblaze*#0" && bscan=="USER2" }
loadhw -hw E:/kevin/myCode/microBlaze100/vitisJson/syncBlaze/export/syncBlaze/hw/design_1_wrapper.xsa -regs
configparams mdm-detect-bscan-mask 2
targets -set -nocase -filter {name =~ "*microblaze*#0" && bscan=="USER2" }
rst -system
after 3000
targets -set -nocase -filter {name =~ "*microblaze*#0" && bscan=="USER2" }
dow E:/kevin/myCode/microBlaze100/vitisJson/syncMain/Debug/syncMain.elf
----------------End of Script----------------

13:16:08 INFO  : Context for processor 'microblaze_0' is selected.
13:16:08 INFO  : 'con' command is executed.
13:16:08 INFO  : ----------------XSDB Script (After Launch)----------------
targets -set -nocase -filter {name =~ "*microblaze*#0" && bscan=="USER2" }
con
----------------End of Script----------------

13:16:08 INFO  : Launch script is exported to file 'E:\kevin\myCode\microBlaze100\vitisJson\syncMain_system\_ide\scripts\systemdebugger_syncmain_system_standalone.tcl'
13:48:16 INFO  : Hardware specification for platform project 'syncBlaze' is updated.
13:48:34 INFO  : Result from executing command 'getProjects': syncBlaze
13:48:34 INFO  : Result from executing command 'getPlatforms': syncBlaze|E:/kevin/myCode/microBlaze100/vitisJson/syncBlaze/export/syncBlaze/syncBlaze.xpfm;xilinx_vck190_base_202220_1|D:/Xilinx202202/Vitis/2022.2/base_platforms/xilinx_vck190_base_202220_1/xilinx_vck190_base_202220_1.xpfm;xilinx_vck190_base_dfx_202220_1|D:/Xilinx202202/Vitis/2022.2/base_platforms/xilinx_vck190_base_dfx_202220_1/xilinx_vck190_base_dfx_202220_1.xpfm;xilinx_vmk180_base_202220_1|D:/Xilinx202202/Vitis/2022.2/base_platforms/xilinx_vmk180_base_202220_1/xilinx_vmk180_base_202220_1.xpfm;xilinx_zcu102_base_202220_1|D:/Xilinx202202/Vitis/2022.2/base_platforms/xilinx_zcu102_base_202220_1/xilinx_zcu102_base_202220_1.xpfm;xilinx_zcu102_base_dfx_202220_1|D:/Xilinx202202/Vitis/2022.2/base_platforms/xilinx_zcu102_base_dfx_202220_1/xilinx_zcu102_base_dfx_202220_1.xpfm;xilinx_zcu104_base_202220_1|D:/Xilinx202202/Vitis/2022.2/base_platforms/xilinx_zcu104_base_202220_1/xilinx_zcu104_base_202220_1.xpfm
13:48:46 INFO  : Checking for BSP changes to sync application flags for project 'syncMain'...
13:48:58 ERROR : XSCT server calls should not be made from TCF thread.
java.lang.RuntimeException: XSCT server calls should not be made from TCF thread.
	at com.xilinx.sdk.xsdb.XSDBCommandManager.issueAndWait(XSDBCommandManager.java:392) [com.xilinx.sdk.xsdb_1.0.0.202210132147.jar:?]
	at com.xilinx.sdk.xsdb.XsdbCommandUtils.executeAndRespond(XsdbCommandUtils.java:325) [com.xilinx.sdk.xsdb_1.0.0.202210132147.jar:?]
	at com.xilinx.sdk.hw.internal.HwPlatform.populateDesignProps(HwPlatform.java:521) [com.xilinx.sdk.hw_1.0.0.202210132147.jar:?]
	at com.xilinx.sdk.hw.internal.HwPlatform.isZynq(HwPlatform.java:1101) [com.xilinx.sdk.hw_1.0.0.202210132147.jar:?]
	at com.xilinx.sdk.hw.internal.HwPlatform.getArchFamily(HwPlatform.java:587) [com.xilinx.sdk.hw_1.0.0.202210132147.jar:?]
	at com.xilinx.sdk.tcf.internal.debug.ui.common.BaseLaunchConfigModel.readCrossTriggerModel(BaseLaunchConfigModel.java:174) [com.xilinx.sdk.tcf.debug_1.0.0.202210132147.jar:?]
	at com.xilinx.sdk.tcf.internal.debug.ui.common.BaseLaunchConfigModel.readAndSetAttributes(BaseLaunchConfigModel.java:156) [com.xilinx.sdk.tcf.debug_1.0.0.202210132147.jar:?]
	at com.xilinx.sdx.sdsoc.debug.ui.SdsLaunchConfigModel.newInstance(SdsLaunchConfigModel.java:109) [com.xilinx.sdx.sdsoc.debug.ui_1.0.0.202210132147.jar:?]
	at com.xilinx.sdx.sdsoc.debug.launch.SdsTcfLaunchDelegate.createConfigModel(SdsTcfLaunchDelegate.java:85) [com.xilinx.sdx.sdsoc.debug_1.0.0.202210132147.jar:?]
	at com.xilinx.sdx.sdsoc.debug.launch.SdsTcfLaunchDelegate.generateReports(SdsTcfLaunchDelegate.java:641) [com.xilinx.sdx.sdsoc.debug_1.0.0.202210132147.jar:?]
	at com.xilinx.sdx.sdsoc.debug.launch.SdsTcfLaunchDelegate.onDisconnected(SdsTcfLaunchDelegate.java:615) [com.xilinx.sdx.sdsoc.debug_1.0.0.202210132147.jar:?]
	at org.eclipse.tcf.internal.debug.ui.model.TCFModelManager$1.onDisconnected(TCFModelManager.java:79) [org.eclipse.tcf.debug.ui_1.7.0.202210132147.jar:?]
	at org.eclipse.tcf.internal.debug.model.TCFLaunch.onDisconnected(TCFLaunch.java:532) [org.eclipse.tcf.debug_1.7.0.202210132147.jar:?]
	at org.eclipse.tcf.internal.debug.model.TCFLaunch$43.onChannelClosed(TCFLaunch.java:1643) [org.eclipse.tcf.debug_1.7.0.202210132147.jar:?]
	at org.eclipse.tcf.core.AbstractChannel$9.run(AbstractChannel.java:858) [org.eclipse.tcf.core_1.7.0.202210132147.jar:?]
	at org.eclipse.tcf.EventQueue.run(EventQueue.java:98) [org.eclipse.tcf_1.7.0.202210132147.jar:?]
	at java.lang.Thread.run(Thread.java:829) [?:?]
13:48:58 INFO  : Disconnected from the channel tcfchan#70.
13:49:02 INFO  : The hardware specification used by project 'syncMain' is out of sync with the platform. Resource files extracted from the hardware specification will be updated.
13:49:02 INFO  : The file 'E:\kevin\myCode\microBlaze100\vitisJson\syncMain\_ide\bitstream\design_1_wrapper.bit' stored in project is removed.
13:49:02 INFO  : The file 'E:\kevin\myCode\microBlaze100\vitisJson\syncMain\_ide\bitstream\design_1_wrapper.mmi' stored in project is removed.
13:49:02 INFO  : The updated bitstream files are copied from platform to folder 'E:\kevin\myCode\microBlaze100\vitisJson\syncMain\_ide\bitstream' in project 'syncMain'.
13:49:02 INFO  : Connected to target on host '127.0.0.1' and port '3121'.
13:49:02 INFO  : Jtag cable 'Digilent JTAG-HS2 201706300081' is selected.
13:49:02 INFO  : 'jtag frequency' command is executed.
13:49:03 INFO  : 'targets -set -filter {jtag_cable_name =~ "Digilent JTAG-HS2 201706300081" && level==0 && jtag_device_ctx=="jsn-JTAG-HS2-201706300081-13631093-0"}' command is executed.
13:49:06 INFO  : Device configured successfully with "E:/kevin/myCode/microBlaze100/vitisJson/syncMain/_ide/bitstream/design_1_wrapper.bit"
13:49:06 INFO  : Context for processor 'microblaze_0' is selected.
13:49:06 INFO  : Hardware design and registers information is loaded from 'E:/kevin/myCode/microBlaze100/vitisJson/syncBlaze/export/syncBlaze/hw/design_1_wrapper.xsa'.
13:49:06 INFO  : 'configparams mdm-detect-bscan-mask 2' command is executed.
13:49:06 INFO  : Context for processor 'microblaze_0' is selected.
13:49:06 INFO  : System reset is completed.
13:49:09 INFO  : 'after 3000' command is executed.
13:49:09 INFO  : Context for processor 'microblaze_0' is selected.
13:49:09 INFO  : The application 'E:/kevin/myCode/microBlaze100/vitisJson/syncMain/Debug/syncMain.elf' is downloaded to processor 'microblaze_0'.
13:49:09 INFO  : ----------------XSDB Script----------------
connect -url tcp:127.0.0.1:3121
targets -set -filter {jtag_cable_name =~ "Digilent JTAG-HS2 201706300081" && level==0 && jtag_device_ctx=="jsn-JTAG-HS2-201706300081-13631093-0"}
fpga -file E:/kevin/myCode/microBlaze100/vitisJson/syncMain/_ide/bitstream/design_1_wrapper.bit
targets -set -nocase -filter {name =~ "*microblaze*#0" && bscan=="USER2" }
loadhw -hw E:/kevin/myCode/microBlaze100/vitisJson/syncBlaze/export/syncBlaze/hw/design_1_wrapper.xsa -regs
configparams mdm-detect-bscan-mask 2
targets -set -nocase -filter {name =~ "*microblaze*#0" && bscan=="USER2" }
rst -system
after 3000
targets -set -nocase -filter {name =~ "*microblaze*#0" && bscan=="USER2" }
dow E:/kevin/myCode/microBlaze100/vitisJson/syncMain/Debug/syncMain.elf
----------------End of Script----------------

13:49:09 INFO  : Context for processor 'microblaze_0' is selected.
13:49:09 INFO  : 'con' command is executed.
13:49:09 INFO  : ----------------XSDB Script (After Launch)----------------
targets -set -nocase -filter {name =~ "*microblaze*#0" && bscan=="USER2" }
con
----------------End of Script----------------

13:49:09 INFO  : Launch script is exported to file 'E:\kevin\myCode\microBlaze100\vitisJson\syncMain_system\_ide\scripts\systemdebugger_syncmain_system_standalone.tcl'
13:49:35 INFO  : Disconnected from the channel tcfchan#72.
13:49:36 INFO  : Connected to target on host '127.0.0.1' and port '3121'.
13:49:36 INFO  : Jtag cable 'Digilent JTAG-HS2 201706300081' is selected.
13:49:36 INFO  : 'jtag frequency' command is executed.
13:49:36 INFO  : 'targets -set -filter {jtag_cable_name =~ "Digilent JTAG-HS2 201706300081" && level==0 && jtag_device_ctx=="jsn-JTAG-HS2-201706300081-13631093-0"}' command is executed.
13:49:40 INFO  : Device configured successfully with "E:/kevin/myCode/microBlaze100/vitisJson/syncMain/_ide/bitstream/design_1_wrapper.bit"
13:49:40 INFO  : Context for processor 'microblaze_0' is selected.
13:49:40 INFO  : Hardware design and registers information is loaded from 'E:/kevin/myCode/microBlaze100/vitisJson/syncBlaze/export/syncBlaze/hw/design_1_wrapper.xsa'.
13:49:40 INFO  : 'configparams mdm-detect-bscan-mask 2' command is executed.
13:49:40 INFO  : Context for processor 'microblaze_0' is selected.
13:49:40 INFO  : System reset is completed.
13:49:43 INFO  : 'after 3000' command is executed.
13:49:43 INFO  : Context for processor 'microblaze_0' is selected.
13:49:43 INFO  : The application 'E:/kevin/myCode/microBlaze100/vitisJson/syncMain/Debug/syncMain.elf' is downloaded to processor 'microblaze_0'.
13:49:43 INFO  : ----------------XSDB Script----------------
connect -url tcp:127.0.0.1:3121
targets -set -filter {jtag_cable_name =~ "Digilent JTAG-HS2 201706300081" && level==0 && jtag_device_ctx=="jsn-JTAG-HS2-201706300081-13631093-0"}
fpga -file E:/kevin/myCode/microBlaze100/vitisJson/syncMain/_ide/bitstream/design_1_wrapper.bit
targets -set -nocase -filter {name =~ "*microblaze*#0" && bscan=="USER2" }
loadhw -hw E:/kevin/myCode/microBlaze100/vitisJson/syncBlaze/export/syncBlaze/hw/design_1_wrapper.xsa -regs
configparams mdm-detect-bscan-mask 2
targets -set -nocase -filter {name =~ "*microblaze*#0" && bscan=="USER2" }
rst -system
after 3000
targets -set -nocase -filter {name =~ "*microblaze*#0" && bscan=="USER2" }
dow E:/kevin/myCode/microBlaze100/vitisJson/syncMain/Debug/syncMain.elf
----------------End of Script----------------

13:49:43 INFO  : Context for processor 'microblaze_0' is selected.
13:49:43 INFO  : 'con' command is executed.
13:49:43 INFO  : ----------------XSDB Script (After Launch)----------------
targets -set -nocase -filter {name =~ "*microblaze*#0" && bscan=="USER2" }
con
----------------End of Script----------------

13:49:43 INFO  : Launch script is exported to file 'E:\kevin\myCode\microBlaze100\vitisJson\syncMain_system\_ide\scripts\systemdebugger_syncmain_system_standalone.tcl'
14:02:25 INFO  : Disconnected from the channel tcfchan#73.
14:02:25 INFO  : Connected to target on host '127.0.0.1' and port '3121'.
14:02:25 INFO  : Jtag cable 'Digilent JTAG-HS2 201706300081' is selected.
14:02:25 INFO  : 'jtag frequency' command is executed.
14:02:25 INFO  : 'targets -set -filter {jtag_cable_name =~ "Digilent JTAG-HS2 201706300081" && level==0 && jtag_device_ctx=="jsn-JTAG-HS2-201706300081-13631093-0"}' command is executed.
14:02:28 INFO  : Device configured successfully with "E:/kevin/myCode/microBlaze100/vitisJson/syncMain/_ide/bitstream/design_1_wrapper.bit"
14:02:28 INFO  : Context for processor 'microblaze_0' is selected.
14:02:28 INFO  : Hardware design and registers information is loaded from 'E:/kevin/myCode/microBlaze100/vitisJson/syncBlaze/export/syncBlaze/hw/design_1_wrapper.xsa'.
14:02:28 INFO  : 'configparams mdm-detect-bscan-mask 2' command is executed.
14:02:28 INFO  : Context for processor 'microblaze_0' is selected.
14:02:28 INFO  : System reset is completed.
14:02:31 INFO  : 'after 3000' command is executed.
14:02:31 INFO  : Context for processor 'microblaze_0' is selected.
14:02:31 INFO  : The application 'E:/kevin/myCode/microBlaze100/vitisJson/syncMain/Debug/syncMain.elf' is downloaded to processor 'microblaze_0'.
14:02:31 INFO  : ----------------XSDB Script----------------
connect -url tcp:127.0.0.1:3121
targets -set -filter {jtag_cable_name =~ "Digilent JTAG-HS2 201706300081" && level==0 && jtag_device_ctx=="jsn-JTAG-HS2-201706300081-13631093-0"}
fpga -file E:/kevin/myCode/microBlaze100/vitisJson/syncMain/_ide/bitstream/design_1_wrapper.bit
targets -set -nocase -filter {name =~ "*microblaze*#0" && bscan=="USER2" }
loadhw -hw E:/kevin/myCode/microBlaze100/vitisJson/syncBlaze/export/syncBlaze/hw/design_1_wrapper.xsa -regs
configparams mdm-detect-bscan-mask 2
targets -set -nocase -filter {name =~ "*microblaze*#0" && bscan=="USER2" }
rst -system
after 3000
targets -set -nocase -filter {name =~ "*microblaze*#0" && bscan=="USER2" }
dow E:/kevin/myCode/microBlaze100/vitisJson/syncMain/Debug/syncMain.elf
----------------End of Script----------------

14:02:32 INFO  : Context for processor 'microblaze_0' is selected.
14:02:32 INFO  : 'con' command is executed.
14:02:32 INFO  : ----------------XSDB Script (After Launch)----------------
targets -set -nocase -filter {name =~ "*microblaze*#0" && bscan=="USER2" }
con
----------------End of Script----------------

14:02:32 INFO  : Launch script is exported to file 'E:\kevin\myCode\microBlaze100\vitisJson\syncMain_system\_ide\scripts\systemdebugger_syncmain_system_standalone.tcl'
14:04:41 INFO  : Disconnected from the channel tcfchan#74.
14:04:42 INFO  : Checking for BSP changes to sync application flags for project 'syncMain'...
14:04:45 INFO  : Connected to target on host '127.0.0.1' and port '3121'.
14:04:45 INFO  : Jtag cable 'Digilent JTAG-HS2 201706300081' is selected.
14:04:45 INFO  : 'jtag frequency' command is executed.
14:04:45 INFO  : 'targets -set -filter {jtag_cable_name =~ "Digilent JTAG-HS2 201706300081" && level==0 && jtag_device_ctx=="jsn-JTAG-HS2-201706300081-13631093-0"}' command is executed.
14:04:48 INFO  : Device configured successfully with "E:/kevin/myCode/microBlaze100/vitisJson/syncMain/_ide/bitstream/design_1_wrapper.bit"
14:04:48 INFO  : Context for processor 'microblaze_0' is selected.
14:04:48 INFO  : Hardware design and registers information is loaded from 'E:/kevin/myCode/microBlaze100/vitisJson/syncBlaze/export/syncBlaze/hw/design_1_wrapper.xsa'.
14:04:48 INFO  : 'configparams mdm-detect-bscan-mask 2' command is executed.
14:04:48 INFO  : Context for processor 'microblaze_0' is selected.
14:04:48 INFO  : System reset is completed.
14:04:51 INFO  : 'after 3000' command is executed.
14:04:51 INFO  : Context for processor 'microblaze_0' is selected.
14:04:52 INFO  : The application 'E:/kevin/myCode/microBlaze100/vitisJson/syncMain/Debug/syncMain.elf' is downloaded to processor 'microblaze_0'.
14:04:52 INFO  : ----------------XSDB Script----------------
connect -url tcp:127.0.0.1:3121
targets -set -filter {jtag_cable_name =~ "Digilent JTAG-HS2 201706300081" && level==0 && jtag_device_ctx=="jsn-JTAG-HS2-201706300081-13631093-0"}
fpga -file E:/kevin/myCode/microBlaze100/vitisJson/syncMain/_ide/bitstream/design_1_wrapper.bit
targets -set -nocase -filter {name =~ "*microblaze*#0" && bscan=="USER2" }
loadhw -hw E:/kevin/myCode/microBlaze100/vitisJson/syncBlaze/export/syncBlaze/hw/design_1_wrapper.xsa -regs
configparams mdm-detect-bscan-mask 2
targets -set -nocase -filter {name =~ "*microblaze*#0" && bscan=="USER2" }
rst -system
after 3000
targets -set -nocase -filter {name =~ "*microblaze*#0" && bscan=="USER2" }
dow E:/kevin/myCode/microBlaze100/vitisJson/syncMain/Debug/syncMain.elf
----------------End of Script----------------

14:04:52 INFO  : Context for processor 'microblaze_0' is selected.
14:04:52 INFO  : 'con' command is executed.
14:04:52 INFO  : ----------------XSDB Script (After Launch)----------------
targets -set -nocase -filter {name =~ "*microblaze*#0" && bscan=="USER2" }
con
----------------End of Script----------------

14:04:52 INFO  : Launch script is exported to file 'E:\kevin\myCode\microBlaze100\vitisJson\syncMain_system\_ide\scripts\systemdebugger_syncmain_system_standalone.tcl'
14:05:02 INFO  : Checking for BSP changes to sync application flags for project 'syncMain'...
14:05:07 INFO  : Disconnected from the channel tcfchan#75.
14:05:09 INFO  : Connected to target on host '127.0.0.1' and port '3121'.
14:05:09 INFO  : Jtag cable 'Digilent JTAG-HS2 201706300081' is selected.
14:05:09 INFO  : 'jtag frequency' command is executed.
14:05:09 INFO  : 'targets -set -filter {jtag_cable_name =~ "Digilent JTAG-HS2 201706300081" && level==0 && jtag_device_ctx=="jsn-JTAG-HS2-201706300081-13631093-0"}' command is executed.
14:05:12 INFO  : Device configured successfully with "E:/kevin/myCode/microBlaze100/vitisJson/syncMain/_ide/bitstream/design_1_wrapper.bit"
14:05:12 INFO  : Context for processor 'microblaze_0' is selected.
14:05:12 INFO  : Hardware design and registers information is loaded from 'E:/kevin/myCode/microBlaze100/vitisJson/syncBlaze/export/syncBlaze/hw/design_1_wrapper.xsa'.
14:05:12 INFO  : 'configparams mdm-detect-bscan-mask 2' command is executed.
14:05:12 INFO  : Context for processor 'microblaze_0' is selected.
14:05:12 INFO  : System reset is completed.
14:05:15 INFO  : 'after 3000' command is executed.
14:05:15 INFO  : Context for processor 'microblaze_0' is selected.
14:05:16 INFO  : The application 'E:/kevin/myCode/microBlaze100/vitisJson/syncMain/Debug/syncMain.elf' is downloaded to processor 'microblaze_0'.
14:05:16 INFO  : ----------------XSDB Script----------------
connect -url tcp:127.0.0.1:3121
targets -set -filter {jtag_cable_name =~ "Digilent JTAG-HS2 201706300081" && level==0 && jtag_device_ctx=="jsn-JTAG-HS2-201706300081-13631093-0"}
fpga -file E:/kevin/myCode/microBlaze100/vitisJson/syncMain/_ide/bitstream/design_1_wrapper.bit
targets -set -nocase -filter {name =~ "*microblaze*#0" && bscan=="USER2" }
loadhw -hw E:/kevin/myCode/microBlaze100/vitisJson/syncBlaze/export/syncBlaze/hw/design_1_wrapper.xsa -regs
configparams mdm-detect-bscan-mask 2
targets -set -nocase -filter {name =~ "*microblaze*#0" && bscan=="USER2" }
rst -system
after 3000
targets -set -nocase -filter {name =~ "*microblaze*#0" && bscan=="USER2" }
dow E:/kevin/myCode/microBlaze100/vitisJson/syncMain/Debug/syncMain.elf
----------------End of Script----------------

14:05:16 INFO  : Context for processor 'microblaze_0' is selected.
14:05:16 INFO  : 'con' command is executed.
14:05:16 INFO  : ----------------XSDB Script (After Launch)----------------
targets -set -nocase -filter {name =~ "*microblaze*#0" && bscan=="USER2" }
con
----------------End of Script----------------

14:05:16 INFO  : Launch script is exported to file 'E:\kevin\myCode\microBlaze100\vitisJson\syncMain_system\_ide\scripts\systemdebugger_syncmain_system_standalone.tcl'
14:26:05 INFO  : Hardware specification for platform project 'syncBlaze' is updated.
14:26:21 INFO  : Result from executing command 'getProjects': syncBlaze
14:26:21 INFO  : Result from executing command 'getPlatforms': syncBlaze|E:/kevin/myCode/microBlaze100/vitisJson/syncBlaze/export/syncBlaze/syncBlaze.xpfm;xilinx_vck190_base_202220_1|D:/Xilinx202202/Vitis/2022.2/base_platforms/xilinx_vck190_base_202220_1/xilinx_vck190_base_202220_1.xpfm;xilinx_vck190_base_dfx_202220_1|D:/Xilinx202202/Vitis/2022.2/base_platforms/xilinx_vck190_base_dfx_202220_1/xilinx_vck190_base_dfx_202220_1.xpfm;xilinx_vmk180_base_202220_1|D:/Xilinx202202/Vitis/2022.2/base_platforms/xilinx_vmk180_base_202220_1/xilinx_vmk180_base_202220_1.xpfm;xilinx_zcu102_base_202220_1|D:/Xilinx202202/Vitis/2022.2/base_platforms/xilinx_zcu102_base_202220_1/xilinx_zcu102_base_202220_1.xpfm;xilinx_zcu102_base_dfx_202220_1|D:/Xilinx202202/Vitis/2022.2/base_platforms/xilinx_zcu102_base_dfx_202220_1/xilinx_zcu102_base_dfx_202220_1.xpfm;xilinx_zcu104_base_202220_1|D:/Xilinx202202/Vitis/2022.2/base_platforms/xilinx_zcu104_base_202220_1/xilinx_zcu104_base_202220_1.xpfm
14:26:30 ERROR : XSCT server calls should not be made from TCF thread.
java.lang.RuntimeException: XSCT server calls should not be made from TCF thread.
	at com.xilinx.sdk.xsdb.XSDBCommandManager.issueAndWait(XSDBCommandManager.java:392) [com.xilinx.sdk.xsdb_1.0.0.202210132147.jar:?]
	at com.xilinx.sdk.xsdb.XsdbCommandUtils.executeAndRespond(XsdbCommandUtils.java:325) [com.xilinx.sdk.xsdb_1.0.0.202210132147.jar:?]
	at com.xilinx.sdk.hw.internal.HwPlatform.dispose(HwPlatform.java:1325) [com.xilinx.sdk.hw_1.0.0.202210132147.jar:?]
	at com.xilinx.sdk.hw.internal.HwSpecFactory.removeHwSpec(HwSpecFactory.java:92) [com.xilinx.sdk.hw_1.0.0.202210132147.jar:?]
	at com.xilinx.sdk.hw.internal.HwSpecFactory.validateGetFromCache(HwSpecFactory.java:78) [com.xilinx.sdk.hw_1.0.0.202210132147.jar:?]
	at com.xilinx.sdk.hw.internal.HwSpecFactory.createHwSpec(HwSpecFactory.java:48) [com.xilinx.sdk.hw_1.0.0.202210132147.jar:?]
	at com.xilinx.sdx.sdsoc.debug.ui.SdsLaunchConfigUtil.createHwPlatform(SdsLaunchConfigUtil.java:57) [com.xilinx.sdx.sdsoc.debug.ui_1.0.0.202210132147.jar:?]
	at com.xilinx.sdx.sdsoc.debug.ui.SdsLaunchConfigModel.iniHwPlatform(SdsLaunchConfigModel.java:187) [com.xilinx.sdx.sdsoc.debug.ui_1.0.0.202210132147.jar:?]
	at com.xilinx.sdk.tcf.internal.debug.ui.common.BaseLaunchConfigModel.getHwPlatform(BaseLaunchConfigModel.java:577) [com.xilinx.sdk.tcf.debug_1.0.0.202210132147.jar:?]
	at com.xilinx.sdk.tcf.internal.debug.ui.common.BaseLaunchConfigModel.readCrossTriggerModel(BaseLaunchConfigModel.java:173) [com.xilinx.sdk.tcf.debug_1.0.0.202210132147.jar:?]
	at com.xilinx.sdk.tcf.internal.debug.ui.common.BaseLaunchConfigModel.readAndSetAttributes(BaseLaunchConfigModel.java:156) [com.xilinx.sdk.tcf.debug_1.0.0.202210132147.jar:?]
	at com.xilinx.sdx.sdsoc.debug.ui.SdsLaunchConfigModel.newInstance(SdsLaunchConfigModel.java:109) [com.xilinx.sdx.sdsoc.debug.ui_1.0.0.202210132147.jar:?]
	at com.xilinx.sdx.sdsoc.debug.launch.SdsTcfLaunchDelegate.createConfigModel(SdsTcfLaunchDelegate.java:85) [com.xilinx.sdx.sdsoc.debug_1.0.0.202210132147.jar:?]
	at com.xilinx.sdx.sdsoc.debug.launch.SdsTcfLaunchDelegate.generateReports(SdsTcfLaunchDelegate.java:641) [com.xilinx.sdx.sdsoc.debug_1.0.0.202210132147.jar:?]
	at com.xilinx.sdx.sdsoc.debug.launch.SdsTcfLaunchDelegate.onDisconnected(SdsTcfLaunchDelegate.java:615) [com.xilinx.sdx.sdsoc.debug_1.0.0.202210132147.jar:?]
	at org.eclipse.tcf.internal.debug.ui.model.TCFModelManager$1.onDisconnected(TCFModelManager.java:79) [org.eclipse.tcf.debug.ui_1.7.0.202210132147.jar:?]
	at org.eclipse.tcf.internal.debug.model.TCFLaunch.onDisconnected(TCFLaunch.java:532) [org.eclipse.tcf.debug_1.7.0.202210132147.jar:?]
	at org.eclipse.tcf.internal.debug.model.TCFLaunch$43.onChannelClosed(TCFLaunch.java:1643) [org.eclipse.tcf.debug_1.7.0.202210132147.jar:?]
	at org.eclipse.tcf.core.AbstractChannel$9.run(AbstractChannel.java:858) [org.eclipse.tcf.core_1.7.0.202210132147.jar:?]
	at org.eclipse.tcf.EventQueue.run(EventQueue.java:98) [org.eclipse.tcf_1.7.0.202210132147.jar:?]
	at java.lang.Thread.run(Thread.java:829) [?:?]
14:26:30 INFO  : Disconnected from the channel tcfchan#76.
14:26:48 INFO  : The hardware specification used by project 'syncMain' is out of sync with the platform. Resource files extracted from the hardware specification will be updated.
14:26:48 INFO  : The file 'E:\kevin\myCode\microBlaze100\vitisJson\syncMain\_ide\bitstream\design_1_wrapper.bit' stored in project is removed.
14:26:48 INFO  : The file 'E:\kevin\myCode\microBlaze100\vitisJson\syncMain\_ide\bitstream\design_1_wrapper.mmi' stored in project is removed.
14:26:48 INFO  : The updated bitstream files are copied from platform to folder 'E:\kevin\myCode\microBlaze100\vitisJson\syncMain\_ide\bitstream' in project 'syncMain'.
14:26:50 INFO  : Connected to target on host '127.0.0.1' and port '3121'.
14:26:50 INFO  : Jtag cable 'Digilent JTAG-HS2 201706300081' is selected.
14:26:50 INFO  : 'jtag frequency' command is executed.
14:26:50 INFO  : 'targets -set -filter {jtag_cable_name =~ "Digilent JTAG-HS2 201706300081" && level==0 && jtag_device_ctx=="jsn-JTAG-HS2-201706300081-13631093-0"}' command is executed.
14:26:54 INFO  : Device configured successfully with "E:/kevin/myCode/microBlaze100/vitisJson/syncMain/_ide/bitstream/design_1_wrapper.bit"
14:26:54 INFO  : Context for processor 'microblaze_0' is selected.
14:26:54 INFO  : Hardware design and registers information is loaded from 'E:/kevin/myCode/microBlaze100/vitisJson/syncBlaze/export/syncBlaze/hw/design_1_wrapper.xsa'.
14:26:54 INFO  : 'configparams mdm-detect-bscan-mask 2' command is executed.
14:26:54 INFO  : Context for processor 'microblaze_0' is selected.
14:26:54 INFO  : System reset is completed.
14:26:57 INFO  : 'after 3000' command is executed.
14:26:57 INFO  : Context for processor 'microblaze_0' is selected.
14:26:57 INFO  : The application 'E:/kevin/myCode/microBlaze100/vitisJson/syncMain/Debug/syncMain.elf' is downloaded to processor 'microblaze_0'.
14:26:57 INFO  : ----------------XSDB Script----------------
connect -url tcp:127.0.0.1:3121
targets -set -filter {jtag_cable_name =~ "Digilent JTAG-HS2 201706300081" && level==0 && jtag_device_ctx=="jsn-JTAG-HS2-201706300081-13631093-0"}
fpga -file E:/kevin/myCode/microBlaze100/vitisJson/syncMain/_ide/bitstream/design_1_wrapper.bit
targets -set -nocase -filter {name =~ "*microblaze*#0" && bscan=="USER2" }
loadhw -hw E:/kevin/myCode/microBlaze100/vitisJson/syncBlaze/export/syncBlaze/hw/design_1_wrapper.xsa -regs
configparams mdm-detect-bscan-mask 2
targets -set -nocase -filter {name =~ "*microblaze*#0" && bscan=="USER2" }
rst -system
after 3000
targets -set -nocase -filter {name =~ "*microblaze*#0" && bscan=="USER2" }
dow E:/kevin/myCode/microBlaze100/vitisJson/syncMain/Debug/syncMain.elf
----------------End of Script----------------

14:26:57 INFO  : Context for processor 'microblaze_0' is selected.
14:26:57 INFO  : 'con' command is executed.
14:26:57 INFO  : ----------------XSDB Script (After Launch)----------------
targets -set -nocase -filter {name =~ "*microblaze*#0" && bscan=="USER2" }
con
----------------End of Script----------------

14:26:57 INFO  : Launch script is exported to file 'E:\kevin\myCode\microBlaze100\vitisJson\syncMain_system\_ide\scripts\systemdebugger_syncmain_system_standalone.tcl'
14:27:55 INFO  : Disconnected from the channel tcfchan#78.
14:27:56 INFO  : Checking for BSP changes to sync application flags for project 'syncMain'...
14:28:03 INFO  : Connected to target on host '127.0.0.1' and port '3121'.
14:28:03 INFO  : Jtag cable 'Digilent JTAG-HS2 201706300081' is selected.
14:28:03 INFO  : 'jtag frequency' command is executed.
14:28:03 INFO  : 'targets -set -filter {jtag_cable_name =~ "Digilent JTAG-HS2 201706300081" && level==0 && jtag_device_ctx=="jsn-JTAG-HS2-201706300081-13631093-0"}' command is executed.
14:28:06 INFO  : Device configured successfully with "E:/kevin/myCode/microBlaze100/vitisJson/syncMain/_ide/bitstream/design_1_wrapper.bit"
14:28:06 INFO  : Context for processor 'microblaze_0' is selected.
14:28:06 INFO  : Hardware design and registers information is loaded from 'E:/kevin/myCode/microBlaze100/vitisJson/syncBlaze/export/syncBlaze/hw/design_1_wrapper.xsa'.
14:28:06 INFO  : 'configparams mdm-detect-bscan-mask 2' command is executed.
14:28:06 INFO  : Context for processor 'microblaze_0' is selected.
14:28:06 INFO  : System reset is completed.
14:28:09 INFO  : 'after 3000' command is executed.
14:28:09 INFO  : Context for processor 'microblaze_0' is selected.
14:28:10 INFO  : The application 'E:/kevin/myCode/microBlaze100/vitisJson/syncMain/Debug/syncMain.elf' is downloaded to processor 'microblaze_0'.
14:28:10 INFO  : ----------------XSDB Script----------------
connect -url tcp:127.0.0.1:3121
targets -set -filter {jtag_cable_name =~ "Digilent JTAG-HS2 201706300081" && level==0 && jtag_device_ctx=="jsn-JTAG-HS2-201706300081-13631093-0"}
fpga -file E:/kevin/myCode/microBlaze100/vitisJson/syncMain/_ide/bitstream/design_1_wrapper.bit
targets -set -nocase -filter {name =~ "*microblaze*#0" && bscan=="USER2" }
loadhw -hw E:/kevin/myCode/microBlaze100/vitisJson/syncBlaze/export/syncBlaze/hw/design_1_wrapper.xsa -regs
configparams mdm-detect-bscan-mask 2
targets -set -nocase -filter {name =~ "*microblaze*#0" && bscan=="USER2" }
rst -system
after 3000
targets -set -nocase -filter {name =~ "*microblaze*#0" && bscan=="USER2" }
dow E:/kevin/myCode/microBlaze100/vitisJson/syncMain/Debug/syncMain.elf
----------------End of Script----------------

14:28:10 INFO  : Context for processor 'microblaze_0' is selected.
14:28:10 INFO  : 'con' command is executed.
14:28:10 INFO  : ----------------XSDB Script (After Launch)----------------
targets -set -nocase -filter {name =~ "*microblaze*#0" && bscan=="USER2" }
con
----------------End of Script----------------

14:28:10 INFO  : Launch script is exported to file 'E:\kevin\myCode\microBlaze100\vitisJson\syncMain_system\_ide\scripts\systemdebugger_syncmain_system_standalone.tcl'
14:34:22 INFO  : Disconnected from the channel tcfchan#79.
14:34:26 INFO  : Checking for BSP changes to sync application flags for project 'syncMain'...
14:34:32 INFO  : Checking for BSP changes to sync application flags for project 'syncMain'...
14:34:37 INFO  : Connected to target on host '127.0.0.1' and port '3121'.
14:34:37 INFO  : Jtag cable 'Digilent JTAG-HS2 201706300081' is selected.
14:34:37 INFO  : 'jtag frequency' command is executed.
14:34:37 INFO  : 'targets -set -filter {jtag_cable_name =~ "Digilent JTAG-HS2 201706300081" && level==0 && jtag_device_ctx=="jsn-JTAG-HS2-201706300081-13631093-0"}' command is executed.
14:34:40 INFO  : Device configured successfully with "E:/kevin/myCode/microBlaze100/vitisJson/syncMain/_ide/bitstream/design_1_wrapper.bit"
14:34:40 INFO  : Context for processor 'microblaze_0' is selected.
14:34:40 INFO  : Hardware design and registers information is loaded from 'E:/kevin/myCode/microBlaze100/vitisJson/syncBlaze/export/syncBlaze/hw/design_1_wrapper.xsa'.
14:34:40 INFO  : 'configparams mdm-detect-bscan-mask 2' command is executed.
14:34:40 INFO  : Context for processor 'microblaze_0' is selected.
14:34:40 INFO  : System reset is completed.
14:34:43 INFO  : 'after 3000' command is executed.
14:34:43 INFO  : Context for processor 'microblaze_0' is selected.
14:34:44 INFO  : The application 'E:/kevin/myCode/microBlaze100/vitisJson/syncMain/Debug/syncMain.elf' is downloaded to processor 'microblaze_0'.
14:34:44 INFO  : ----------------XSDB Script----------------
connect -url tcp:127.0.0.1:3121
targets -set -filter {jtag_cable_name =~ "Digilent JTAG-HS2 201706300081" && level==0 && jtag_device_ctx=="jsn-JTAG-HS2-201706300081-13631093-0"}
fpga -file E:/kevin/myCode/microBlaze100/vitisJson/syncMain/_ide/bitstream/design_1_wrapper.bit
targets -set -nocase -filter {name =~ "*microblaze*#0" && bscan=="USER2" }
loadhw -hw E:/kevin/myCode/microBlaze100/vitisJson/syncBlaze/export/syncBlaze/hw/design_1_wrapper.xsa -regs
configparams mdm-detect-bscan-mask 2
targets -set -nocase -filter {name =~ "*microblaze*#0" && bscan=="USER2" }
rst -system
after 3000
targets -set -nocase -filter {name =~ "*microblaze*#0" && bscan=="USER2" }
dow E:/kevin/myCode/microBlaze100/vitisJson/syncMain/Debug/syncMain.elf
----------------End of Script----------------

14:34:44 INFO  : Context for processor 'microblaze_0' is selected.
14:34:44 INFO  : 'con' command is executed.
14:34:44 INFO  : ----------------XSDB Script (After Launch)----------------
targets -set -nocase -filter {name =~ "*microblaze*#0" && bscan=="USER2" }
con
----------------End of Script----------------

14:34:44 INFO  : Launch script is exported to file 'E:\kevin\myCode\microBlaze100\vitisJson\syncMain_system\_ide\scripts\systemdebugger_syncmain_system_standalone.tcl'
14:39:27 INFO  : Checking for BSP changes to sync application flags for project 'syncMain'...
14:39:30 INFO  : Disconnected from the channel tcfchan#80.
14:39:32 INFO  : Connected to target on host '127.0.0.1' and port '3121'.
14:39:32 INFO  : Jtag cable 'Digilent JTAG-HS2 201706300081' is selected.
14:39:32 INFO  : 'jtag frequency' command is executed.
14:39:32 INFO  : 'targets -set -filter {jtag_cable_name =~ "Digilent JTAG-HS2 201706300081" && level==0 && jtag_device_ctx=="jsn-JTAG-HS2-201706300081-13631093-0"}' command is executed.
14:39:35 INFO  : Device configured successfully with "E:/kevin/myCode/microBlaze100/vitisJson/syncMain/_ide/bitstream/design_1_wrapper.bit"
14:39:35 INFO  : Context for processor 'microblaze_0' is selected.
14:39:35 INFO  : Hardware design and registers information is loaded from 'E:/kevin/myCode/microBlaze100/vitisJson/syncBlaze/export/syncBlaze/hw/design_1_wrapper.xsa'.
14:39:35 INFO  : 'configparams mdm-detect-bscan-mask 2' command is executed.
14:39:35 INFO  : Context for processor 'microblaze_0' is selected.
14:39:35 INFO  : System reset is completed.
14:39:39 INFO  : 'after 3000' command is executed.
14:39:39 INFO  : Context for processor 'microblaze_0' is selected.
14:39:39 INFO  : The application 'E:/kevin/myCode/microBlaze100/vitisJson/syncMain/Debug/syncMain.elf' is downloaded to processor 'microblaze_0'.
14:39:39 INFO  : ----------------XSDB Script----------------
connect -url tcp:127.0.0.1:3121
targets -set -filter {jtag_cable_name =~ "Digilent JTAG-HS2 201706300081" && level==0 && jtag_device_ctx=="jsn-JTAG-HS2-201706300081-13631093-0"}
fpga -file E:/kevin/myCode/microBlaze100/vitisJson/syncMain/_ide/bitstream/design_1_wrapper.bit
targets -set -nocase -filter {name =~ "*microblaze*#0" && bscan=="USER2" }
loadhw -hw E:/kevin/myCode/microBlaze100/vitisJson/syncBlaze/export/syncBlaze/hw/design_1_wrapper.xsa -regs
configparams mdm-detect-bscan-mask 2
targets -set -nocase -filter {name =~ "*microblaze*#0" && bscan=="USER2" }
rst -system
after 3000
targets -set -nocase -filter {name =~ "*microblaze*#0" && bscan=="USER2" }
dow E:/kevin/myCode/microBlaze100/vitisJson/syncMain/Debug/syncMain.elf
----------------End of Script----------------

14:39:39 INFO  : Context for processor 'microblaze_0' is selected.
14:39:39 INFO  : 'con' command is executed.
14:39:39 INFO  : ----------------XSDB Script (After Launch)----------------
targets -set -nocase -filter {name =~ "*microblaze*#0" && bscan=="USER2" }
con
----------------End of Script----------------

14:39:39 INFO  : Launch script is exported to file 'E:\kevin\myCode\microBlaze100\vitisJson\syncMain_system\_ide\scripts\systemdebugger_syncmain_system_standalone.tcl'
14:40:57 INFO  : Disconnected from the channel tcfchan#81.
14:40:57 INFO  : Connected to target on host '127.0.0.1' and port '3121'.
14:40:57 INFO  : Jtag cable 'Digilent JTAG-HS2 201706300081' is selected.
14:40:57 INFO  : 'jtag frequency' command is executed.
14:40:57 INFO  : 'targets -set -filter {jtag_cable_name =~ "Digilent JTAG-HS2 201706300081" && level==0 && jtag_device_ctx=="jsn-JTAG-HS2-201706300081-13631093-0"}' command is executed.
14:41:00 INFO  : Device configured successfully with "E:/kevin/myCode/microBlaze100/vitisJson/syncMain/_ide/bitstream/design_1_wrapper.bit"
14:41:00 INFO  : Context for processor 'microblaze_0' is selected.
14:41:00 INFO  : Hardware design and registers information is loaded from 'E:/kevin/myCode/microBlaze100/vitisJson/syncBlaze/export/syncBlaze/hw/design_1_wrapper.xsa'.
14:41:00 INFO  : 'configparams mdm-detect-bscan-mask 2' command is executed.
14:41:00 INFO  : Context for processor 'microblaze_0' is selected.
14:41:00 INFO  : System reset is completed.
14:41:03 INFO  : 'after 3000' command is executed.
14:41:03 INFO  : Context for processor 'microblaze_0' is selected.
14:41:03 INFO  : The application 'E:/kevin/myCode/microBlaze100/vitisJson/syncMain/Debug/syncMain.elf' is downloaded to processor 'microblaze_0'.
14:41:03 INFO  : ----------------XSDB Script----------------
connect -url tcp:127.0.0.1:3121
targets -set -filter {jtag_cable_name =~ "Digilent JTAG-HS2 201706300081" && level==0 && jtag_device_ctx=="jsn-JTAG-HS2-201706300081-13631093-0"}
fpga -file E:/kevin/myCode/microBlaze100/vitisJson/syncMain/_ide/bitstream/design_1_wrapper.bit
targets -set -nocase -filter {name =~ "*microblaze*#0" && bscan=="USER2" }
loadhw -hw E:/kevin/myCode/microBlaze100/vitisJson/syncBlaze/export/syncBlaze/hw/design_1_wrapper.xsa -regs
configparams mdm-detect-bscan-mask 2
targets -set -nocase -filter {name =~ "*microblaze*#0" && bscan=="USER2" }
rst -system
after 3000
targets -set -nocase -filter {name =~ "*microblaze*#0" && bscan=="USER2" }
dow E:/kevin/myCode/microBlaze100/vitisJson/syncMain/Debug/syncMain.elf
----------------End of Script----------------

14:41:04 INFO  : Context for processor 'microblaze_0' is selected.
14:41:04 INFO  : 'con' command is executed.
14:41:04 INFO  : ----------------XSDB Script (After Launch)----------------
targets -set -nocase -filter {name =~ "*microblaze*#0" && bscan=="USER2" }
con
----------------End of Script----------------

14:41:04 INFO  : Launch script is exported to file 'E:\kevin\myCode\microBlaze100\vitisJson\syncMain_system\_ide\scripts\systemdebugger_syncmain_system_standalone.tcl'
14:43:56 INFO  : Disconnected from the channel tcfchan#82.
14:43:58 INFO  : Connected to target on host '127.0.0.1' and port '3121'.
14:43:58 INFO  : Jtag cable 'Digilent JTAG-HS2 201706300081' is selected.
14:43:58 INFO  : 'jtag frequency' command is executed.
14:43:58 INFO  : 'targets -set -filter {jtag_cable_name =~ "Digilent JTAG-HS2 201706300081" && level==0 && jtag_device_ctx=="jsn-JTAG-HS2-201706300081-13631093-0"}' command is executed.
14:44:01 INFO  : Device configured successfully with "E:/kevin/myCode/microBlaze100/vitisJson/syncMain/_ide/bitstream/design_1_wrapper.bit"
14:44:01 INFO  : Context for processor 'microblaze_0' is selected.
14:44:01 INFO  : Hardware design and registers information is loaded from 'E:/kevin/myCode/microBlaze100/vitisJson/syncBlaze/export/syncBlaze/hw/design_1_wrapper.xsa'.
14:44:01 INFO  : 'configparams mdm-detect-bscan-mask 2' command is executed.
14:44:01 INFO  : Context for processor 'microblaze_0' is selected.
14:44:01 INFO  : System reset is completed.
14:44:04 INFO  : 'after 3000' command is executed.
14:44:04 INFO  : Context for processor 'microblaze_0' is selected.
14:44:04 INFO  : The application 'E:/kevin/myCode/microBlaze100/vitisJson/syncMain/Debug/syncMain.elf' is downloaded to processor 'microblaze_0'.
14:44:04 INFO  : ----------------XSDB Script----------------
connect -url tcp:127.0.0.1:3121
targets -set -filter {jtag_cable_name =~ "Digilent JTAG-HS2 201706300081" && level==0 && jtag_device_ctx=="jsn-JTAG-HS2-201706300081-13631093-0"}
fpga -file E:/kevin/myCode/microBlaze100/vitisJson/syncMain/_ide/bitstream/design_1_wrapper.bit
targets -set -nocase -filter {name =~ "*microblaze*#0" && bscan=="USER2" }
loadhw -hw E:/kevin/myCode/microBlaze100/vitisJson/syncBlaze/export/syncBlaze/hw/design_1_wrapper.xsa -regs
configparams mdm-detect-bscan-mask 2
targets -set -nocase -filter {name =~ "*microblaze*#0" && bscan=="USER2" }
rst -system
after 3000
targets -set -nocase -filter {name =~ "*microblaze*#0" && bscan=="USER2" }
dow E:/kevin/myCode/microBlaze100/vitisJson/syncMain/Debug/syncMain.elf
----------------End of Script----------------

14:44:05 INFO  : Context for processor 'microblaze_0' is selected.
14:44:05 INFO  : 'con' command is executed.
14:44:05 INFO  : ----------------XSDB Script (After Launch)----------------
targets -set -nocase -filter {name =~ "*microblaze*#0" && bscan=="USER2" }
con
----------------End of Script----------------

14:44:05 INFO  : Launch script is exported to file 'E:\kevin\myCode\microBlaze100\vitisJson\syncMain_system\_ide\scripts\systemdebugger_syncmain_system_standalone.tcl'
14:49:05 INFO  : Disconnected from the channel tcfchan#83.
14:49:07 INFO  : Connected to target on host '127.0.0.1' and port '3121'.
14:49:07 INFO  : Jtag cable 'Digilent JTAG-HS2 201706300081' is selected.
14:49:07 INFO  : 'jtag frequency' command is executed.
14:49:07 INFO  : 'targets -set -filter {jtag_cable_name =~ "Digilent JTAG-HS2 201706300081" && level==0 && jtag_device_ctx=="jsn-JTAG-HS2-201706300081-13631093-0"}' command is executed.
14:49:11 INFO  : Device configured successfully with "E:/kevin/myCode/microBlaze100/vitisJson/syncMain/_ide/bitstream/design_1_wrapper.bit"
14:49:11 INFO  : Context for processor 'microblaze_0' is selected.
14:49:11 INFO  : Hardware design and registers information is loaded from 'E:/kevin/myCode/microBlaze100/vitisJson/syncBlaze/export/syncBlaze/hw/design_1_wrapper.xsa'.
14:49:11 INFO  : 'configparams mdm-detect-bscan-mask 2' command is executed.
14:49:11 INFO  : Context for processor 'microblaze_0' is selected.
14:49:11 INFO  : System reset is completed.
14:49:14 INFO  : 'after 3000' command is executed.
14:49:14 INFO  : Context for processor 'microblaze_0' is selected.
14:49:14 INFO  : The application 'E:/kevin/myCode/microBlaze100/vitisJson/syncMain/Debug/syncMain.elf' is downloaded to processor 'microblaze_0'.
14:49:14 INFO  : ----------------XSDB Script----------------
connect -url tcp:127.0.0.1:3121
targets -set -filter {jtag_cable_name =~ "Digilent JTAG-HS2 201706300081" && level==0 && jtag_device_ctx=="jsn-JTAG-HS2-201706300081-13631093-0"}
fpga -file E:/kevin/myCode/microBlaze100/vitisJson/syncMain/_ide/bitstream/design_1_wrapper.bit
targets -set -nocase -filter {name =~ "*microblaze*#0" && bscan=="USER2" }
loadhw -hw E:/kevin/myCode/microBlaze100/vitisJson/syncBlaze/export/syncBlaze/hw/design_1_wrapper.xsa -regs
configparams mdm-detect-bscan-mask 2
targets -set -nocase -filter {name =~ "*microblaze*#0" && bscan=="USER2" }
rst -system
after 3000
targets -set -nocase -filter {name =~ "*microblaze*#0" && bscan=="USER2" }
dow E:/kevin/myCode/microBlaze100/vitisJson/syncMain/Debug/syncMain.elf
----------------End of Script----------------

14:49:14 INFO  : Context for processor 'microblaze_0' is selected.
14:49:14 INFO  : 'con' command is executed.
14:49:14 INFO  : ----------------XSDB Script (After Launch)----------------
targets -set -nocase -filter {name =~ "*microblaze*#0" && bscan=="USER2" }
con
----------------End of Script----------------

14:49:14 INFO  : Launch script is exported to file 'E:\kevin\myCode\microBlaze100\vitisJson\syncMain_system\_ide\scripts\systemdebugger_syncmain_system_standalone.tcl'
15:03:08 INFO  : Disconnected from the channel tcfchan#84.
15:03:11 INFO  : Connected to target on host '127.0.0.1' and port '3121'.
15:03:11 INFO  : Jtag cable 'Digilent JTAG-HS2 201706300081' is selected.
15:03:11 INFO  : 'jtag frequency' command is executed.
15:03:11 INFO  : 'targets -set -filter {jtag_cable_name =~ "Digilent JTAG-HS2 201706300081" && level==0 && jtag_device_ctx=="jsn-JTAG-HS2-201706300081-13631093-0"}' command is executed.
15:03:15 INFO  : Device configured successfully with "E:/kevin/myCode/microBlaze100/vitisJson/syncMain/_ide/bitstream/design_1_wrapper.bit"
15:03:15 INFO  : Context for processor 'microblaze_0' is selected.
15:03:15 INFO  : Hardware design and registers information is loaded from 'E:/kevin/myCode/microBlaze100/vitisJson/syncBlaze/export/syncBlaze/hw/design_1_wrapper.xsa'.
15:03:15 INFO  : 'configparams mdm-detect-bscan-mask 2' command is executed.
15:03:15 INFO  : Context for processor 'microblaze_0' is selected.
15:03:15 INFO  : System reset is completed.
15:03:18 INFO  : 'after 3000' command is executed.
15:03:18 INFO  : Context for processor 'microblaze_0' is selected.
15:03:18 INFO  : The application 'E:/kevin/myCode/microBlaze100/vitisJson/syncMain/Debug/syncMain.elf' is downloaded to processor 'microblaze_0'.
15:03:18 INFO  : ----------------XSDB Script----------------
connect -url tcp:127.0.0.1:3121
targets -set -filter {jtag_cable_name =~ "Digilent JTAG-HS2 201706300081" && level==0 && jtag_device_ctx=="jsn-JTAG-HS2-201706300081-13631093-0"}
fpga -file E:/kevin/myCode/microBlaze100/vitisJson/syncMain/_ide/bitstream/design_1_wrapper.bit
targets -set -nocase -filter {name =~ "*microblaze*#0" && bscan=="USER2" }
loadhw -hw E:/kevin/myCode/microBlaze100/vitisJson/syncBlaze/export/syncBlaze/hw/design_1_wrapper.xsa -regs
configparams mdm-detect-bscan-mask 2
targets -set -nocase -filter {name =~ "*microblaze*#0" && bscan=="USER2" }
rst -system
after 3000
targets -set -nocase -filter {name =~ "*microblaze*#0" && bscan=="USER2" }
dow E:/kevin/myCode/microBlaze100/vitisJson/syncMain/Debug/syncMain.elf
----------------End of Script----------------

15:03:18 INFO  : Context for processor 'microblaze_0' is selected.
15:03:18 INFO  : 'con' command is executed.
15:03:18 INFO  : ----------------XSDB Script (After Launch)----------------
targets -set -nocase -filter {name =~ "*microblaze*#0" && bscan=="USER2" }
con
----------------End of Script----------------

15:03:18 INFO  : Launch script is exported to file 'E:\kevin\myCode\microBlaze100\vitisJson\syncMain_system\_ide\scripts\systemdebugger_syncmain_system_standalone.tcl'
15:04:17 INFO  : Disconnected from the channel tcfchan#85.
15:04:17 INFO  : Connected to target on host '127.0.0.1' and port '3121'.
15:04:17 INFO  : Jtag cable 'Digilent JTAG-HS2 201706300081' is selected.
15:04:17 INFO  : 'jtag frequency' command is executed.
15:04:17 INFO  : 'targets -set -filter {jtag_cable_name =~ "Digilent JTAG-HS2 201706300081" && level==0 && jtag_device_ctx=="jsn-JTAG-HS2-201706300081-13631093-0"}' command is executed.
15:04:21 INFO  : Device configured successfully with "E:/kevin/myCode/microBlaze100/vitisJson/syncMain/_ide/bitstream/design_1_wrapper.bit"
15:04:21 INFO  : Context for processor 'microblaze_0' is selected.
15:04:21 INFO  : Hardware design and registers information is loaded from 'E:/kevin/myCode/microBlaze100/vitisJson/syncBlaze/export/syncBlaze/hw/design_1_wrapper.xsa'.
15:04:21 INFO  : 'configparams mdm-detect-bscan-mask 2' command is executed.
15:04:21 INFO  : Context for processor 'microblaze_0' is selected.
15:04:21 INFO  : System reset is completed.
15:04:24 INFO  : 'after 3000' command is executed.
15:04:24 INFO  : Context for processor 'microblaze_0' is selected.
15:04:24 INFO  : The application 'E:/kevin/myCode/microBlaze100/vitisJson/syncMain/Debug/syncMain.elf' is downloaded to processor 'microblaze_0'.
15:04:24 INFO  : ----------------XSDB Script----------------
connect -url tcp:127.0.0.1:3121
targets -set -filter {jtag_cable_name =~ "Digilent JTAG-HS2 201706300081" && level==0 && jtag_device_ctx=="jsn-JTAG-HS2-201706300081-13631093-0"}
fpga -file E:/kevin/myCode/microBlaze100/vitisJson/syncMain/_ide/bitstream/design_1_wrapper.bit
targets -set -nocase -filter {name =~ "*microblaze*#0" && bscan=="USER2" }
loadhw -hw E:/kevin/myCode/microBlaze100/vitisJson/syncBlaze/export/syncBlaze/hw/design_1_wrapper.xsa -regs
configparams mdm-detect-bscan-mask 2
targets -set -nocase -filter {name =~ "*microblaze*#0" && bscan=="USER2" }
rst -system
after 3000
targets -set -nocase -filter {name =~ "*microblaze*#0" && bscan=="USER2" }
dow E:/kevin/myCode/microBlaze100/vitisJson/syncMain/Debug/syncMain.elf
----------------End of Script----------------

15:04:24 INFO  : Context for processor 'microblaze_0' is selected.
15:04:24 INFO  : 'con' command is executed.
15:04:24 INFO  : ----------------XSDB Script (After Launch)----------------
targets -set -nocase -filter {name =~ "*microblaze*#0" && bscan=="USER2" }
con
----------------End of Script----------------

15:04:24 INFO  : Launch script is exported to file 'E:\kevin\myCode\microBlaze100\vitisJson\syncMain_system\_ide\scripts\systemdebugger_syncmain_system_standalone.tcl'
15:07:02 INFO  : Disconnected from the channel tcfchan#86.
15:07:03 INFO  : Checking for BSP changes to sync application flags for project 'syncMain'...
15:07:16 INFO  : Connected to target on host '127.0.0.1' and port '3121'.
15:07:16 INFO  : Jtag cable 'Digilent JTAG-HS2 201706300081' is selected.
15:07:16 INFO  : 'jtag frequency' command is executed.
15:07:16 INFO  : 'targets -set -filter {jtag_cable_name =~ "Digilent JTAG-HS2 201706300081" && level==0 && jtag_device_ctx=="jsn-JTAG-HS2-201706300081-13631093-0"}' command is executed.
15:07:19 INFO  : Device configured successfully with "E:/kevin/myCode/microBlaze100/vitisJson/syncMain/_ide/bitstream/design_1_wrapper.bit"
15:07:19 INFO  : Context for processor 'microblaze_0' is selected.
15:07:19 INFO  : Hardware design and registers information is loaded from 'E:/kevin/myCode/microBlaze100/vitisJson/syncBlaze/export/syncBlaze/hw/design_1_wrapper.xsa'.
15:07:19 INFO  : 'configparams mdm-detect-bscan-mask 2' command is executed.
15:07:19 INFO  : Context for processor 'microblaze_0' is selected.
15:07:19 INFO  : System reset is completed.
15:07:22 INFO  : 'after 3000' command is executed.
15:07:22 INFO  : Context for processor 'microblaze_0' is selected.
15:07:22 INFO  : The application 'E:/kevin/myCode/microBlaze100/vitisJson/syncMain/Debug/syncMain.elf' is downloaded to processor 'microblaze_0'.
15:07:22 INFO  : ----------------XSDB Script----------------
connect -url tcp:127.0.0.1:3121
targets -set -filter {jtag_cable_name =~ "Digilent JTAG-HS2 201706300081" && level==0 && jtag_device_ctx=="jsn-JTAG-HS2-201706300081-13631093-0"}
fpga -file E:/kevin/myCode/microBlaze100/vitisJson/syncMain/_ide/bitstream/design_1_wrapper.bit
targets -set -nocase -filter {name =~ "*microblaze*#0" && bscan=="USER2" }
loadhw -hw E:/kevin/myCode/microBlaze100/vitisJson/syncBlaze/export/syncBlaze/hw/design_1_wrapper.xsa -regs
configparams mdm-detect-bscan-mask 2
targets -set -nocase -filter {name =~ "*microblaze*#0" && bscan=="USER2" }
rst -system
after 3000
targets -set -nocase -filter {name =~ "*microblaze*#0" && bscan=="USER2" }
dow E:/kevin/myCode/microBlaze100/vitisJson/syncMain/Debug/syncMain.elf
----------------End of Script----------------

15:07:23 INFO  : Context for processor 'microblaze_0' is selected.
15:07:23 INFO  : 'con' command is executed.
15:07:23 INFO  : ----------------XSDB Script (After Launch)----------------
targets -set -nocase -filter {name =~ "*microblaze*#0" && bscan=="USER2" }
con
----------------End of Script----------------

15:07:23 INFO  : Launch script is exported to file 'E:\kevin\myCode\microBlaze100\vitisJson\syncMain_system\_ide\scripts\systemdebugger_syncmain_system_standalone.tcl'
15:48:32 INFO  : Hardware specification for platform project 'syncBlaze' is updated.
15:48:54 INFO  : Result from executing command 'getProjects': syncBlaze
15:48:54 INFO  : Result from executing command 'getPlatforms': syncBlaze|E:/kevin/myCode/microBlaze100/vitisJson/syncBlaze/export/syncBlaze/syncBlaze.xpfm;xilinx_vck190_base_202220_1|D:/Xilinx202202/Vitis/2022.2/base_platforms/xilinx_vck190_base_202220_1/xilinx_vck190_base_202220_1.xpfm;xilinx_vck190_base_dfx_202220_1|D:/Xilinx202202/Vitis/2022.2/base_platforms/xilinx_vck190_base_dfx_202220_1/xilinx_vck190_base_dfx_202220_1.xpfm;xilinx_vmk180_base_202220_1|D:/Xilinx202202/Vitis/2022.2/base_platforms/xilinx_vmk180_base_202220_1/xilinx_vmk180_base_202220_1.xpfm;xilinx_zcu102_base_202220_1|D:/Xilinx202202/Vitis/2022.2/base_platforms/xilinx_zcu102_base_202220_1/xilinx_zcu102_base_202220_1.xpfm;xilinx_zcu102_base_dfx_202220_1|D:/Xilinx202202/Vitis/2022.2/base_platforms/xilinx_zcu102_base_dfx_202220_1/xilinx_zcu102_base_dfx_202220_1.xpfm;xilinx_zcu104_base_202220_1|D:/Xilinx202202/Vitis/2022.2/base_platforms/xilinx_zcu104_base_202220_1/xilinx_zcu104_base_202220_1.xpfm
15:49:16 ERROR : XSCT server calls should not be made from TCF thread.
java.lang.RuntimeException: XSCT server calls should not be made from TCF thread.
	at com.xilinx.sdk.xsdb.XSDBCommandManager.issueAndWait(XSDBCommandManager.java:392) [com.xilinx.sdk.xsdb_1.0.0.202210132147.jar:?]
	at com.xilinx.sdk.xsdb.XsdbCommandUtils.executeAndRespond(XsdbCommandUtils.java:325) [com.xilinx.sdk.xsdb_1.0.0.202210132147.jar:?]
	at com.xilinx.sdk.hw.internal.HwPlatform.dispose(HwPlatform.java:1325) [com.xilinx.sdk.hw_1.0.0.202210132147.jar:?]
	at com.xilinx.sdk.hw.internal.HwSpecFactory.removeHwSpec(HwSpecFactory.java:92) [com.xilinx.sdk.hw_1.0.0.202210132147.jar:?]
	at com.xilinx.sdk.hw.internal.HwSpecFactory.validateGetFromCache(HwSpecFactory.java:78) [com.xilinx.sdk.hw_1.0.0.202210132147.jar:?]
	at com.xilinx.sdk.hw.internal.HwSpecFactory.createHwSpec(HwSpecFactory.java:48) [com.xilinx.sdk.hw_1.0.0.202210132147.jar:?]
	at com.xilinx.sdx.sdsoc.debug.ui.SdsLaunchConfigUtil.createHwPlatform(SdsLaunchConfigUtil.java:57) [com.xilinx.sdx.sdsoc.debug.ui_1.0.0.202210132147.jar:?]
	at com.xilinx.sdx.sdsoc.debug.ui.SdsLaunchConfigModel.iniHwPlatform(SdsLaunchConfigModel.java:187) [com.xilinx.sdx.sdsoc.debug.ui_1.0.0.202210132147.jar:?]
	at com.xilinx.sdk.tcf.internal.debug.ui.common.BaseLaunchConfigModel.getHwPlatform(BaseLaunchConfigModel.java:577) [com.xilinx.sdk.tcf.debug_1.0.0.202210132147.jar:?]
	at com.xilinx.sdk.tcf.internal.debug.ui.common.BaseLaunchConfigModel.readCrossTriggerModel(BaseLaunchConfigModel.java:173) [com.xilinx.sdk.tcf.debug_1.0.0.202210132147.jar:?]
	at com.xilinx.sdk.tcf.internal.debug.ui.common.BaseLaunchConfigModel.readAndSetAttributes(BaseLaunchConfigModel.java:156) [com.xilinx.sdk.tcf.debug_1.0.0.202210132147.jar:?]
	at com.xilinx.sdx.sdsoc.debug.ui.SdsLaunchConfigModel.newInstance(SdsLaunchConfigModel.java:109) [com.xilinx.sdx.sdsoc.debug.ui_1.0.0.202210132147.jar:?]
	at com.xilinx.sdx.sdsoc.debug.launch.SdsTcfLaunchDelegate.createConfigModel(SdsTcfLaunchDelegate.java:85) [com.xilinx.sdx.sdsoc.debug_1.0.0.202210132147.jar:?]
	at com.xilinx.sdx.sdsoc.debug.launch.SdsTcfLaunchDelegate.generateReports(SdsTcfLaunchDelegate.java:641) [com.xilinx.sdx.sdsoc.debug_1.0.0.202210132147.jar:?]
	at com.xilinx.sdx.sdsoc.debug.launch.SdsTcfLaunchDelegate.onDisconnected(SdsTcfLaunchDelegate.java:615) [com.xilinx.sdx.sdsoc.debug_1.0.0.202210132147.jar:?]
	at org.eclipse.tcf.internal.debug.ui.model.TCFModelManager$1.onDisconnected(TCFModelManager.java:79) [org.eclipse.tcf.debug.ui_1.7.0.202210132147.jar:?]
	at org.eclipse.tcf.internal.debug.model.TCFLaunch.onDisconnected(TCFLaunch.java:532) [org.eclipse.tcf.debug_1.7.0.202210132147.jar:?]
	at org.eclipse.tcf.internal.debug.model.TCFLaunch$43.onChannelClosed(TCFLaunch.java:1643) [org.eclipse.tcf.debug_1.7.0.202210132147.jar:?]
	at org.eclipse.tcf.core.AbstractChannel$9.run(AbstractChannel.java:858) [org.eclipse.tcf.core_1.7.0.202210132147.jar:?]
	at org.eclipse.tcf.EventQueue.run(EventQueue.java:98) [org.eclipse.tcf_1.7.0.202210132147.jar:?]
	at java.lang.Thread.run(Thread.java:829) [?:?]
15:49:16 INFO  : Disconnected from the channel tcfchan#87.
15:49:21 INFO  : Checking for BSP changes to sync application flags for project 'syncMain'...
15:49:27 INFO  : The hardware specification used by project 'syncMain' is out of sync with the platform. Resource files extracted from the hardware specification will be updated.
15:49:27 INFO  : The file 'E:\kevin\myCode\microBlaze100\vitisJson\syncMain\_ide\bitstream\design_1_wrapper.bit' stored in project is removed.
15:49:27 INFO  : The file 'E:\kevin\myCode\microBlaze100\vitisJson\syncMain\_ide\bitstream\design_1_wrapper.mmi' stored in project is removed.
15:49:27 INFO  : The updated bitstream files are copied from platform to folder 'E:\kevin\myCode\microBlaze100\vitisJson\syncMain\_ide\bitstream' in project 'syncMain'.
15:49:27 INFO  : Connected to target on host '127.0.0.1' and port '3121'.
15:49:27 INFO  : Jtag cable 'Digilent JTAG-HS2 201706300081' is selected.
15:49:27 INFO  : 'jtag frequency' command is executed.
15:49:27 INFO  : 'targets -set -filter {jtag_cable_name =~ "Digilent JTAG-HS2 201706300081" && level==0 && jtag_device_ctx=="jsn-JTAG-HS2-201706300081-13631093-0"}' command is executed.
15:49:31 INFO  : Device configured successfully with "E:/kevin/myCode/microBlaze100/vitisJson/syncMain/_ide/bitstream/design_1_wrapper.bit"
15:49:31 INFO  : Context for processor 'microblaze_0' is selected.
15:49:31 INFO  : Hardware design and registers information is loaded from 'E:/kevin/myCode/microBlaze100/vitisJson/syncBlaze/export/syncBlaze/hw/design_1_wrapper.xsa'.
15:49:31 INFO  : 'configparams mdm-detect-bscan-mask 2' command is executed.
15:49:31 INFO  : Context for processor 'microblaze_0' is selected.
15:49:31 INFO  : System reset is completed.
15:49:34 INFO  : 'after 3000' command is executed.
15:49:34 INFO  : Context for processor 'microblaze_0' is selected.
15:49:34 INFO  : The application 'E:/kevin/myCode/microBlaze100/vitisJson/syncMain/Debug/syncMain.elf' is downloaded to processor 'microblaze_0'.
15:49:34 INFO  : ----------------XSDB Script----------------
connect -url tcp:127.0.0.1:3121
targets -set -filter {jtag_cable_name =~ "Digilent JTAG-HS2 201706300081" && level==0 && jtag_device_ctx=="jsn-JTAG-HS2-201706300081-13631093-0"}
fpga -file E:/kevin/myCode/microBlaze100/vitisJson/syncMain/_ide/bitstream/design_1_wrapper.bit
targets -set -nocase -filter {name =~ "*microblaze*#0" && bscan=="USER2" }
loadhw -hw E:/kevin/myCode/microBlaze100/vitisJson/syncBlaze/export/syncBlaze/hw/design_1_wrapper.xsa -regs
configparams mdm-detect-bscan-mask 2
targets -set -nocase -filter {name =~ "*microblaze*#0" && bscan=="USER2" }
rst -system
after 3000
targets -set -nocase -filter {name =~ "*microblaze*#0" && bscan=="USER2" }
dow E:/kevin/myCode/microBlaze100/vitisJson/syncMain/Debug/syncMain.elf
----------------End of Script----------------

15:49:34 INFO  : Context for processor 'microblaze_0' is selected.
15:49:34 INFO  : 'con' command is executed.
15:49:34 INFO  : ----------------XSDB Script (After Launch)----------------
targets -set -nocase -filter {name =~ "*microblaze*#0" && bscan=="USER2" }
con
----------------End of Script----------------

15:49:34 INFO  : Launch script is exported to file 'E:\kevin\myCode\microBlaze100\vitisJson\syncMain_system\_ide\scripts\systemdebugger_syncmain_system_standalone.tcl'
16:04:21 INFO  : Disconnected from the channel tcfchan#89.
16:04:26 INFO  : Checking for BSP changes to sync application flags for project 'syncMain'...
16:04:30 INFO  : Connected to target on host '127.0.0.1' and port '3121'.
16:04:30 INFO  : Jtag cable 'Digilent JTAG-HS2 201706300081' is selected.
16:04:30 INFO  : 'jtag frequency' command is executed.
16:04:30 INFO  : 'targets -set -filter {jtag_cable_name =~ "Digilent JTAG-HS2 201706300081" && level==0 && jtag_device_ctx=="jsn-JTAG-HS2-201706300081-13631093-0"}' command is executed.
16:04:33 INFO  : Device configured successfully with "E:/kevin/myCode/microBlaze100/vitisJson/syncMain/_ide/bitstream/design_1_wrapper.bit"
16:04:33 INFO  : Context for processor 'microblaze_0' is selected.
16:04:33 INFO  : Hardware design and registers information is loaded from 'E:/kevin/myCode/microBlaze100/vitisJson/syncBlaze/export/syncBlaze/hw/design_1_wrapper.xsa'.
16:04:33 INFO  : 'configparams mdm-detect-bscan-mask 2' command is executed.
16:04:33 INFO  : Context for processor 'microblaze_0' is selected.
16:04:33 INFO  : System reset is completed.
16:04:36 INFO  : 'after 3000' command is executed.
16:04:36 INFO  : Context for processor 'microblaze_0' is selected.
16:04:37 INFO  : The application 'E:/kevin/myCode/microBlaze100/vitisJson/syncMain/Debug/syncMain.elf' is downloaded to processor 'microblaze_0'.
16:04:37 INFO  : ----------------XSDB Script----------------
connect -url tcp:127.0.0.1:3121
targets -set -filter {jtag_cable_name =~ "Digilent JTAG-HS2 201706300081" && level==0 && jtag_device_ctx=="jsn-JTAG-HS2-201706300081-13631093-0"}
fpga -file E:/kevin/myCode/microBlaze100/vitisJson/syncMain/_ide/bitstream/design_1_wrapper.bit
targets -set -nocase -filter {name =~ "*microblaze*#0" && bscan=="USER2" }
loadhw -hw E:/kevin/myCode/microBlaze100/vitisJson/syncBlaze/export/syncBlaze/hw/design_1_wrapper.xsa -regs
configparams mdm-detect-bscan-mask 2
targets -set -nocase -filter {name =~ "*microblaze*#0" && bscan=="USER2" }
rst -system
after 3000
targets -set -nocase -filter {name =~ "*microblaze*#0" && bscan=="USER2" }
dow E:/kevin/myCode/microBlaze100/vitisJson/syncMain/Debug/syncMain.elf
----------------End of Script----------------

16:04:37 INFO  : Context for processor 'microblaze_0' is selected.
16:04:37 INFO  : 'con' command is executed.
16:04:37 INFO  : ----------------XSDB Script (After Launch)----------------
targets -set -nocase -filter {name =~ "*microblaze*#0" && bscan=="USER2" }
con
----------------End of Script----------------

16:04:37 INFO  : Launch script is exported to file 'E:\kevin\myCode\microBlaze100\vitisJson\syncMain_system\_ide\scripts\systemdebugger_syncmain_system_standalone.tcl'
16:06:21 INFO  : Disconnected from the channel tcfchan#90.
16:06:23 INFO  : Checking for BSP changes to sync application flags for project 'syncMain'...
16:16:40 INFO  : Checking for BSP changes to sync application flags for project 'syncMain'...
16:18:36 INFO  : Checking for BSP changes to sync application flags for project 'syncMain'...
16:18:38 INFO  : Checking for BSP changes to sync application flags for project 'syncMain'...
16:18:45 INFO  : Connected to target on host '127.0.0.1' and port '3121'.
16:18:45 INFO  : Jtag cable 'Digilent JTAG-HS2 201706300081' is selected.
16:18:45 INFO  : 'jtag frequency' command is executed.
16:18:45 INFO  : 'targets -set -filter {jtag_cable_name =~ "Digilent JTAG-HS2 201706300081" && level==0 && jtag_device_ctx=="jsn-JTAG-HS2-201706300081-13631093-0"}' command is executed.
16:18:48 INFO  : Device configured successfully with "E:/kevin/myCode/microBlaze100/vitisJson/syncMain/_ide/bitstream/design_1_wrapper.bit"
16:18:48 INFO  : Context for processor 'microblaze_0' is selected.
16:18:48 INFO  : Hardware design and registers information is loaded from 'E:/kevin/myCode/microBlaze100/vitisJson/syncBlaze/export/syncBlaze/hw/design_1_wrapper.xsa'.
16:18:48 INFO  : 'configparams mdm-detect-bscan-mask 2' command is executed.
16:18:48 INFO  : Context for processor 'microblaze_0' is selected.
16:18:48 INFO  : System reset is completed.
16:18:51 INFO  : 'after 3000' command is executed.
16:18:51 INFO  : Context for processor 'microblaze_0' is selected.
16:18:52 INFO  : The application 'E:/kevin/myCode/microBlaze100/vitisJson/syncMain/Debug/syncMain.elf' is downloaded to processor 'microblaze_0'.
16:18:52 INFO  : ----------------XSDB Script----------------
connect -url tcp:127.0.0.1:3121
targets -set -filter {jtag_cable_name =~ "Digilent JTAG-HS2 201706300081" && level==0 && jtag_device_ctx=="jsn-JTAG-HS2-201706300081-13631093-0"}
fpga -file E:/kevin/myCode/microBlaze100/vitisJson/syncMain/_ide/bitstream/design_1_wrapper.bit
targets -set -nocase -filter {name =~ "*microblaze*#0" && bscan=="USER2" }
loadhw -hw E:/kevin/myCode/microBlaze100/vitisJson/syncBlaze/export/syncBlaze/hw/design_1_wrapper.xsa -regs
configparams mdm-detect-bscan-mask 2
targets -set -nocase -filter {name =~ "*microblaze*#0" && bscan=="USER2" }
rst -system
after 3000
targets -set -nocase -filter {name =~ "*microblaze*#0" && bscan=="USER2" }
dow E:/kevin/myCode/microBlaze100/vitisJson/syncMain/Debug/syncMain.elf
----------------End of Script----------------

16:18:52 INFO  : Context for processor 'microblaze_0' is selected.
16:18:52 INFO  : 'con' command is executed.
16:18:52 INFO  : ----------------XSDB Script (After Launch)----------------
targets -set -nocase -filter {name =~ "*microblaze*#0" && bscan=="USER2" }
con
----------------End of Script----------------

16:18:52 INFO  : Launch script is exported to file 'E:\kevin\myCode\microBlaze100\vitisJson\syncMain_system\_ide\scripts\systemdebugger_syncmain_system_standalone.tcl'
16:22:43 INFO  : Disconnected from the channel tcfchan#91.
16:22:45 INFO  : Checking for BSP changes to sync application flags for project 'syncMain'...
16:22:51 INFO  : Connected to target on host '127.0.0.1' and port '3121'.
16:22:51 INFO  : Jtag cable 'Digilent JTAG-HS2 201706300081' is selected.
16:22:51 INFO  : 'jtag frequency' command is executed.
16:22:51 INFO  : 'targets -set -filter {jtag_cable_name =~ "Digilent JTAG-HS2 201706300081" && level==0 && jtag_device_ctx=="jsn-JTAG-HS2-201706300081-13631093-0"}' command is executed.
16:22:54 INFO  : Device configured successfully with "E:/kevin/myCode/microBlaze100/vitisJson/syncMain/_ide/bitstream/design_1_wrapper.bit"
16:22:54 INFO  : Context for processor 'microblaze_0' is selected.
16:22:54 INFO  : Hardware design and registers information is loaded from 'E:/kevin/myCode/microBlaze100/vitisJson/syncBlaze/export/syncBlaze/hw/design_1_wrapper.xsa'.
16:22:54 INFO  : 'configparams mdm-detect-bscan-mask 2' command is executed.
16:22:54 INFO  : Context for processor 'microblaze_0' is selected.
16:22:54 INFO  : System reset is completed.
16:22:57 INFO  : 'after 3000' command is executed.
16:22:57 INFO  : Context for processor 'microblaze_0' is selected.
16:22:58 INFO  : The application 'E:/kevin/myCode/microBlaze100/vitisJson/syncMain/Debug/syncMain.elf' is downloaded to processor 'microblaze_0'.
16:22:58 INFO  : ----------------XSDB Script----------------
connect -url tcp:127.0.0.1:3121
targets -set -filter {jtag_cable_name =~ "Digilent JTAG-HS2 201706300081" && level==0 && jtag_device_ctx=="jsn-JTAG-HS2-201706300081-13631093-0"}
fpga -file E:/kevin/myCode/microBlaze100/vitisJson/syncMain/_ide/bitstream/design_1_wrapper.bit
targets -set -nocase -filter {name =~ "*microblaze*#0" && bscan=="USER2" }
loadhw -hw E:/kevin/myCode/microBlaze100/vitisJson/syncBlaze/export/syncBlaze/hw/design_1_wrapper.xsa -regs
configparams mdm-detect-bscan-mask 2
targets -set -nocase -filter {name =~ "*microblaze*#0" && bscan=="USER2" }
rst -system
after 3000
targets -set -nocase -filter {name =~ "*microblaze*#0" && bscan=="USER2" }
dow E:/kevin/myCode/microBlaze100/vitisJson/syncMain/Debug/syncMain.elf
----------------End of Script----------------

16:22:58 INFO  : Context for processor 'microblaze_0' is selected.
16:22:58 INFO  : 'con' command is executed.
16:22:58 INFO  : ----------------XSDB Script (After Launch)----------------
targets -set -nocase -filter {name =~ "*microblaze*#0" && bscan=="USER2" }
con
----------------End of Script----------------

16:22:58 INFO  : Launch script is exported to file 'E:\kevin\myCode\microBlaze100\vitisJson\syncMain_system\_ide\scripts\systemdebugger_syncmain_system_standalone.tcl'
16:23:28 INFO  : Disconnected from the channel tcfchan#92.
16:23:29 INFO  : Checking for BSP changes to sync application flags for project 'syncMain'...
16:23:31 INFO  : Checking for BSP changes to sync application flags for project 'syncMain'...
16:23:32 INFO  : Connected to target on host '127.0.0.1' and port '3121'.
16:23:33 INFO  : Jtag cable 'Digilent JTAG-HS2 201706300081' is selected.
16:23:33 INFO  : 'jtag frequency' command is executed.
16:23:33 INFO  : 'targets -set -filter {jtag_cable_name =~ "Digilent JTAG-HS2 201706300081" && level==0 && jtag_device_ctx=="jsn-JTAG-HS2-201706300081-13631093-0"}' command is executed.
16:23:36 INFO  : Device configured successfully with "E:/kevin/myCode/microBlaze100/vitisJson/syncMain/_ide/bitstream/design_1_wrapper.bit"
16:23:36 INFO  : Context for processor 'microblaze_0' is selected.
16:23:36 INFO  : Hardware design and registers information is loaded from 'E:/kevin/myCode/microBlaze100/vitisJson/syncBlaze/export/syncBlaze/hw/design_1_wrapper.xsa'.
16:23:36 INFO  : 'configparams mdm-detect-bscan-mask 2' command is executed.
16:23:36 INFO  : Context for processor 'microblaze_0' is selected.
16:23:36 INFO  : System reset is completed.
16:23:39 INFO  : 'after 3000' command is executed.
16:23:39 INFO  : Context for processor 'microblaze_0' is selected.
16:23:39 INFO  : The application 'E:/kevin/myCode/microBlaze100/vitisJson/syncMain/Debug/syncMain.elf' is downloaded to processor 'microblaze_0'.
16:23:39 INFO  : ----------------XSDB Script----------------
connect -url tcp:127.0.0.1:3121
targets -set -filter {jtag_cable_name =~ "Digilent JTAG-HS2 201706300081" && level==0 && jtag_device_ctx=="jsn-JTAG-HS2-201706300081-13631093-0"}
fpga -file E:/kevin/myCode/microBlaze100/vitisJson/syncMain/_ide/bitstream/design_1_wrapper.bit
targets -set -nocase -filter {name =~ "*microblaze*#0" && bscan=="USER2" }
loadhw -hw E:/kevin/myCode/microBlaze100/vitisJson/syncBlaze/export/syncBlaze/hw/design_1_wrapper.xsa -regs
configparams mdm-detect-bscan-mask 2
targets -set -nocase -filter {name =~ "*microblaze*#0" && bscan=="USER2" }
rst -system
after 3000
targets -set -nocase -filter {name =~ "*microblaze*#0" && bscan=="USER2" }
dow E:/kevin/myCode/microBlaze100/vitisJson/syncMain/Debug/syncMain.elf
----------------End of Script----------------

16:23:40 INFO  : Context for processor 'microblaze_0' is selected.
16:23:40 INFO  : 'con' command is executed.
16:23:40 INFO  : ----------------XSDB Script (After Launch)----------------
targets -set -nocase -filter {name =~ "*microblaze*#0" && bscan=="USER2" }
con
----------------End of Script----------------

16:23:40 INFO  : Launch script is exported to file 'E:\kevin\myCode\microBlaze100\vitisJson\syncMain_system\_ide\scripts\systemdebugger_syncmain_system_standalone.tcl'
16:25:17 INFO  : Disconnected from the channel tcfchan#93.
16:25:18 INFO  : Checking for BSP changes to sync application flags for project 'syncMain'...
16:25:25 INFO  : Connected to target on host '127.0.0.1' and port '3121'.
16:25:25 INFO  : Jtag cable 'Digilent JTAG-HS2 201706300081' is selected.
16:25:25 INFO  : 'jtag frequency' command is executed.
16:25:25 INFO  : 'targets -set -filter {jtag_cable_name =~ "Digilent JTAG-HS2 201706300081" && level==0 && jtag_device_ctx=="jsn-JTAG-HS2-201706300081-13631093-0"}' command is executed.
16:25:29 INFO  : Device configured successfully with "E:/kevin/myCode/microBlaze100/vitisJson/syncMain/_ide/bitstream/design_1_wrapper.bit"
16:25:29 INFO  : Context for processor 'microblaze_0' is selected.
16:25:29 INFO  : Hardware design and registers information is loaded from 'E:/kevin/myCode/microBlaze100/vitisJson/syncBlaze/export/syncBlaze/hw/design_1_wrapper.xsa'.
16:25:29 INFO  : 'configparams mdm-detect-bscan-mask 2' command is executed.
16:25:29 INFO  : Context for processor 'microblaze_0' is selected.
16:25:29 INFO  : System reset is completed.
16:25:32 INFO  : 'after 3000' command is executed.
16:25:32 INFO  : Context for processor 'microblaze_0' is selected.
16:25:32 INFO  : The application 'E:/kevin/myCode/microBlaze100/vitisJson/syncMain/Debug/syncMain.elf' is downloaded to processor 'microblaze_0'.
16:25:32 INFO  : ----------------XSDB Script----------------
connect -url tcp:127.0.0.1:3121
targets -set -filter {jtag_cable_name =~ "Digilent JTAG-HS2 201706300081" && level==0 && jtag_device_ctx=="jsn-JTAG-HS2-201706300081-13631093-0"}
fpga -file E:/kevin/myCode/microBlaze100/vitisJson/syncMain/_ide/bitstream/design_1_wrapper.bit
targets -set -nocase -filter {name =~ "*microblaze*#0" && bscan=="USER2" }
loadhw -hw E:/kevin/myCode/microBlaze100/vitisJson/syncBlaze/export/syncBlaze/hw/design_1_wrapper.xsa -regs
configparams mdm-detect-bscan-mask 2
targets -set -nocase -filter {name =~ "*microblaze*#0" && bscan=="USER2" }
rst -system
after 3000
targets -set -nocase -filter {name =~ "*microblaze*#0" && bscan=="USER2" }
dow E:/kevin/myCode/microBlaze100/vitisJson/syncMain/Debug/syncMain.elf
----------------End of Script----------------

16:25:32 INFO  : Context for processor 'microblaze_0' is selected.
16:25:32 INFO  : 'con' command is executed.
16:25:32 INFO  : ----------------XSDB Script (After Launch)----------------
targets -set -nocase -filter {name =~ "*microblaze*#0" && bscan=="USER2" }
con
----------------End of Script----------------

16:25:32 INFO  : Launch script is exported to file 'E:\kevin\myCode\microBlaze100\vitisJson\syncMain_system\_ide\scripts\systemdebugger_syncmain_system_standalone.tcl'
16:57:23 INFO  : Hardware specification for platform project 'syncBlaze' is updated.
16:57:42 INFO  : Result from executing command 'getProjects': syncBlaze
16:57:42 INFO  : Result from executing command 'getPlatforms': syncBlaze|E:/kevin/myCode/microBlaze100/vitisJson/syncBlaze/export/syncBlaze/syncBlaze.xpfm;xilinx_vck190_base_202220_1|D:/Xilinx202202/Vitis/2022.2/base_platforms/xilinx_vck190_base_202220_1/xilinx_vck190_base_202220_1.xpfm;xilinx_vck190_base_dfx_202220_1|D:/Xilinx202202/Vitis/2022.2/base_platforms/xilinx_vck190_base_dfx_202220_1/xilinx_vck190_base_dfx_202220_1.xpfm;xilinx_vmk180_base_202220_1|D:/Xilinx202202/Vitis/2022.2/base_platforms/xilinx_vmk180_base_202220_1/xilinx_vmk180_base_202220_1.xpfm;xilinx_zcu102_base_202220_1|D:/Xilinx202202/Vitis/2022.2/base_platforms/xilinx_zcu102_base_202220_1/xilinx_zcu102_base_202220_1.xpfm;xilinx_zcu102_base_dfx_202220_1|D:/Xilinx202202/Vitis/2022.2/base_platforms/xilinx_zcu102_base_dfx_202220_1/xilinx_zcu102_base_dfx_202220_1.xpfm;xilinx_zcu104_base_202220_1|D:/Xilinx202202/Vitis/2022.2/base_platforms/xilinx_zcu104_base_202220_1/xilinx_zcu104_base_202220_1.xpfm
16:57:55 INFO  : Checking for BSP changes to sync application flags for project 'syncMain'...
16:57:59 ERROR : XSCT server calls should not be made from TCF thread.
java.lang.RuntimeException: XSCT server calls should not be made from TCF thread.
	at com.xilinx.sdk.xsdb.XSDBCommandManager.issueAndWait(XSDBCommandManager.java:392) [com.xilinx.sdk.xsdb_1.0.0.202210132147.jar:?]
	at com.xilinx.sdk.xsdb.XsdbCommandUtils.executeAndRespond(XsdbCommandUtils.java:325) [com.xilinx.sdk.xsdb_1.0.0.202210132147.jar:?]
	at com.xilinx.sdk.hw.internal.HwPlatform.populateDesignProps(HwPlatform.java:521) [com.xilinx.sdk.hw_1.0.0.202210132147.jar:?]
	at com.xilinx.sdk.hw.internal.HwPlatform.isZynq(HwPlatform.java:1101) [com.xilinx.sdk.hw_1.0.0.202210132147.jar:?]
	at com.xilinx.sdk.hw.internal.HwPlatform.getArchFamily(HwPlatform.java:587) [com.xilinx.sdk.hw_1.0.0.202210132147.jar:?]
	at com.xilinx.sdk.tcf.internal.debug.ui.common.BaseLaunchConfigModel.readCrossTriggerModel(BaseLaunchConfigModel.java:174) [com.xilinx.sdk.tcf.debug_1.0.0.202210132147.jar:?]
	at com.xilinx.sdk.tcf.internal.debug.ui.common.BaseLaunchConfigModel.readAndSetAttributes(BaseLaunchConfigModel.java:156) [com.xilinx.sdk.tcf.debug_1.0.0.202210132147.jar:?]
	at com.xilinx.sdx.sdsoc.debug.ui.SdsLaunchConfigModel.newInstance(SdsLaunchConfigModel.java:109) [com.xilinx.sdx.sdsoc.debug.ui_1.0.0.202210132147.jar:?]
	at com.xilinx.sdx.sdsoc.debug.launch.SdsTcfLaunchDelegate.createConfigModel(SdsTcfLaunchDelegate.java:85) [com.xilinx.sdx.sdsoc.debug_1.0.0.202210132147.jar:?]
	at com.xilinx.sdx.sdsoc.debug.launch.SdsTcfLaunchDelegate.generateReports(SdsTcfLaunchDelegate.java:641) [com.xilinx.sdx.sdsoc.debug_1.0.0.202210132147.jar:?]
	at com.xilinx.sdx.sdsoc.debug.launch.SdsTcfLaunchDelegate.onDisconnected(SdsTcfLaunchDelegate.java:615) [com.xilinx.sdx.sdsoc.debug_1.0.0.202210132147.jar:?]
	at org.eclipse.tcf.internal.debug.ui.model.TCFModelManager$1.onDisconnected(TCFModelManager.java:79) [org.eclipse.tcf.debug.ui_1.7.0.202210132147.jar:?]
	at org.eclipse.tcf.internal.debug.model.TCFLaunch.onDisconnected(TCFLaunch.java:532) [org.eclipse.tcf.debug_1.7.0.202210132147.jar:?]
	at org.eclipse.tcf.internal.debug.model.TCFLaunch$43.onChannelClosed(TCFLaunch.java:1643) [org.eclipse.tcf.debug_1.7.0.202210132147.jar:?]
	at org.eclipse.tcf.core.AbstractChannel$9.run(AbstractChannel.java:858) [org.eclipse.tcf.core_1.7.0.202210132147.jar:?]
	at org.eclipse.tcf.EventQueue.run(EventQueue.java:98) [org.eclipse.tcf_1.7.0.202210132147.jar:?]
	at java.lang.Thread.run(Thread.java:829) [?:?]
16:57:59 INFO  : Disconnected from the channel tcfchan#94.
16:58:00 INFO  : The hardware specification used by project 'syncMain' is out of sync with the platform. Resource files extracted from the hardware specification will be updated.
16:58:00 INFO  : The file 'E:\kevin\myCode\microBlaze100\vitisJson\syncMain\_ide\bitstream\design_1_wrapper.bit' stored in project is removed.
16:58:00 INFO  : The file 'E:\kevin\myCode\microBlaze100\vitisJson\syncMain\_ide\bitstream\design_1_wrapper.mmi' stored in project is removed.
16:58:00 INFO  : The updated bitstream files are copied from platform to folder 'E:\kevin\myCode\microBlaze100\vitisJson\syncMain\_ide\bitstream' in project 'syncMain'.
16:58:00 INFO  : Connected to target on host '127.0.0.1' and port '3121'.
16:58:00 INFO  : Jtag cable 'Digilent JTAG-HS2 201706300081' is selected.
16:58:00 INFO  : 'jtag frequency' command is executed.
16:58:00 INFO  : 'targets -set -filter {jtag_cable_name =~ "Digilent JTAG-HS2 201706300081" && level==0 && jtag_device_ctx=="jsn-JTAG-HS2-201706300081-13631093-0"}' command is executed.
16:58:04 INFO  : Device configured successfully with "E:/kevin/myCode/microBlaze100/vitisJson/syncMain/_ide/bitstream/design_1_wrapper.bit"
16:58:04 INFO  : Context for processor 'microblaze_0' is selected.
16:58:04 INFO  : Hardware design and registers information is loaded from 'E:/kevin/myCode/microBlaze100/vitisJson/syncBlaze/export/syncBlaze/hw/design_1_wrapper.xsa'.
16:58:04 INFO  : 'configparams mdm-detect-bscan-mask 2' command is executed.
16:58:04 INFO  : Context for processor 'microblaze_0' is selected.
16:58:04 INFO  : System reset is completed.
16:58:07 INFO  : 'after 3000' command is executed.
16:58:07 INFO  : Context for processor 'microblaze_0' is selected.
16:58:07 INFO  : The application 'E:/kevin/myCode/microBlaze100/vitisJson/syncMain/Debug/syncMain.elf' is downloaded to processor 'microblaze_0'.
16:58:07 INFO  : ----------------XSDB Script----------------
connect -url tcp:127.0.0.1:3121
targets -set -filter {jtag_cable_name =~ "Digilent JTAG-HS2 201706300081" && level==0 && jtag_device_ctx=="jsn-JTAG-HS2-201706300081-13631093-0"}
fpga -file E:/kevin/myCode/microBlaze100/vitisJson/syncMain/_ide/bitstream/design_1_wrapper.bit
targets -set -nocase -filter {name =~ "*microblaze*#0" && bscan=="USER2" }
loadhw -hw E:/kevin/myCode/microBlaze100/vitisJson/syncBlaze/export/syncBlaze/hw/design_1_wrapper.xsa -regs
configparams mdm-detect-bscan-mask 2
targets -set -nocase -filter {name =~ "*microblaze*#0" && bscan=="USER2" }
rst -system
after 3000
targets -set -nocase -filter {name =~ "*microblaze*#0" && bscan=="USER2" }
dow E:/kevin/myCode/microBlaze100/vitisJson/syncMain/Debug/syncMain.elf
----------------End of Script----------------

16:58:07 INFO  : Context for processor 'microblaze_0' is selected.
16:58:07 INFO  : 'con' command is executed.
16:58:07 INFO  : ----------------XSDB Script (After Launch)----------------
targets -set -nocase -filter {name =~ "*microblaze*#0" && bscan=="USER2" }
con
----------------End of Script----------------

16:58:07 INFO  : Launch script is exported to file 'E:\kevin\myCode\microBlaze100\vitisJson\syncMain_system\_ide\scripts\systemdebugger_syncmain_system_standalone.tcl'
17:48:29 INFO  : Hardware specification for platform project 'syncBlaze' is updated.
17:48:46 INFO  : Result from executing command 'getProjects': syncBlaze
17:48:46 INFO  : Result from executing command 'getPlatforms': syncBlaze|E:/kevin/myCode/microBlaze100/vitisJson/syncBlaze/export/syncBlaze/syncBlaze.xpfm;xilinx_vck190_base_202220_1|D:/Xilinx202202/Vitis/2022.2/base_platforms/xilinx_vck190_base_202220_1/xilinx_vck190_base_202220_1.xpfm;xilinx_vck190_base_dfx_202220_1|D:/Xilinx202202/Vitis/2022.2/base_platforms/xilinx_vck190_base_dfx_202220_1/xilinx_vck190_base_dfx_202220_1.xpfm;xilinx_vmk180_base_202220_1|D:/Xilinx202202/Vitis/2022.2/base_platforms/xilinx_vmk180_base_202220_1/xilinx_vmk180_base_202220_1.xpfm;xilinx_zcu102_base_202220_1|D:/Xilinx202202/Vitis/2022.2/base_platforms/xilinx_zcu102_base_202220_1/xilinx_zcu102_base_202220_1.xpfm;xilinx_zcu102_base_dfx_202220_1|D:/Xilinx202202/Vitis/2022.2/base_platforms/xilinx_zcu102_base_dfx_202220_1/xilinx_zcu102_base_dfx_202220_1.xpfm;xilinx_zcu104_base_202220_1|D:/Xilinx202202/Vitis/2022.2/base_platforms/xilinx_zcu104_base_202220_1/xilinx_zcu104_base_202220_1.xpfm
17:48:47 INFO  : Checking for BSP changes to sync application flags for project 'syncMain'...
17:48:49 INFO  : The hardware specification used by project 'syncMain' is out of sync with the platform. Resource files extracted from the hardware specification will be updated.
17:48:49 INFO  : The file 'E:\kevin\myCode\microBlaze100\vitisJson\syncMain\_ide\bitstream\design_1_wrapper.bit' stored in project is removed.
17:48:49 INFO  : The file 'E:\kevin\myCode\microBlaze100\vitisJson\syncMain\_ide\bitstream\design_1_wrapper.mmi' stored in project is removed.
17:48:49 INFO  : The updated bitstream files are copied from platform to folder 'E:\kevin\myCode\microBlaze100\vitisJson\syncMain\_ide\bitstream' in project 'syncMain'.
17:48:51 INFO  : Checking for BSP changes to sync application flags for project 'syncMain'...
17:48:53 INFO  : Disconnected from the channel tcfchan#96.
17:48:55 INFO  : Checking for BSP changes to sync application flags for project 'syncMain'...
17:48:58 INFO  : Connected to target on host '127.0.0.1' and port '3121'.
17:48:58 INFO  : Jtag cable 'Digilent JTAG-HS2 201706300081' is selected.
17:48:58 INFO  : 'jtag frequency' command is executed.
17:48:58 INFO  : 'targets -set -filter {jtag_cable_name =~ "Digilent JTAG-HS2 201706300081" && level==0 && jtag_device_ctx=="jsn-JTAG-HS2-201706300081-13631093-0"}' command is executed.
17:49:01 INFO  : Device configured successfully with "E:/kevin/myCode/microBlaze100/vitisJson/syncMain/_ide/bitstream/design_1_wrapper.bit"
17:49:01 INFO  : Context for processor 'microblaze_0' is selected.
17:49:01 INFO  : Hardware design and registers information is loaded from 'E:/kevin/myCode/microBlaze100/vitisJson/syncBlaze/export/syncBlaze/hw/design_1_wrapper.xsa'.
17:49:01 INFO  : 'configparams mdm-detect-bscan-mask 2' command is executed.
17:49:01 INFO  : Context for processor 'microblaze_0' is selected.
17:49:01 INFO  : System reset is completed.
17:49:04 INFO  : 'after 3000' command is executed.
17:49:04 INFO  : Context for processor 'microblaze_0' is selected.
17:49:05 INFO  : The application 'E:/kevin/myCode/microBlaze100/vitisJson/syncMain/Debug/syncMain.elf' is downloaded to processor 'microblaze_0'.
17:49:05 INFO  : ----------------XSDB Script----------------
connect -url tcp:127.0.0.1:3121
targets -set -filter {jtag_cable_name =~ "Digilent JTAG-HS2 201706300081" && level==0 && jtag_device_ctx=="jsn-JTAG-HS2-201706300081-13631093-0"}
fpga -file E:/kevin/myCode/microBlaze100/vitisJson/syncMain/_ide/bitstream/design_1_wrapper.bit
targets -set -nocase -filter {name =~ "*microblaze*#0" && bscan=="USER2" }
loadhw -hw E:/kevin/myCode/microBlaze100/vitisJson/syncBlaze/export/syncBlaze/hw/design_1_wrapper.xsa -regs
configparams mdm-detect-bscan-mask 2
targets -set -nocase -filter {name =~ "*microblaze*#0" && bscan=="USER2" }
rst -system
after 3000
targets -set -nocase -filter {name =~ "*microblaze*#0" && bscan=="USER2" }
dow E:/kevin/myCode/microBlaze100/vitisJson/syncMain/Debug/syncMain.elf
----------------End of Script----------------

17:49:05 INFO  : Context for processor 'microblaze_0' is selected.
17:49:05 INFO  : 'con' command is executed.
17:49:05 INFO  : ----------------XSDB Script (After Launch)----------------
targets -set -nocase -filter {name =~ "*microblaze*#0" && bscan=="USER2" }
con
----------------End of Script----------------

17:49:05 INFO  : Launch script is exported to file 'E:\kevin\myCode\microBlaze100\vitisJson\syncMain_system\_ide\scripts\systemdebugger_syncmain_system_standalone.tcl'
11:25:08 INFO  : Disconnected from the channel tcfchan#98.
11:25:08 INFO  : Connected to target on host '127.0.0.1' and port '3121'.
11:25:08 INFO  : Jtag cable 'Digilent JTAG-HS2 201706300081' is selected.
11:25:08 INFO  : 'jtag frequency' command is executed.
11:25:08 INFO  : 'targets -set -filter {jtag_cable_name =~ "Digilent JTAG-HS2 201706300081" && level==0 && jtag_device_ctx=="jsn-JTAG-HS2-201706300081-13631093-0"}' command is executed.
11:25:11 INFO  : Device configured successfully with "E:/kevin/myCode/microBlaze100/vitisJson/syncMain/_ide/bitstream/design_1_wrapper.bit"
11:25:11 INFO  : Context for processor 'microblaze_0' is selected.
11:25:11 INFO  : Hardware design and registers information is loaded from 'E:/kevin/myCode/microBlaze100/vitisJson/syncBlaze/export/syncBlaze/hw/design_1_wrapper.xsa'.
11:25:11 INFO  : 'configparams mdm-detect-bscan-mask 2' command is executed.
11:25:11 INFO  : Context for processor 'microblaze_0' is selected.
11:25:11 INFO  : System reset is completed.
11:25:14 INFO  : 'after 3000' command is executed.
11:25:14 INFO  : Context for processor 'microblaze_0' is selected.
11:25:15 INFO  : The application 'E:/kevin/myCode/microBlaze100/vitisJson/syncMain/Debug/syncMain.elf' is downloaded to processor 'microblaze_0'.
11:25:15 INFO  : ----------------XSDB Script----------------
connect -url tcp:127.0.0.1:3121
targets -set -filter {jtag_cable_name =~ "Digilent JTAG-HS2 201706300081" && level==0 && jtag_device_ctx=="jsn-JTAG-HS2-201706300081-13631093-0"}
fpga -file E:/kevin/myCode/microBlaze100/vitisJson/syncMain/_ide/bitstream/design_1_wrapper.bit
targets -set -nocase -filter {name =~ "*microblaze*#0" && bscan=="USER2" }
loadhw -hw E:/kevin/myCode/microBlaze100/vitisJson/syncBlaze/export/syncBlaze/hw/design_1_wrapper.xsa -regs
configparams mdm-detect-bscan-mask 2
targets -set -nocase -filter {name =~ "*microblaze*#0" && bscan=="USER2" }
rst -system
after 3000
targets -set -nocase -filter {name =~ "*microblaze*#0" && bscan=="USER2" }
dow E:/kevin/myCode/microBlaze100/vitisJson/syncMain/Debug/syncMain.elf
----------------End of Script----------------

11:25:15 INFO  : Context for processor 'microblaze_0' is selected.
11:25:15 INFO  : 'con' command is executed.
11:25:15 INFO  : ----------------XSDB Script (After Launch)----------------
targets -set -nocase -filter {name =~ "*microblaze*#0" && bscan=="USER2" }
con
----------------End of Script----------------

11:25:15 INFO  : Launch script is exported to file 'E:\kevin\myCode\microBlaze100\vitisJson\syncMain_system\_ide\scripts\systemdebugger_syncmain_system_standalone.tcl'
11:27:07 INFO  : Disconnected from the channel tcfchan#99.
11:27:08 INFO  : Connected to target on host '127.0.0.1' and port '3121'.
11:27:08 INFO  : Jtag cable 'Digilent JTAG-HS2 201706300081' is selected.
11:27:08 INFO  : 'jtag frequency' command is executed.
11:27:08 INFO  : 'targets -set -filter {jtag_cable_name =~ "Digilent JTAG-HS2 201706300081" && level==0 && jtag_device_ctx=="jsn-JTAG-HS2-201706300081-13631093-0"}' command is executed.
11:27:11 INFO  : Device configured successfully with "E:/kevin/myCode/microBlaze100/vitisJson/syncMain/_ide/bitstream/design_1_wrapper.bit"
11:27:11 INFO  : Context for processor 'microblaze_0' is selected.
11:27:11 INFO  : Hardware design and registers information is loaded from 'E:/kevin/myCode/microBlaze100/vitisJson/syncBlaze/export/syncBlaze/hw/design_1_wrapper.xsa'.
11:27:11 INFO  : 'configparams mdm-detect-bscan-mask 2' command is executed.
11:27:11 INFO  : Context for processor 'microblaze_0' is selected.
11:27:11 INFO  : System reset is completed.
11:27:14 INFO  : 'after 3000' command is executed.
11:27:14 INFO  : Context for processor 'microblaze_0' is selected.
11:27:14 INFO  : The application 'E:/kevin/myCode/microBlaze100/vitisJson/syncMain/Debug/syncMain.elf' is downloaded to processor 'microblaze_0'.
11:27:14 INFO  : ----------------XSDB Script----------------
connect -url tcp:127.0.0.1:3121
targets -set -filter {jtag_cable_name =~ "Digilent JTAG-HS2 201706300081" && level==0 && jtag_device_ctx=="jsn-JTAG-HS2-201706300081-13631093-0"}
fpga -file E:/kevin/myCode/microBlaze100/vitisJson/syncMain/_ide/bitstream/design_1_wrapper.bit
targets -set -nocase -filter {name =~ "*microblaze*#0" && bscan=="USER2" }
loadhw -hw E:/kevin/myCode/microBlaze100/vitisJson/syncBlaze/export/syncBlaze/hw/design_1_wrapper.xsa -regs
configparams mdm-detect-bscan-mask 2
targets -set -nocase -filter {name =~ "*microblaze*#0" && bscan=="USER2" }
rst -system
after 3000
targets -set -nocase -filter {name =~ "*microblaze*#0" && bscan=="USER2" }
dow E:/kevin/myCode/microBlaze100/vitisJson/syncMain/Debug/syncMain.elf
----------------End of Script----------------

11:27:14 INFO  : Context for processor 'microblaze_0' is selected.
11:27:14 INFO  : 'con' command is executed.
11:27:14 INFO  : ----------------XSDB Script (After Launch)----------------
targets -set -nocase -filter {name =~ "*microblaze*#0" && bscan=="USER2" }
con
----------------End of Script----------------

11:27:14 INFO  : Launch script is exported to file 'E:\kevin\myCode\microBlaze100\vitisJson\syncMain_system\_ide\scripts\systemdebugger_syncmain_system_standalone.tcl'
14:48:56 INFO  : Disconnected from the channel tcfchan#100.
14:48:57 INFO  : Checking for BSP changes to sync application flags for project 'syncMain'...
14:49:17 INFO  : Checking for BSP changes to sync application flags for project 'syncMain'...
14:53:43 INFO  : Checking for BSP changes to sync application flags for project 'syncMain'...
10:05:27 INFO  : Hardware specification for platform project 'syncBlaze' is updated.
10:05:53 INFO  : Result from executing command 'getProjects': syncBlaze
10:05:53 INFO  : Result from executing command 'getPlatforms': syncBlaze|E:/kevin/myCode/microBlaze100/vitisJson/syncBlaze/export/syncBlaze/syncBlaze.xpfm;xilinx_vck190_base_202220_1|D:/Xilinx202202/Vitis/2022.2/base_platforms/xilinx_vck190_base_202220_1/xilinx_vck190_base_202220_1.xpfm;xilinx_vck190_base_dfx_202220_1|D:/Xilinx202202/Vitis/2022.2/base_platforms/xilinx_vck190_base_dfx_202220_1/xilinx_vck190_base_dfx_202220_1.xpfm;xilinx_vmk180_base_202220_1|D:/Xilinx202202/Vitis/2022.2/base_platforms/xilinx_vmk180_base_202220_1/xilinx_vmk180_base_202220_1.xpfm;xilinx_zcu102_base_202220_1|D:/Xilinx202202/Vitis/2022.2/base_platforms/xilinx_zcu102_base_202220_1/xilinx_zcu102_base_202220_1.xpfm;xilinx_zcu102_base_dfx_202220_1|D:/Xilinx202202/Vitis/2022.2/base_platforms/xilinx_zcu102_base_dfx_202220_1/xilinx_zcu102_base_dfx_202220_1.xpfm;xilinx_zcu104_base_202220_1|D:/Xilinx202202/Vitis/2022.2/base_platforms/xilinx_zcu104_base_202220_1/xilinx_zcu104_base_202220_1.xpfm
10:06:10 INFO  : Checking for BSP changes to sync application flags for project 'syncMain'...
10:06:29 INFO  : The hardware specification used by project 'syncMain' is out of sync with the platform. Resource files extracted from the hardware specification will be updated.
10:06:29 INFO  : The file 'E:\kevin\myCode\microBlaze100\vitisJson\syncMain\_ide\bitstream\design_1_wrapper.bit' stored in project is removed.
10:06:29 INFO  : The file 'E:\kevin\myCode\microBlaze100\vitisJson\syncMain\_ide\bitstream\design_1_wrapper.mmi' stored in project is removed.
10:06:29 INFO  : The updated bitstream files are copied from platform to folder 'E:\kevin\myCode\microBlaze100\vitisJson\syncMain\_ide\bitstream' in project 'syncMain'.
10:06:32 INFO  : Connected to target on host '127.0.0.1' and port '3121'.
10:06:32 INFO  : Jtag cable 'Digilent JTAG-HS2 201706300081' is selected.
10:06:32 INFO  : 'jtag frequency' command is executed.
10:06:32 INFO  : 'targets -set -filter {jtag_cable_name =~ "Digilent JTAG-HS2 201706300081" && level==0 && jtag_device_ctx=="jsn-JTAG-HS2-201706300081-13631093-0"}' command is executed.
10:06:35 INFO  : Device configured successfully with "E:/kevin/myCode/microBlaze100/vitisJson/syncMain/_ide/bitstream/design_1_wrapper.bit"
10:06:35 INFO  : Context for processor 'microblaze_0' is selected.
10:06:35 INFO  : Hardware design and registers information is loaded from 'E:/kevin/myCode/microBlaze100/vitisJson/syncBlaze/export/syncBlaze/hw/design_1_wrapper.xsa'.
10:06:35 INFO  : 'configparams mdm-detect-bscan-mask 2' command is executed.
10:06:35 INFO  : Context for processor 'microblaze_0' is selected.
10:06:35 INFO  : System reset is completed.
10:06:38 INFO  : 'after 3000' command is executed.
10:06:38 INFO  : Context for processor 'microblaze_0' is selected.
10:06:39 INFO  : The application 'E:/kevin/myCode/microBlaze100/vitisJson/syncMain/Debug/syncMain.elf' is downloaded to processor 'microblaze_0'.
10:06:39 INFO  : ----------------XSDB Script----------------
connect -url tcp:127.0.0.1:3121
targets -set -filter {jtag_cable_name =~ "Digilent JTAG-HS2 201706300081" && level==0 && jtag_device_ctx=="jsn-JTAG-HS2-201706300081-13631093-0"}
fpga -file E:/kevin/myCode/microBlaze100/vitisJson/syncMain/_ide/bitstream/design_1_wrapper.bit
targets -set -nocase -filter {name =~ "*microblaze*#0" && bscan=="USER2" }
loadhw -hw E:/kevin/myCode/microBlaze100/vitisJson/syncBlaze/export/syncBlaze/hw/design_1_wrapper.xsa -regs
configparams mdm-detect-bscan-mask 2
targets -set -nocase -filter {name =~ "*microblaze*#0" && bscan=="USER2" }
rst -system
after 3000
targets -set -nocase -filter {name =~ "*microblaze*#0" && bscan=="USER2" }
dow E:/kevin/myCode/microBlaze100/vitisJson/syncMain/Debug/syncMain.elf
----------------End of Script----------------

10:06:39 INFO  : Context for processor 'microblaze_0' is selected.
10:06:39 INFO  : 'con' command is executed.
10:06:39 INFO  : ----------------XSDB Script (After Launch)----------------
targets -set -nocase -filter {name =~ "*microblaze*#0" && bscan=="USER2" }
con
----------------End of Script----------------

10:06:39 INFO  : Launch script is exported to file 'E:\kevin\myCode\microBlaze100\vitisJson\syncMain_system\_ide\scripts\systemdebugger_syncmain_system_standalone.tcl'
10:31:30 INFO  : Disconnected from the channel tcfchan#102.
10:31:31 INFO  : Checking for BSP changes to sync application flags for project 'syncMain'...
10:31:35 INFO  : Connected to target on host '127.0.0.1' and port '3121'.
10:31:35 INFO  : Jtag cable 'Digilent JTAG-HS2 201706300081' is selected.
10:31:35 INFO  : 'jtag frequency' command is executed.
10:31:35 INFO  : 'targets -set -filter {jtag_cable_name =~ "Digilent JTAG-HS2 201706300081" && level==0 && jtag_device_ctx=="jsn-JTAG-HS2-201706300081-13631093-0"}' command is executed.
10:31:38 INFO  : Device configured successfully with "E:/kevin/myCode/microBlaze100/vitisJson/syncMain/_ide/bitstream/design_1_wrapper.bit"
10:31:38 INFO  : Context for processor 'microblaze_0' is selected.
10:31:38 INFO  : Hardware design and registers information is loaded from 'E:/kevin/myCode/microBlaze100/vitisJson/syncBlaze/export/syncBlaze/hw/design_1_wrapper.xsa'.
10:31:38 INFO  : 'configparams mdm-detect-bscan-mask 2' command is executed.
10:31:38 INFO  : Context for processor 'microblaze_0' is selected.
10:31:38 INFO  : System reset is completed.
10:31:41 INFO  : 'after 3000' command is executed.
10:31:41 INFO  : Context for processor 'microblaze_0' is selected.
10:31:42 INFO  : The application 'E:/kevin/myCode/microBlaze100/vitisJson/syncMain/Debug/syncMain.elf' is downloaded to processor 'microblaze_0'.
10:31:42 INFO  : ----------------XSDB Script----------------
connect -url tcp:127.0.0.1:3121
targets -set -filter {jtag_cable_name =~ "Digilent JTAG-HS2 201706300081" && level==0 && jtag_device_ctx=="jsn-JTAG-HS2-201706300081-13631093-0"}
fpga -file E:/kevin/myCode/microBlaze100/vitisJson/syncMain/_ide/bitstream/design_1_wrapper.bit
targets -set -nocase -filter {name =~ "*microblaze*#0" && bscan=="USER2" }
loadhw -hw E:/kevin/myCode/microBlaze100/vitisJson/syncBlaze/export/syncBlaze/hw/design_1_wrapper.xsa -regs
configparams mdm-detect-bscan-mask 2
targets -set -nocase -filter {name =~ "*microblaze*#0" && bscan=="USER2" }
rst -system
after 3000
targets -set -nocase -filter {name =~ "*microblaze*#0" && bscan=="USER2" }
dow E:/kevin/myCode/microBlaze100/vitisJson/syncMain/Debug/syncMain.elf
----------------End of Script----------------

10:31:42 INFO  : Context for processor 'microblaze_0' is selected.
10:31:42 INFO  : 'con' command is executed.
10:31:42 INFO  : ----------------XSDB Script (After Launch)----------------
targets -set -nocase -filter {name =~ "*microblaze*#0" && bscan=="USER2" }
con
----------------End of Script----------------

10:31:42 INFO  : Launch script is exported to file 'E:\kevin\myCode\microBlaze100\vitisJson\syncMain_system\_ide\scripts\systemdebugger_syncmain_system_standalone.tcl'
10:38:21 INFO  : Disconnected from the channel tcfchan#103.
10:38:22 INFO  : Connected to target on host '127.0.0.1' and port '3121'.
10:38:22 INFO  : Jtag cable 'Digilent JTAG-HS2 201706300081' is selected.
10:38:22 INFO  : 'jtag frequency' command is executed.
10:38:22 INFO  : 'targets -set -filter {jtag_cable_name =~ "Digilent JTAG-HS2 201706300081" && level==0 && jtag_device_ctx=="jsn-JTAG-HS2-201706300081-13631093-0"}' command is executed.
10:38:26 INFO  : Device configured successfully with "E:/kevin/myCode/microBlaze100/vitisJson/syncMain/_ide/bitstream/design_1_wrapper.bit"
10:38:26 INFO  : Context for processor 'microblaze_0' is selected.
10:38:26 INFO  : Hardware design and registers information is loaded from 'E:/kevin/myCode/microBlaze100/vitisJson/syncBlaze/export/syncBlaze/hw/design_1_wrapper.xsa'.
10:38:26 INFO  : 'configparams mdm-detect-bscan-mask 2' command is executed.
10:38:26 INFO  : Context for processor 'microblaze_0' is selected.
10:38:26 INFO  : System reset is completed.
10:38:29 INFO  : 'after 3000' command is executed.
10:38:29 INFO  : Context for processor 'microblaze_0' is selected.
10:38:29 INFO  : The application 'E:/kevin/myCode/microBlaze100/vitisJson/syncMain/Debug/syncMain.elf' is downloaded to processor 'microblaze_0'.
10:38:29 INFO  : ----------------XSDB Script----------------
connect -url tcp:127.0.0.1:3121
targets -set -filter {jtag_cable_name =~ "Digilent JTAG-HS2 201706300081" && level==0 && jtag_device_ctx=="jsn-JTAG-HS2-201706300081-13631093-0"}
fpga -file E:/kevin/myCode/microBlaze100/vitisJson/syncMain/_ide/bitstream/design_1_wrapper.bit
targets -set -nocase -filter {name =~ "*microblaze*#0" && bscan=="USER2" }
loadhw -hw E:/kevin/myCode/microBlaze100/vitisJson/syncBlaze/export/syncBlaze/hw/design_1_wrapper.xsa -regs
configparams mdm-detect-bscan-mask 2
targets -set -nocase -filter {name =~ "*microblaze*#0" && bscan=="USER2" }
rst -system
after 3000
targets -set -nocase -filter {name =~ "*microblaze*#0" && bscan=="USER2" }
dow E:/kevin/myCode/microBlaze100/vitisJson/syncMain/Debug/syncMain.elf
----------------End of Script----------------

10:38:29 INFO  : Context for processor 'microblaze_0' is selected.
10:38:29 INFO  : 'con' command is executed.
10:38:29 INFO  : ----------------XSDB Script (After Launch)----------------
targets -set -nocase -filter {name =~ "*microblaze*#0" && bscan=="USER2" }
con
----------------End of Script----------------

10:38:29 INFO  : Launch script is exported to file 'E:\kevin\myCode\microBlaze100\vitisJson\syncMain_system\_ide\scripts\systemdebugger_syncmain_system_standalone.tcl'
10:40:07 INFO  : Disconnected from the channel tcfchan#104.
10:40:09 INFO  : Checking for BSP changes to sync application flags for project 'syncMain'...
10:40:10 INFO  : Connected to target on host '127.0.0.1' and port '3121'.
10:40:11 INFO  : Jtag cable 'Digilent JTAG-HS2 201706300081' is selected.
10:40:11 INFO  : 'jtag frequency' command is executed.
10:40:11 INFO  : 'targets -set -filter {jtag_cable_name =~ "Digilent JTAG-HS2 201706300081" && level==0 && jtag_device_ctx=="jsn-JTAG-HS2-201706300081-13631093-0"}' command is executed.
10:40:14 INFO  : Device configured successfully with "E:/kevin/myCode/microBlaze100/vitisJson/syncMain/_ide/bitstream/design_1_wrapper.bit"
10:40:14 INFO  : Context for processor 'microblaze_0' is selected.
10:40:14 INFO  : Hardware design and registers information is loaded from 'E:/kevin/myCode/microBlaze100/vitisJson/syncBlaze/export/syncBlaze/hw/design_1_wrapper.xsa'.
10:40:14 INFO  : 'configparams mdm-detect-bscan-mask 2' command is executed.
10:40:14 INFO  : Context for processor 'microblaze_0' is selected.
10:40:14 INFO  : System reset is completed.
10:40:17 INFO  : 'after 3000' command is executed.
10:40:17 INFO  : Context for processor 'microblaze_0' is selected.
10:40:17 INFO  : The application 'E:/kevin/myCode/microBlaze100/vitisJson/syncMain/Debug/syncMain.elf' is downloaded to processor 'microblaze_0'.
10:40:17 INFO  : ----------------XSDB Script----------------
connect -url tcp:127.0.0.1:3121
targets -set -filter {jtag_cable_name =~ "Digilent JTAG-HS2 201706300081" && level==0 && jtag_device_ctx=="jsn-JTAG-HS2-201706300081-13631093-0"}
fpga -file E:/kevin/myCode/microBlaze100/vitisJson/syncMain/_ide/bitstream/design_1_wrapper.bit
targets -set -nocase -filter {name =~ "*microblaze*#0" && bscan=="USER2" }
loadhw -hw E:/kevin/myCode/microBlaze100/vitisJson/syncBlaze/export/syncBlaze/hw/design_1_wrapper.xsa -regs
configparams mdm-detect-bscan-mask 2
targets -set -nocase -filter {name =~ "*microblaze*#0" && bscan=="USER2" }
rst -system
after 3000
targets -set -nocase -filter {name =~ "*microblaze*#0" && bscan=="USER2" }
dow E:/kevin/myCode/microBlaze100/vitisJson/syncMain/Debug/syncMain.elf
----------------End of Script----------------

10:40:17 INFO  : Context for processor 'microblaze_0' is selected.
10:40:17 INFO  : 'con' command is executed.
10:40:17 INFO  : ----------------XSDB Script (After Launch)----------------
targets -set -nocase -filter {name =~ "*microblaze*#0" && bscan=="USER2" }
con
----------------End of Script----------------

10:40:17 INFO  : Launch script is exported to file 'E:\kevin\myCode\microBlaze100\vitisJson\syncMain_system\_ide\scripts\systemdebugger_syncmain_system_standalone.tcl'
10:43:55 INFO  : Disconnected from the channel tcfchan#105.
10:43:59 INFO  : Checking for BSP changes to sync application flags for project 'syncMain'...
10:44:02 INFO  : Connected to target on host '127.0.0.1' and port '3121'.
10:44:02 INFO  : Jtag cable 'Digilent JTAG-HS2 201706300081' is selected.
10:44:02 INFO  : 'jtag frequency' command is executed.
10:44:02 INFO  : 'targets -set -filter {jtag_cable_name =~ "Digilent JTAG-HS2 201706300081" && level==0 && jtag_device_ctx=="jsn-JTAG-HS2-201706300081-13631093-0"}' command is executed.
10:44:05 INFO  : Device configured successfully with "E:/kevin/myCode/microBlaze100/vitisJson/syncMain/_ide/bitstream/design_1_wrapper.bit"
10:44:05 INFO  : Context for processor 'microblaze_0' is selected.
10:44:05 INFO  : Hardware design and registers information is loaded from 'E:/kevin/myCode/microBlaze100/vitisJson/syncBlaze/export/syncBlaze/hw/design_1_wrapper.xsa'.
10:44:05 INFO  : 'configparams mdm-detect-bscan-mask 2' command is executed.
10:44:05 INFO  : Context for processor 'microblaze_0' is selected.
10:44:05 INFO  : System reset is completed.
10:44:08 INFO  : 'after 3000' command is executed.
10:44:08 INFO  : Context for processor 'microblaze_0' is selected.
10:44:08 INFO  : The application 'E:/kevin/myCode/microBlaze100/vitisJson/syncMain/Debug/syncMain.elf' is downloaded to processor 'microblaze_0'.
10:44:08 INFO  : ----------------XSDB Script----------------
connect -url tcp:127.0.0.1:3121
targets -set -filter {jtag_cable_name =~ "Digilent JTAG-HS2 201706300081" && level==0 && jtag_device_ctx=="jsn-JTAG-HS2-201706300081-13631093-0"}
fpga -file E:/kevin/myCode/microBlaze100/vitisJson/syncMain/_ide/bitstream/design_1_wrapper.bit
targets -set -nocase -filter {name =~ "*microblaze*#0" && bscan=="USER2" }
loadhw -hw E:/kevin/myCode/microBlaze100/vitisJson/syncBlaze/export/syncBlaze/hw/design_1_wrapper.xsa -regs
configparams mdm-detect-bscan-mask 2
targets -set -nocase -filter {name =~ "*microblaze*#0" && bscan=="USER2" }
rst -system
after 3000
targets -set -nocase -filter {name =~ "*microblaze*#0" && bscan=="USER2" }
dow E:/kevin/myCode/microBlaze100/vitisJson/syncMain/Debug/syncMain.elf
----------------End of Script----------------

10:44:09 INFO  : Context for processor 'microblaze_0' is selected.
10:44:09 INFO  : 'con' command is executed.
10:44:09 INFO  : ----------------XSDB Script (After Launch)----------------
targets -set -nocase -filter {name =~ "*microblaze*#0" && bscan=="USER2" }
con
----------------End of Script----------------

10:44:09 INFO  : Launch script is exported to file 'E:\kevin\myCode\microBlaze100\vitisJson\syncMain_system\_ide\scripts\systemdebugger_syncmain_system_standalone.tcl'
11:33:23 INFO  : Hardware specification for platform project 'syncBlaze' is updated.
11:33:47 INFO  : Result from executing command 'getProjects': syncBlaze
11:33:47 INFO  : Result from executing command 'getPlatforms': syncBlaze|E:/kevin/myCode/microBlaze100/vitisJson/syncBlaze/export/syncBlaze/syncBlaze.xpfm;xilinx_vck190_base_202220_1|D:/Xilinx202202/Vitis/2022.2/base_platforms/xilinx_vck190_base_202220_1/xilinx_vck190_base_202220_1.xpfm;xilinx_vck190_base_dfx_202220_1|D:/Xilinx202202/Vitis/2022.2/base_platforms/xilinx_vck190_base_dfx_202220_1/xilinx_vck190_base_dfx_202220_1.xpfm;xilinx_vmk180_base_202220_1|D:/Xilinx202202/Vitis/2022.2/base_platforms/xilinx_vmk180_base_202220_1/xilinx_vmk180_base_202220_1.xpfm;xilinx_zcu102_base_202220_1|D:/Xilinx202202/Vitis/2022.2/base_platforms/xilinx_zcu102_base_202220_1/xilinx_zcu102_base_202220_1.xpfm;xilinx_zcu102_base_dfx_202220_1|D:/Xilinx202202/Vitis/2022.2/base_platforms/xilinx_zcu102_base_dfx_202220_1/xilinx_zcu102_base_dfx_202220_1.xpfm;xilinx_zcu104_base_202220_1|D:/Xilinx202202/Vitis/2022.2/base_platforms/xilinx_zcu104_base_202220_1/xilinx_zcu104_base_202220_1.xpfm
11:34:00 INFO  : Checking for BSP changes to sync application flags for project 'syncMain'...
11:34:04 ERROR : XSCT server calls should not be made from TCF thread.
java.lang.RuntimeException: XSCT server calls should not be made from TCF thread.
	at com.xilinx.sdk.xsdb.XSDBCommandManager.issueAndWait(XSDBCommandManager.java:392) [com.xilinx.sdk.xsdb_1.0.0.202210132147.jar:?]
	at com.xilinx.sdk.xsdb.XsdbCommandUtils.executeAndRespond(XsdbCommandUtils.java:325) [com.xilinx.sdk.xsdb_1.0.0.202210132147.jar:?]
	at com.xilinx.sdk.hw.internal.HwPlatform.populateDesignProps(HwPlatform.java:521) [com.xilinx.sdk.hw_1.0.0.202210132147.jar:?]
	at com.xilinx.sdk.hw.internal.HwPlatform.isZynq(HwPlatform.java:1101) [com.xilinx.sdk.hw_1.0.0.202210132147.jar:?]
	at com.xilinx.sdk.hw.internal.HwPlatform.getArchFamily(HwPlatform.java:587) [com.xilinx.sdk.hw_1.0.0.202210132147.jar:?]
	at com.xilinx.sdk.tcf.internal.debug.ui.common.BaseLaunchConfigModel.readCrossTriggerModel(BaseLaunchConfigModel.java:174) [com.xilinx.sdk.tcf.debug_1.0.0.202210132147.jar:?]
	at com.xilinx.sdk.tcf.internal.debug.ui.common.BaseLaunchConfigModel.readAndSetAttributes(BaseLaunchConfigModel.java:156) [com.xilinx.sdk.tcf.debug_1.0.0.202210132147.jar:?]
	at com.xilinx.sdx.sdsoc.debug.ui.SdsLaunchConfigModel.newInstance(SdsLaunchConfigModel.java:109) [com.xilinx.sdx.sdsoc.debug.ui_1.0.0.202210132147.jar:?]
	at com.xilinx.sdx.sdsoc.debug.launch.SdsTcfLaunchDelegate.createConfigModel(SdsTcfLaunchDelegate.java:85) [com.xilinx.sdx.sdsoc.debug_1.0.0.202210132147.jar:?]
	at com.xilinx.sdx.sdsoc.debug.launch.SdsTcfLaunchDelegate.generateReports(SdsTcfLaunchDelegate.java:641) [com.xilinx.sdx.sdsoc.debug_1.0.0.202210132147.jar:?]
	at com.xilinx.sdx.sdsoc.debug.launch.SdsTcfLaunchDelegate.onDisconnected(SdsTcfLaunchDelegate.java:615) [com.xilinx.sdx.sdsoc.debug_1.0.0.202210132147.jar:?]
	at org.eclipse.tcf.internal.debug.ui.model.TCFModelManager$1.onDisconnected(TCFModelManager.java:79) [org.eclipse.tcf.debug.ui_1.7.0.202210132147.jar:?]
	at org.eclipse.tcf.internal.debug.model.TCFLaunch.onDisconnected(TCFLaunch.java:532) [org.eclipse.tcf.debug_1.7.0.202210132147.jar:?]
	at org.eclipse.tcf.internal.debug.model.TCFLaunch$43.onChannelClosed(TCFLaunch.java:1643) [org.eclipse.tcf.debug_1.7.0.202210132147.jar:?]
	at org.eclipse.tcf.core.AbstractChannel$9.run(AbstractChannel.java:858) [org.eclipse.tcf.core_1.7.0.202210132147.jar:?]
	at org.eclipse.tcf.EventQueue.run(EventQueue.java:98) [org.eclipse.tcf_1.7.0.202210132147.jar:?]
	at java.lang.Thread.run(Thread.java:829) [?:?]
11:34:04 INFO  : Disconnected from the channel tcfchan#106.
11:34:06 INFO  : The hardware specification used by project 'syncMain' is out of sync with the platform. Resource files extracted from the hardware specification will be updated.
11:34:06 INFO  : The file 'E:\kevin\myCode\microBlaze100\vitisJson\syncMain\_ide\bitstream\design_1_wrapper.bit' stored in project is removed.
11:34:06 INFO  : The file 'E:\kevin\myCode\microBlaze100\vitisJson\syncMain\_ide\bitstream\design_1_wrapper.mmi' stored in project is removed.
11:34:06 INFO  : The updated bitstream files are copied from platform to folder 'E:\kevin\myCode\microBlaze100\vitisJson\syncMain\_ide\bitstream' in project 'syncMain'.
11:34:06 INFO  : Connected to target on host '127.0.0.1' and port '3121'.
11:34:07 INFO  : Jtag cable 'Digilent JTAG-HS2 201706300081' is selected.
11:34:07 INFO  : 'jtag frequency' command is executed.
11:34:07 INFO  : 'targets -set -filter {jtag_cable_name =~ "Digilent JTAG-HS2 201706300081" && level==0 && jtag_device_ctx=="jsn-JTAG-HS2-201706300081-13631093-0"}' command is executed.
11:34:10 INFO  : Device configured successfully with "E:/kevin/myCode/microBlaze100/vitisJson/syncMain/_ide/bitstream/design_1_wrapper.bit"
11:34:10 INFO  : Context for processor 'microblaze_0' is selected.
11:34:10 INFO  : Hardware design and registers information is loaded from 'E:/kevin/myCode/microBlaze100/vitisJson/syncBlaze/export/syncBlaze/hw/design_1_wrapper.xsa'.
11:34:10 INFO  : 'configparams mdm-detect-bscan-mask 2' command is executed.
11:34:10 INFO  : Context for processor 'microblaze_0' is selected.
11:34:10 INFO  : System reset is completed.
11:34:13 INFO  : 'after 3000' command is executed.
11:34:13 INFO  : Context for processor 'microblaze_0' is selected.
11:34:13 INFO  : The application 'E:/kevin/myCode/microBlaze100/vitisJson/syncMain/Debug/syncMain.elf' is downloaded to processor 'microblaze_0'.
11:34:13 INFO  : ----------------XSDB Script----------------
connect -url tcp:127.0.0.1:3121
targets -set -filter {jtag_cable_name =~ "Digilent JTAG-HS2 201706300081" && level==0 && jtag_device_ctx=="jsn-JTAG-HS2-201706300081-13631093-0"}
fpga -file E:/kevin/myCode/microBlaze100/vitisJson/syncMain/_ide/bitstream/design_1_wrapper.bit
targets -set -nocase -filter {name =~ "*microblaze*#0" && bscan=="USER2" }
loadhw -hw E:/kevin/myCode/microBlaze100/vitisJson/syncBlaze/export/syncBlaze/hw/design_1_wrapper.xsa -regs
configparams mdm-detect-bscan-mask 2
targets -set -nocase -filter {name =~ "*microblaze*#0" && bscan=="USER2" }
rst -system
after 3000
targets -set -nocase -filter {name =~ "*microblaze*#0" && bscan=="USER2" }
dow E:/kevin/myCode/microBlaze100/vitisJson/syncMain/Debug/syncMain.elf
----------------End of Script----------------

11:34:13 INFO  : Context for processor 'microblaze_0' is selected.
11:34:13 INFO  : 'con' command is executed.
11:34:13 INFO  : ----------------XSDB Script (After Launch)----------------
targets -set -nocase -filter {name =~ "*microblaze*#0" && bscan=="USER2" }
con
----------------End of Script----------------

11:34:13 INFO  : Launch script is exported to file 'E:\kevin\myCode\microBlaze100\vitisJson\syncMain_system\_ide\scripts\systemdebugger_syncmain_system_standalone.tcl'
11:35:53 INFO  : Disconnected from the channel tcfchan#108.
11:35:54 INFO  : Connected to target on host '127.0.0.1' and port '3121'.
11:35:55 INFO  : Jtag cable 'Digilent JTAG-HS2 201706300081' is selected.
11:35:55 INFO  : 'jtag frequency' command is executed.
11:35:55 INFO  : 'targets -set -filter {jtag_cable_name =~ "Digilent JTAG-HS2 201706300081" && level==0 && jtag_device_ctx=="jsn-JTAG-HS2-201706300081-13631093-0"}' command is executed.
11:35:58 INFO  : Device configured successfully with "E:/kevin/myCode/microBlaze100/vitisJson/syncMain/_ide/bitstream/design_1_wrapper.bit"
11:35:58 INFO  : Context for processor 'microblaze_0' is selected.
11:35:58 INFO  : Hardware design and registers information is loaded from 'E:/kevin/myCode/microBlaze100/vitisJson/syncBlaze/export/syncBlaze/hw/design_1_wrapper.xsa'.
11:35:58 INFO  : 'configparams mdm-detect-bscan-mask 2' command is executed.
11:35:58 INFO  : Context for processor 'microblaze_0' is selected.
11:35:58 INFO  : System reset is completed.
11:36:01 INFO  : 'after 3000' command is executed.
11:36:01 INFO  : Context for processor 'microblaze_0' is selected.
11:36:01 INFO  : The application 'E:/kevin/myCode/microBlaze100/vitisJson/syncMain/Debug/syncMain.elf' is downloaded to processor 'microblaze_0'.
11:36:01 INFO  : ----------------XSDB Script----------------
connect -url tcp:127.0.0.1:3121
targets -set -filter {jtag_cable_name =~ "Digilent JTAG-HS2 201706300081" && level==0 && jtag_device_ctx=="jsn-JTAG-HS2-201706300081-13631093-0"}
fpga -file E:/kevin/myCode/microBlaze100/vitisJson/syncMain/_ide/bitstream/design_1_wrapper.bit
targets -set -nocase -filter {name =~ "*microblaze*#0" && bscan=="USER2" }
loadhw -hw E:/kevin/myCode/microBlaze100/vitisJson/syncBlaze/export/syncBlaze/hw/design_1_wrapper.xsa -regs
configparams mdm-detect-bscan-mask 2
targets -set -nocase -filter {name =~ "*microblaze*#0" && bscan=="USER2" }
rst -system
after 3000
targets -set -nocase -filter {name =~ "*microblaze*#0" && bscan=="USER2" }
dow E:/kevin/myCode/microBlaze100/vitisJson/syncMain/Debug/syncMain.elf
----------------End of Script----------------

11:36:01 INFO  : Context for processor 'microblaze_0' is selected.
11:36:01 INFO  : 'con' command is executed.
11:36:01 INFO  : ----------------XSDB Script (After Launch)----------------
targets -set -nocase -filter {name =~ "*microblaze*#0" && bscan=="USER2" }
con
----------------End of Script----------------

11:36:01 INFO  : Launch script is exported to file 'E:\kevin\myCode\microBlaze100\vitisJson\syncMain_system\_ide\scripts\systemdebugger_syncmain_system_standalone.tcl'
11:47:47 INFO  : Disconnected from the channel tcfchan#109.
11:47:49 INFO  : Connected to target on host '127.0.0.1' and port '3121'.
11:47:49 INFO  : Jtag cable 'Digilent JTAG-HS2 201706300081' is selected.
11:47:49 INFO  : 'jtag frequency' command is executed.
11:47:49 INFO  : 'targets -set -filter {jtag_cable_name =~ "Digilent JTAG-HS2 201706300081" && level==0 && jtag_device_ctx=="jsn-JTAG-HS2-201706300081-13631093-0"}' command is executed.
11:47:52 INFO  : Device configured successfully with "E:/kevin/myCode/microBlaze100/vitisJson/syncMain/_ide/bitstream/design_1_wrapper.bit"
11:47:52 INFO  : Context for processor 'microblaze_0' is selected.
11:47:52 INFO  : Hardware design and registers information is loaded from 'E:/kevin/myCode/microBlaze100/vitisJson/syncBlaze/export/syncBlaze/hw/design_1_wrapper.xsa'.
11:47:52 INFO  : 'configparams mdm-detect-bscan-mask 2' command is executed.
11:47:52 INFO  : Context for processor 'microblaze_0' is selected.
11:47:52 INFO  : System reset is completed.
11:47:55 INFO  : 'after 3000' command is executed.
11:47:55 INFO  : Context for processor 'microblaze_0' is selected.
11:47:56 INFO  : The application 'E:/kevin/myCode/microBlaze100/vitisJson/syncMain/Debug/syncMain.elf' is downloaded to processor 'microblaze_0'.
11:47:56 INFO  : ----------------XSDB Script----------------
connect -url tcp:127.0.0.1:3121
targets -set -filter {jtag_cable_name =~ "Digilent JTAG-HS2 201706300081" && level==0 && jtag_device_ctx=="jsn-JTAG-HS2-201706300081-13631093-0"}
fpga -file E:/kevin/myCode/microBlaze100/vitisJson/syncMain/_ide/bitstream/design_1_wrapper.bit
targets -set -nocase -filter {name =~ "*microblaze*#0" && bscan=="USER2" }
loadhw -hw E:/kevin/myCode/microBlaze100/vitisJson/syncBlaze/export/syncBlaze/hw/design_1_wrapper.xsa -regs
configparams mdm-detect-bscan-mask 2
targets -set -nocase -filter {name =~ "*microblaze*#0" && bscan=="USER2" }
rst -system
after 3000
targets -set -nocase -filter {name =~ "*microblaze*#0" && bscan=="USER2" }
dow E:/kevin/myCode/microBlaze100/vitisJson/syncMain/Debug/syncMain.elf
----------------End of Script----------------

11:47:56 INFO  : Context for processor 'microblaze_0' is selected.
11:47:56 INFO  : 'con' command is executed.
11:47:56 INFO  : ----------------XSDB Script (After Launch)----------------
targets -set -nocase -filter {name =~ "*microblaze*#0" && bscan=="USER2" }
con
----------------End of Script----------------

11:47:56 INFO  : Launch script is exported to file 'E:\kevin\myCode\microBlaze100\vitisJson\syncMain_system\_ide\scripts\systemdebugger_syncmain_system_standalone.tcl'
13:10:18 INFO  : Disconnected from the channel tcfchan#110.
13:10:21 INFO  : Checking for BSP changes to sync application flags for project 'syncMain'...
13:10:23 INFO  : Connected to target on host '127.0.0.1' and port '3121'.
13:10:24 INFO  : Jtag cable 'Digilent JTAG-HS2 201706300081' is selected.
13:10:24 INFO  : 'jtag frequency' command is executed.
13:10:24 INFO  : 'targets -set -filter {jtag_cable_name =~ "Digilent JTAG-HS2 201706300081" && level==0 && jtag_device_ctx=="jsn-JTAG-HS2-201706300081-13631093-0"}' command is executed.
13:10:27 INFO  : Device configured successfully with "E:/kevin/myCode/microBlaze100/vitisJson/syncMain/_ide/bitstream/design_1_wrapper.bit"
13:10:27 INFO  : Context for processor 'microblaze_0' is selected.
13:10:27 INFO  : Hardware design and registers information is loaded from 'E:/kevin/myCode/microBlaze100/vitisJson/syncBlaze/export/syncBlaze/hw/design_1_wrapper.xsa'.
13:10:27 INFO  : 'configparams mdm-detect-bscan-mask 2' command is executed.
13:10:27 INFO  : Context for processor 'microblaze_0' is selected.
13:10:27 INFO  : System reset is completed.
13:10:30 INFO  : 'after 3000' command is executed.
13:10:30 INFO  : Context for processor 'microblaze_0' is selected.
13:10:30 INFO  : The application 'E:/kevin/myCode/microBlaze100/vitisJson/syncMain/Debug/syncMain.elf' is downloaded to processor 'microblaze_0'.
13:10:30 INFO  : ----------------XSDB Script----------------
connect -url tcp:127.0.0.1:3121
targets -set -filter {jtag_cable_name =~ "Digilent JTAG-HS2 201706300081" && level==0 && jtag_device_ctx=="jsn-JTAG-HS2-201706300081-13631093-0"}
fpga -file E:/kevin/myCode/microBlaze100/vitisJson/syncMain/_ide/bitstream/design_1_wrapper.bit
targets -set -nocase -filter {name =~ "*microblaze*#0" && bscan=="USER2" }
loadhw -hw E:/kevin/myCode/microBlaze100/vitisJson/syncBlaze/export/syncBlaze/hw/design_1_wrapper.xsa -regs
configparams mdm-detect-bscan-mask 2
targets -set -nocase -filter {name =~ "*microblaze*#0" && bscan=="USER2" }
rst -system
after 3000
targets -set -nocase -filter {name =~ "*microblaze*#0" && bscan=="USER2" }
dow E:/kevin/myCode/microBlaze100/vitisJson/syncMain/Debug/syncMain.elf
----------------End of Script----------------

13:10:30 INFO  : Context for processor 'microblaze_0' is selected.
13:10:30 INFO  : 'con' command is executed.
13:10:30 INFO  : ----------------XSDB Script (After Launch)----------------
targets -set -nocase -filter {name =~ "*microblaze*#0" && bscan=="USER2" }
con
----------------End of Script----------------

13:10:30 INFO  : Launch script is exported to file 'E:\kevin\myCode\microBlaze100\vitisJson\syncMain_system\_ide\scripts\systemdebugger_syncmain_system_standalone.tcl'
13:36:37 INFO  : Hardware specification for platform project 'syncBlaze' is updated.
13:37:00 INFO  : Result from executing command 'getProjects': syncBlaze
13:37:00 INFO  : Result from executing command 'getPlatforms': syncBlaze|E:/kevin/myCode/microBlaze100/vitisJson/syncBlaze/export/syncBlaze/syncBlaze.xpfm;xilinx_vck190_base_202220_1|D:/Xilinx202202/Vitis/2022.2/base_platforms/xilinx_vck190_base_202220_1/xilinx_vck190_base_202220_1.xpfm;xilinx_vck190_base_dfx_202220_1|D:/Xilinx202202/Vitis/2022.2/base_platforms/xilinx_vck190_base_dfx_202220_1/xilinx_vck190_base_dfx_202220_1.xpfm;xilinx_vmk180_base_202220_1|D:/Xilinx202202/Vitis/2022.2/base_platforms/xilinx_vmk180_base_202220_1/xilinx_vmk180_base_202220_1.xpfm;xilinx_zcu102_base_202220_1|D:/Xilinx202202/Vitis/2022.2/base_platforms/xilinx_zcu102_base_202220_1/xilinx_zcu102_base_202220_1.xpfm;xilinx_zcu102_base_dfx_202220_1|D:/Xilinx202202/Vitis/2022.2/base_platforms/xilinx_zcu102_base_dfx_202220_1/xilinx_zcu102_base_dfx_202220_1.xpfm;xilinx_zcu104_base_202220_1|D:/Xilinx202202/Vitis/2022.2/base_platforms/xilinx_zcu104_base_202220_1/xilinx_zcu104_base_202220_1.xpfm
13:39:29 ERROR : XSCT server calls should not be made from TCF thread.
java.lang.RuntimeException: XSCT server calls should not be made from TCF thread.
	at com.xilinx.sdk.xsdb.XSDBCommandManager.issueAndWait(XSDBCommandManager.java:392) [com.xilinx.sdk.xsdb_1.0.0.202210132147.jar:?]
	at com.xilinx.sdk.xsdb.XsdbCommandUtils.executeAndRespond(XsdbCommandUtils.java:325) [com.xilinx.sdk.xsdb_1.0.0.202210132147.jar:?]
	at com.xilinx.sdk.hw.internal.HwPlatform.dispose(HwPlatform.java:1325) [com.xilinx.sdk.hw_1.0.0.202210132147.jar:?]
	at com.xilinx.sdk.hw.internal.HwSpecFactory.removeHwSpec(HwSpecFactory.java:92) [com.xilinx.sdk.hw_1.0.0.202210132147.jar:?]
	at com.xilinx.sdk.hw.internal.HwSpecFactory.validateGetFromCache(HwSpecFactory.java:78) [com.xilinx.sdk.hw_1.0.0.202210132147.jar:?]
	at com.xilinx.sdk.hw.internal.HwSpecFactory.createHwSpec(HwSpecFactory.java:48) [com.xilinx.sdk.hw_1.0.0.202210132147.jar:?]
	at com.xilinx.sdx.sdsoc.debug.ui.SdsLaunchConfigUtil.createHwPlatform(SdsLaunchConfigUtil.java:57) [com.xilinx.sdx.sdsoc.debug.ui_1.0.0.202210132147.jar:?]
	at com.xilinx.sdx.sdsoc.debug.ui.SdsLaunchConfigModel.iniHwPlatform(SdsLaunchConfigModel.java:187) [com.xilinx.sdx.sdsoc.debug.ui_1.0.0.202210132147.jar:?]
	at com.xilinx.sdk.tcf.internal.debug.ui.common.BaseLaunchConfigModel.getHwPlatform(BaseLaunchConfigModel.java:577) [com.xilinx.sdk.tcf.debug_1.0.0.202210132147.jar:?]
	at com.xilinx.sdk.tcf.internal.debug.ui.common.BaseLaunchConfigModel.readCrossTriggerModel(BaseLaunchConfigModel.java:173) [com.xilinx.sdk.tcf.debug_1.0.0.202210132147.jar:?]
	at com.xilinx.sdk.tcf.internal.debug.ui.common.BaseLaunchConfigModel.readAndSetAttributes(BaseLaunchConfigModel.java:156) [com.xilinx.sdk.tcf.debug_1.0.0.202210132147.jar:?]
	at com.xilinx.sdx.sdsoc.debug.ui.SdsLaunchConfigModel.newInstance(SdsLaunchConfigModel.java:109) [com.xilinx.sdx.sdsoc.debug.ui_1.0.0.202210132147.jar:?]
	at com.xilinx.sdx.sdsoc.debug.launch.SdsTcfLaunchDelegate.createConfigModel(SdsTcfLaunchDelegate.java:85) [com.xilinx.sdx.sdsoc.debug_1.0.0.202210132147.jar:?]
	at com.xilinx.sdx.sdsoc.debug.launch.SdsTcfLaunchDelegate.generateReports(SdsTcfLaunchDelegate.java:641) [com.xilinx.sdx.sdsoc.debug_1.0.0.202210132147.jar:?]
	at com.xilinx.sdx.sdsoc.debug.launch.SdsTcfLaunchDelegate.onDisconnected(SdsTcfLaunchDelegate.java:615) [com.xilinx.sdx.sdsoc.debug_1.0.0.202210132147.jar:?]
	at org.eclipse.tcf.internal.debug.ui.model.TCFModelManager$1.onDisconnected(TCFModelManager.java:79) [org.eclipse.tcf.debug.ui_1.7.0.202210132147.jar:?]
	at org.eclipse.tcf.internal.debug.model.TCFLaunch.onDisconnected(TCFLaunch.java:532) [org.eclipse.tcf.debug_1.7.0.202210132147.jar:?]
	at org.eclipse.tcf.internal.debug.model.TCFLaunch$43.onChannelClosed(TCFLaunch.java:1643) [org.eclipse.tcf.debug_1.7.0.202210132147.jar:?]
	at org.eclipse.tcf.core.AbstractChannel$9.run(AbstractChannel.java:858) [org.eclipse.tcf.core_1.7.0.202210132147.jar:?]
	at org.eclipse.tcf.EventQueue.run(EventQueue.java:98) [org.eclipse.tcf_1.7.0.202210132147.jar:?]
	at java.lang.Thread.run(Thread.java:829) [?:?]
13:39:29 INFO  : Disconnected from the channel tcfchan#111.
13:39:31 INFO  : Checking for BSP changes to sync application flags for project 'syncMain'...
13:39:39 INFO  : The hardware specification used by project 'syncMain' is out of sync with the platform. Resource files extracted from the hardware specification will be updated.
13:39:39 INFO  : The file 'E:\kevin\myCode\microBlaze100\vitisJson\syncMain\_ide\bitstream\design_1_wrapper.bit' stored in project is removed.
13:39:39 INFO  : The file 'E:\kevin\myCode\microBlaze100\vitisJson\syncMain\_ide\bitstream\design_1_wrapper.mmi' stored in project is removed.
13:39:39 INFO  : The updated bitstream files are copied from platform to folder 'E:\kevin\myCode\microBlaze100\vitisJson\syncMain\_ide\bitstream' in project 'syncMain'.
13:39:42 INFO  : Connected to target on host '127.0.0.1' and port '3121'.
13:39:42 INFO  : Jtag cable 'Digilent JTAG-HS2 201706300081' is selected.
13:39:42 INFO  : 'jtag frequency' command is executed.
13:39:42 INFO  : 'targets -set -filter {jtag_cable_name =~ "Digilent JTAG-HS2 201706300081" && level==0 && jtag_device_ctx=="jsn-JTAG-HS2-201706300081-13631093-0"}' command is executed.
13:39:45 INFO  : Device configured successfully with "E:/kevin/myCode/microBlaze100/vitisJson/syncMain/_ide/bitstream/design_1_wrapper.bit"
13:39:45 INFO  : Context for processor 'microblaze_0' is selected.
13:39:45 INFO  : Hardware design and registers information is loaded from 'E:/kevin/myCode/microBlaze100/vitisJson/syncBlaze/export/syncBlaze/hw/design_1_wrapper.xsa'.
13:39:45 INFO  : 'configparams mdm-detect-bscan-mask 2' command is executed.
13:39:45 INFO  : Context for processor 'microblaze_0' is selected.
13:39:45 INFO  : System reset is completed.
13:39:48 INFO  : 'after 3000' command is executed.
13:39:48 INFO  : Context for processor 'microblaze_0' is selected.
13:39:49 INFO  : The application 'E:/kevin/myCode/microBlaze100/vitisJson/syncMain/Debug/syncMain.elf' is downloaded to processor 'microblaze_0'.
13:39:49 INFO  : ----------------XSDB Script----------------
connect -url tcp:127.0.0.1:3121
targets -set -filter {jtag_cable_name =~ "Digilent JTAG-HS2 201706300081" && level==0 && jtag_device_ctx=="jsn-JTAG-HS2-201706300081-13631093-0"}
fpga -file E:/kevin/myCode/microBlaze100/vitisJson/syncMain/_ide/bitstream/design_1_wrapper.bit
targets -set -nocase -filter {name =~ "*microblaze*#0" && bscan=="USER2" }
loadhw -hw E:/kevin/myCode/microBlaze100/vitisJson/syncBlaze/export/syncBlaze/hw/design_1_wrapper.xsa -regs
configparams mdm-detect-bscan-mask 2
targets -set -nocase -filter {name =~ "*microblaze*#0" && bscan=="USER2" }
rst -system
after 3000
targets -set -nocase -filter {name =~ "*microblaze*#0" && bscan=="USER2" }
dow E:/kevin/myCode/microBlaze100/vitisJson/syncMain/Debug/syncMain.elf
----------------End of Script----------------

13:39:49 INFO  : Context for processor 'microblaze_0' is selected.
13:39:49 INFO  : 'con' command is executed.
13:39:49 INFO  : ----------------XSDB Script (After Launch)----------------
targets -set -nocase -filter {name =~ "*microblaze*#0" && bscan=="USER2" }
con
----------------End of Script----------------

13:39:49 INFO  : Launch script is exported to file 'E:\kevin\myCode\microBlaze100\vitisJson\syncMain_system\_ide\scripts\systemdebugger_syncmain_system_standalone.tcl'
14:20:31 INFO  : Hardware specification for platform project 'syncBlaze' is updated.
14:20:41 INFO  : Result from executing command 'getProjects': syncBlaze
14:20:41 INFO  : Result from executing command 'getPlatforms': syncBlaze|E:/kevin/myCode/microBlaze100/vitisJson/syncBlaze/export/syncBlaze/syncBlaze.xpfm;xilinx_vck190_base_202220_1|D:/Xilinx202202/Vitis/2022.2/base_platforms/xilinx_vck190_base_202220_1/xilinx_vck190_base_202220_1.xpfm;xilinx_vck190_base_dfx_202220_1|D:/Xilinx202202/Vitis/2022.2/base_platforms/xilinx_vck190_base_dfx_202220_1/xilinx_vck190_base_dfx_202220_1.xpfm;xilinx_vmk180_base_202220_1|D:/Xilinx202202/Vitis/2022.2/base_platforms/xilinx_vmk180_base_202220_1/xilinx_vmk180_base_202220_1.xpfm;xilinx_zcu102_base_202220_1|D:/Xilinx202202/Vitis/2022.2/base_platforms/xilinx_zcu102_base_202220_1/xilinx_zcu102_base_202220_1.xpfm;xilinx_zcu102_base_dfx_202220_1|D:/Xilinx202202/Vitis/2022.2/base_platforms/xilinx_zcu102_base_dfx_202220_1/xilinx_zcu102_base_dfx_202220_1.xpfm;xilinx_zcu104_base_202220_1|D:/Xilinx202202/Vitis/2022.2/base_platforms/xilinx_zcu104_base_202220_1/xilinx_zcu104_base_202220_1.xpfm
14:20:43 ERROR : XSCT server calls should not be made from TCF thread.
java.lang.RuntimeException: XSCT server calls should not be made from TCF thread.
	at com.xilinx.sdk.xsdb.XSDBCommandManager.issueAndWait(XSDBCommandManager.java:392) [com.xilinx.sdk.xsdb_1.0.0.202210132147.jar:?]
	at com.xilinx.sdk.xsdb.XsdbCommandUtils.executeAndRespond(XsdbCommandUtils.java:325) [com.xilinx.sdk.xsdb_1.0.0.202210132147.jar:?]
	at com.xilinx.sdk.hw.internal.HwPlatform.dispose(HwPlatform.java:1325) [com.xilinx.sdk.hw_1.0.0.202210132147.jar:?]
	at com.xilinx.sdk.hw.internal.HwSpecFactory.removeHwSpec(HwSpecFactory.java:92) [com.xilinx.sdk.hw_1.0.0.202210132147.jar:?]
	at com.xilinx.sdk.hw.internal.HwSpecFactory.validateGetFromCache(HwSpecFactory.java:78) [com.xilinx.sdk.hw_1.0.0.202210132147.jar:?]
	at com.xilinx.sdk.hw.internal.HwSpecFactory.createHwSpec(HwSpecFactory.java:48) [com.xilinx.sdk.hw_1.0.0.202210132147.jar:?]
	at com.xilinx.sdx.sdsoc.debug.ui.SdsLaunchConfigUtil.createHwPlatform(SdsLaunchConfigUtil.java:57) [com.xilinx.sdx.sdsoc.debug.ui_1.0.0.202210132147.jar:?]
	at com.xilinx.sdx.sdsoc.debug.ui.SdsLaunchConfigModel.iniHwPlatform(SdsLaunchConfigModel.java:187) [com.xilinx.sdx.sdsoc.debug.ui_1.0.0.202210132147.jar:?]
	at com.xilinx.sdk.tcf.internal.debug.ui.common.BaseLaunchConfigModel.getHwPlatform(BaseLaunchConfigModel.java:577) [com.xilinx.sdk.tcf.debug_1.0.0.202210132147.jar:?]
	at com.xilinx.sdk.tcf.internal.debug.ui.common.BaseLaunchConfigModel.readCrossTriggerModel(BaseLaunchConfigModel.java:173) [com.xilinx.sdk.tcf.debug_1.0.0.202210132147.jar:?]
	at com.xilinx.sdk.tcf.internal.debug.ui.common.BaseLaunchConfigModel.readAndSetAttributes(BaseLaunchConfigModel.java:156) [com.xilinx.sdk.tcf.debug_1.0.0.202210132147.jar:?]
	at com.xilinx.sdx.sdsoc.debug.ui.SdsLaunchConfigModel.newInstance(SdsLaunchConfigModel.java:109) [com.xilinx.sdx.sdsoc.debug.ui_1.0.0.202210132147.jar:?]
	at com.xilinx.sdx.sdsoc.debug.launch.SdsTcfLaunchDelegate.createConfigModel(SdsTcfLaunchDelegate.java:85) [com.xilinx.sdx.sdsoc.debug_1.0.0.202210132147.jar:?]
	at com.xilinx.sdx.sdsoc.debug.launch.SdsTcfLaunchDelegate.generateReports(SdsTcfLaunchDelegate.java:641) [com.xilinx.sdx.sdsoc.debug_1.0.0.202210132147.jar:?]
	at com.xilinx.sdx.sdsoc.debug.launch.SdsTcfLaunchDelegate.onDisconnected(SdsTcfLaunchDelegate.java:615) [com.xilinx.sdx.sdsoc.debug_1.0.0.202210132147.jar:?]
	at org.eclipse.tcf.internal.debug.ui.model.TCFModelManager$1.onDisconnected(TCFModelManager.java:79) [org.eclipse.tcf.debug.ui_1.7.0.202210132147.jar:?]
	at org.eclipse.tcf.internal.debug.model.TCFLaunch.onDisconnected(TCFLaunch.java:532) [org.eclipse.tcf.debug_1.7.0.202210132147.jar:?]
	at org.eclipse.tcf.internal.debug.model.TCFLaunch$43.onChannelClosed(TCFLaunch.java:1643) [org.eclipse.tcf.debug_1.7.0.202210132147.jar:?]
	at org.eclipse.tcf.core.AbstractChannel$9.run(AbstractChannel.java:858) [org.eclipse.tcf.core_1.7.0.202210132147.jar:?]
	at org.eclipse.tcf.EventQueue.run(EventQueue.java:98) [org.eclipse.tcf_1.7.0.202210132147.jar:?]
	at java.lang.Thread.run(Thread.java:829) [?:?]
14:20:43 INFO  : Disconnected from the channel tcfchan#113.
14:20:51 INFO  : Checking for BSP changes to sync application flags for project 'syncMain'...
14:20:55 INFO  : The hardware specification used by project 'syncMain' is out of sync with the platform. Resource files extracted from the hardware specification will be updated.
14:20:55 INFO  : The file 'E:\kevin\myCode\microBlaze100\vitisJson\syncMain\_ide\bitstream\design_1_wrapper.bit' stored in project is removed.
14:20:55 INFO  : The file 'E:\kevin\myCode\microBlaze100\vitisJson\syncMain\_ide\bitstream\design_1_wrapper.mmi' stored in project is removed.
14:20:55 INFO  : The updated bitstream files are copied from platform to folder 'E:\kevin\myCode\microBlaze100\vitisJson\syncMain\_ide\bitstream' in project 'syncMain'.
14:20:58 INFO  : Connected to target on host '127.0.0.1' and port '3121'.
14:20:58 INFO  : Jtag cable 'Digilent JTAG-HS2 201706300081' is selected.
14:20:58 INFO  : 'jtag frequency' command is executed.
14:20:58 INFO  : 'targets -set -filter {jtag_cable_name =~ "Digilent JTAG-HS2 201706300081" && level==0 && jtag_device_ctx=="jsn-JTAG-HS2-201706300081-13631093-0"}' command is executed.
14:21:01 INFO  : Device configured successfully with "E:/kevin/myCode/microBlaze100/vitisJson/syncMain/_ide/bitstream/design_1_wrapper.bit"
14:21:01 INFO  : Context for processor 'microblaze_0' is selected.
14:21:01 INFO  : Hardware design and registers information is loaded from 'E:/kevin/myCode/microBlaze100/vitisJson/syncBlaze/export/syncBlaze/hw/design_1_wrapper.xsa'.
14:21:01 INFO  : 'configparams mdm-detect-bscan-mask 2' command is executed.
14:21:01 INFO  : Context for processor 'microblaze_0' is selected.
14:21:01 INFO  : System reset is completed.
14:21:04 INFO  : 'after 3000' command is executed.
14:21:04 INFO  : Context for processor 'microblaze_0' is selected.
14:21:05 INFO  : The application 'E:/kevin/myCode/microBlaze100/vitisJson/syncMain/Debug/syncMain.elf' is downloaded to processor 'microblaze_0'.
14:21:05 INFO  : ----------------XSDB Script----------------
connect -url tcp:127.0.0.1:3121
targets -set -filter {jtag_cable_name =~ "Digilent JTAG-HS2 201706300081" && level==0 && jtag_device_ctx=="jsn-JTAG-HS2-201706300081-13631093-0"}
fpga -file E:/kevin/myCode/microBlaze100/vitisJson/syncMain/_ide/bitstream/design_1_wrapper.bit
targets -set -nocase -filter {name =~ "*microblaze*#0" && bscan=="USER2" }
loadhw -hw E:/kevin/myCode/microBlaze100/vitisJson/syncBlaze/export/syncBlaze/hw/design_1_wrapper.xsa -regs
configparams mdm-detect-bscan-mask 2
targets -set -nocase -filter {name =~ "*microblaze*#0" && bscan=="USER2" }
rst -system
after 3000
targets -set -nocase -filter {name =~ "*microblaze*#0" && bscan=="USER2" }
dow E:/kevin/myCode/microBlaze100/vitisJson/syncMain/Debug/syncMain.elf
----------------End of Script----------------

14:21:05 INFO  : Context for processor 'microblaze_0' is selected.
14:21:05 INFO  : 'con' command is executed.
14:21:05 INFO  : ----------------XSDB Script (After Launch)----------------
targets -set -nocase -filter {name =~ "*microblaze*#0" && bscan=="USER2" }
con
----------------End of Script----------------

14:21:05 INFO  : Launch script is exported to file 'E:\kevin\myCode\microBlaze100\vitisJson\syncMain_system\_ide\scripts\systemdebugger_syncmain_system_standalone.tcl'
15:11:07 INFO  : Hardware specification for platform project 'syncBlaze' is updated.
15:11:17 INFO  : Result from executing command 'getProjects': syncBlaze
15:11:17 INFO  : Result from executing command 'getPlatforms': syncBlaze|E:/kevin/myCode/microBlaze100/vitisJson/syncBlaze/export/syncBlaze/syncBlaze.xpfm;xilinx_vck190_base_202220_1|D:/Xilinx202202/Vitis/2022.2/base_platforms/xilinx_vck190_base_202220_1/xilinx_vck190_base_202220_1.xpfm;xilinx_vck190_base_dfx_202220_1|D:/Xilinx202202/Vitis/2022.2/base_platforms/xilinx_vck190_base_dfx_202220_1/xilinx_vck190_base_dfx_202220_1.xpfm;xilinx_vmk180_base_202220_1|D:/Xilinx202202/Vitis/2022.2/base_platforms/xilinx_vmk180_base_202220_1/xilinx_vmk180_base_202220_1.xpfm;xilinx_zcu102_base_202220_1|D:/Xilinx202202/Vitis/2022.2/base_platforms/xilinx_zcu102_base_202220_1/xilinx_zcu102_base_202220_1.xpfm;xilinx_zcu102_base_dfx_202220_1|D:/Xilinx202202/Vitis/2022.2/base_platforms/xilinx_zcu102_base_dfx_202220_1/xilinx_zcu102_base_dfx_202220_1.xpfm;xilinx_zcu104_base_202220_1|D:/Xilinx202202/Vitis/2022.2/base_platforms/xilinx_zcu104_base_202220_1/xilinx_zcu104_base_202220_1.xpfm
15:12:17 ERROR : XSCT server calls should not be made from TCF thread.
java.lang.RuntimeException: XSCT server calls should not be made from TCF thread.
	at com.xilinx.sdk.xsdb.XSDBCommandManager.issueAndWait(XSDBCommandManager.java:392) [com.xilinx.sdk.xsdb_1.0.0.202210132147.jar:?]
	at com.xilinx.sdk.xsdb.XsdbCommandUtils.executeAndRespond(XsdbCommandUtils.java:325) [com.xilinx.sdk.xsdb_1.0.0.202210132147.jar:?]
	at com.xilinx.sdk.hw.internal.HwPlatform.dispose(HwPlatform.java:1325) [com.xilinx.sdk.hw_1.0.0.202210132147.jar:?]
	at com.xilinx.sdk.hw.internal.HwSpecFactory.removeHwSpec(HwSpecFactory.java:92) [com.xilinx.sdk.hw_1.0.0.202210132147.jar:?]
	at com.xilinx.sdk.hw.internal.HwSpecFactory.validateGetFromCache(HwSpecFactory.java:78) [com.xilinx.sdk.hw_1.0.0.202210132147.jar:?]
	at com.xilinx.sdk.hw.internal.HwSpecFactory.createHwSpec(HwSpecFactory.java:48) [com.xilinx.sdk.hw_1.0.0.202210132147.jar:?]
	at com.xilinx.sdx.sdsoc.debug.ui.SdsLaunchConfigUtil.createHwPlatform(SdsLaunchConfigUtil.java:57) [com.xilinx.sdx.sdsoc.debug.ui_1.0.0.202210132147.jar:?]
	at com.xilinx.sdx.sdsoc.debug.ui.SdsLaunchConfigModel.iniHwPlatform(SdsLaunchConfigModel.java:187) [com.xilinx.sdx.sdsoc.debug.ui_1.0.0.202210132147.jar:?]
	at com.xilinx.sdk.tcf.internal.debug.ui.common.BaseLaunchConfigModel.getHwPlatform(BaseLaunchConfigModel.java:577) [com.xilinx.sdk.tcf.debug_1.0.0.202210132147.jar:?]
	at com.xilinx.sdk.tcf.internal.debug.ui.common.BaseLaunchConfigModel.readCrossTriggerModel(BaseLaunchConfigModel.java:173) [com.xilinx.sdk.tcf.debug_1.0.0.202210132147.jar:?]
	at com.xilinx.sdk.tcf.internal.debug.ui.common.BaseLaunchConfigModel.readAndSetAttributes(BaseLaunchConfigModel.java:156) [com.xilinx.sdk.tcf.debug_1.0.0.202210132147.jar:?]
	at com.xilinx.sdx.sdsoc.debug.ui.SdsLaunchConfigModel.newInstance(SdsLaunchConfigModel.java:109) [com.xilinx.sdx.sdsoc.debug.ui_1.0.0.202210132147.jar:?]
	at com.xilinx.sdx.sdsoc.debug.launch.SdsTcfLaunchDelegate.createConfigModel(SdsTcfLaunchDelegate.java:85) [com.xilinx.sdx.sdsoc.debug_1.0.0.202210132147.jar:?]
	at com.xilinx.sdx.sdsoc.debug.launch.SdsTcfLaunchDelegate.generateReports(SdsTcfLaunchDelegate.java:641) [com.xilinx.sdx.sdsoc.debug_1.0.0.202210132147.jar:?]
	at com.xilinx.sdx.sdsoc.debug.launch.SdsTcfLaunchDelegate.onDisconnected(SdsTcfLaunchDelegate.java:615) [com.xilinx.sdx.sdsoc.debug_1.0.0.202210132147.jar:?]
	at org.eclipse.tcf.internal.debug.ui.model.TCFModelManager$1.onDisconnected(TCFModelManager.java:79) [org.eclipse.tcf.debug.ui_1.7.0.202210132147.jar:?]
	at org.eclipse.tcf.internal.debug.model.TCFLaunch.onDisconnected(TCFLaunch.java:532) [org.eclipse.tcf.debug_1.7.0.202210132147.jar:?]
	at org.eclipse.tcf.internal.debug.model.TCFLaunch$43.onChannelClosed(TCFLaunch.java:1643) [org.eclipse.tcf.debug_1.7.0.202210132147.jar:?]
	at org.eclipse.tcf.core.AbstractChannel$9.run(AbstractChannel.java:858) [org.eclipse.tcf.core_1.7.0.202210132147.jar:?]
	at org.eclipse.tcf.EventQueue.run(EventQueue.java:98) [org.eclipse.tcf_1.7.0.202210132147.jar:?]
	at java.lang.Thread.run(Thread.java:829) [?:?]
15:12:17 INFO  : Disconnected from the channel tcfchan#115.
15:12:19 INFO  : The hardware specification used by project 'syncMain' is out of sync with the platform. Resource files extracted from the hardware specification will be updated.
15:12:19 INFO  : The file 'E:\kevin\myCode\microBlaze100\vitisJson\syncMain\_ide\bitstream\design_1_wrapper.bit' stored in project is removed.
15:12:19 INFO  : The file 'E:\kevin\myCode\microBlaze100\vitisJson\syncMain\_ide\bitstream\design_1_wrapper.mmi' stored in project is removed.
15:12:19 INFO  : The updated bitstream files are copied from platform to folder 'E:\kevin\myCode\microBlaze100\vitisJson\syncMain\_ide\bitstream' in project 'syncMain'.
15:12:19 INFO  : Connected to target on host '127.0.0.1' and port '3121'.
15:12:19 INFO  : Jtag cable 'Digilent JTAG-HS2 201706300081' is selected.
15:12:19 INFO  : 'jtag frequency' command is executed.
15:12:19 INFO  : 'targets -set -filter {jtag_cable_name =~ "Digilent JTAG-HS2 201706300081" && level==0 && jtag_device_ctx=="jsn-JTAG-HS2-201706300081-13631093-0"}' command is executed.
15:12:23 INFO  : Device configured successfully with "E:/kevin/myCode/microBlaze100/vitisJson/syncMain/_ide/bitstream/design_1_wrapper.bit"
15:12:23 INFO  : Context for processor 'microblaze_0' is selected.
15:12:23 INFO  : Hardware design and registers information is loaded from 'E:/kevin/myCode/microBlaze100/vitisJson/syncBlaze/export/syncBlaze/hw/design_1_wrapper.xsa'.
15:12:23 INFO  : 'configparams mdm-detect-bscan-mask 2' command is executed.
15:12:23 INFO  : Context for processor 'microblaze_0' is selected.
15:12:23 INFO  : System reset is completed.
15:12:26 INFO  : 'after 3000' command is executed.
15:12:26 INFO  : Context for processor 'microblaze_0' is selected.
15:12:26 INFO  : The application 'E:/kevin/myCode/microBlaze100/vitisJson/syncMain/Debug/syncMain.elf' is downloaded to processor 'microblaze_0'.
15:12:26 INFO  : ----------------XSDB Script----------------
connect -url tcp:127.0.0.1:3121
targets -set -filter {jtag_cable_name =~ "Digilent JTAG-HS2 201706300081" && level==0 && jtag_device_ctx=="jsn-JTAG-HS2-201706300081-13631093-0"}
fpga -file E:/kevin/myCode/microBlaze100/vitisJson/syncMain/_ide/bitstream/design_1_wrapper.bit
targets -set -nocase -filter {name =~ "*microblaze*#0" && bscan=="USER2" }
loadhw -hw E:/kevin/myCode/microBlaze100/vitisJson/syncBlaze/export/syncBlaze/hw/design_1_wrapper.xsa -regs
configparams mdm-detect-bscan-mask 2
targets -set -nocase -filter {name =~ "*microblaze*#0" && bscan=="USER2" }
rst -system
after 3000
targets -set -nocase -filter {name =~ "*microblaze*#0" && bscan=="USER2" }
dow E:/kevin/myCode/microBlaze100/vitisJson/syncMain/Debug/syncMain.elf
----------------End of Script----------------

15:12:26 INFO  : Context for processor 'microblaze_0' is selected.
15:12:26 INFO  : 'con' command is executed.
15:12:26 INFO  : ----------------XSDB Script (After Launch)----------------
targets -set -nocase -filter {name =~ "*microblaze*#0" && bscan=="USER2" }
con
----------------End of Script----------------

15:12:26 INFO  : Launch script is exported to file 'E:\kevin\myCode\microBlaze100\vitisJson\syncMain_system\_ide\scripts\systemdebugger_syncmain_system_standalone.tcl'
15:42:16 INFO  : Hardware specification for platform project 'syncBlaze' is updated.
15:42:41 INFO  : Result from executing command 'getProjects': syncBlaze
15:42:41 INFO  : Result from executing command 'getPlatforms': syncBlaze|E:/kevin/myCode/microBlaze100/vitisJson/syncBlaze/export/syncBlaze/syncBlaze.xpfm;xilinx_vck190_base_202220_1|D:/Xilinx202202/Vitis/2022.2/base_platforms/xilinx_vck190_base_202220_1/xilinx_vck190_base_202220_1.xpfm;xilinx_vck190_base_dfx_202220_1|D:/Xilinx202202/Vitis/2022.2/base_platforms/xilinx_vck190_base_dfx_202220_1/xilinx_vck190_base_dfx_202220_1.xpfm;xilinx_vmk180_base_202220_1|D:/Xilinx202202/Vitis/2022.2/base_platforms/xilinx_vmk180_base_202220_1/xilinx_vmk180_base_202220_1.xpfm;xilinx_zcu102_base_202220_1|D:/Xilinx202202/Vitis/2022.2/base_platforms/xilinx_zcu102_base_202220_1/xilinx_zcu102_base_202220_1.xpfm;xilinx_zcu102_base_dfx_202220_1|D:/Xilinx202202/Vitis/2022.2/base_platforms/xilinx_zcu102_base_dfx_202220_1/xilinx_zcu102_base_dfx_202220_1.xpfm;xilinx_zcu104_base_202220_1|D:/Xilinx202202/Vitis/2022.2/base_platforms/xilinx_zcu104_base_202220_1/xilinx_zcu104_base_202220_1.xpfm
15:44:09 ERROR : XSCT server calls should not be made from TCF thread.
java.lang.RuntimeException: XSCT server calls should not be made from TCF thread.
	at com.xilinx.sdk.xsdb.XSDBCommandManager.issueAndWait(XSDBCommandManager.java:392) [com.xilinx.sdk.xsdb_1.0.0.202210132147.jar:?]
	at com.xilinx.sdk.xsdb.XsdbCommandUtils.executeAndRespond(XsdbCommandUtils.java:325) [com.xilinx.sdk.xsdb_1.0.0.202210132147.jar:?]
	at com.xilinx.sdk.hw.internal.HwPlatform.dispose(HwPlatform.java:1325) [com.xilinx.sdk.hw_1.0.0.202210132147.jar:?]
	at com.xilinx.sdk.hw.internal.HwSpecFactory.removeHwSpec(HwSpecFactory.java:92) [com.xilinx.sdk.hw_1.0.0.202210132147.jar:?]
	at com.xilinx.sdk.hw.internal.HwSpecFactory.validateGetFromCache(HwSpecFactory.java:78) [com.xilinx.sdk.hw_1.0.0.202210132147.jar:?]
	at com.xilinx.sdk.hw.internal.HwSpecFactory.createHwSpec(HwSpecFactory.java:48) [com.xilinx.sdk.hw_1.0.0.202210132147.jar:?]
	at com.xilinx.sdx.sdsoc.debug.ui.SdsLaunchConfigUtil.createHwPlatform(SdsLaunchConfigUtil.java:57) [com.xilinx.sdx.sdsoc.debug.ui_1.0.0.202210132147.jar:?]
	at com.xilinx.sdx.sdsoc.debug.ui.SdsLaunchConfigModel.iniHwPlatform(SdsLaunchConfigModel.java:187) [com.xilinx.sdx.sdsoc.debug.ui_1.0.0.202210132147.jar:?]
	at com.xilinx.sdk.tcf.internal.debug.ui.common.BaseLaunchConfigModel.getHwPlatform(BaseLaunchConfigModel.java:577) [com.xilinx.sdk.tcf.debug_1.0.0.202210132147.jar:?]
	at com.xilinx.sdk.tcf.internal.debug.ui.common.BaseLaunchConfigModel.readCrossTriggerModel(BaseLaunchConfigModel.java:173) [com.xilinx.sdk.tcf.debug_1.0.0.202210132147.jar:?]
	at com.xilinx.sdk.tcf.internal.debug.ui.common.BaseLaunchConfigModel.readAndSetAttributes(BaseLaunchConfigModel.java:156) [com.xilinx.sdk.tcf.debug_1.0.0.202210132147.jar:?]
	at com.xilinx.sdx.sdsoc.debug.ui.SdsLaunchConfigModel.newInstance(SdsLaunchConfigModel.java:109) [com.xilinx.sdx.sdsoc.debug.ui_1.0.0.202210132147.jar:?]
	at com.xilinx.sdx.sdsoc.debug.launch.SdsTcfLaunchDelegate.createConfigModel(SdsTcfLaunchDelegate.java:85) [com.xilinx.sdx.sdsoc.debug_1.0.0.202210132147.jar:?]
	at com.xilinx.sdx.sdsoc.debug.launch.SdsTcfLaunchDelegate.generateReports(SdsTcfLaunchDelegate.java:641) [com.xilinx.sdx.sdsoc.debug_1.0.0.202210132147.jar:?]
	at com.xilinx.sdx.sdsoc.debug.launch.SdsTcfLaunchDelegate.onDisconnected(SdsTcfLaunchDelegate.java:615) [com.xilinx.sdx.sdsoc.debug_1.0.0.202210132147.jar:?]
	at org.eclipse.tcf.internal.debug.ui.model.TCFModelManager$1.onDisconnected(TCFModelManager.java:79) [org.eclipse.tcf.debug.ui_1.7.0.202210132147.jar:?]
	at org.eclipse.tcf.internal.debug.model.TCFLaunch.onDisconnected(TCFLaunch.java:532) [org.eclipse.tcf.debug_1.7.0.202210132147.jar:?]
	at org.eclipse.tcf.internal.debug.model.TCFLaunch$43.onChannelClosed(TCFLaunch.java:1643) [org.eclipse.tcf.debug_1.7.0.202210132147.jar:?]
	at org.eclipse.tcf.core.AbstractChannel$9.run(AbstractChannel.java:858) [org.eclipse.tcf.core_1.7.0.202210132147.jar:?]
	at org.eclipse.tcf.EventQueue.run(EventQueue.java:98) [org.eclipse.tcf_1.7.0.202210132147.jar:?]
	at java.lang.Thread.run(Thread.java:829) [?:?]
15:44:09 INFO  : Disconnected from the channel tcfchan#117.
15:44:12 INFO  : Checking for BSP changes to sync application flags for project 'syncMain'...
15:44:18 INFO  : The hardware specification used by project 'syncMain' is out of sync with the platform. Resource files extracted from the hardware specification will be updated.
15:44:18 INFO  : The file 'E:\kevin\myCode\microBlaze100\vitisJson\syncMain\_ide\bitstream\design_1_wrapper.bit' stored in project is removed.
15:44:18 INFO  : The file 'E:\kevin\myCode\microBlaze100\vitisJson\syncMain\_ide\bitstream\design_1_wrapper.mmi' stored in project is removed.
15:44:18 INFO  : The updated bitstream files are copied from platform to folder 'E:\kevin\myCode\microBlaze100\vitisJson\syncMain\_ide\bitstream' in project 'syncMain'.
15:44:18 INFO  : Connected to target on host '127.0.0.1' and port '3121'.
15:44:18 INFO  : Jtag cable 'Digilent JTAG-HS2 201706300081' is selected.
15:44:18 INFO  : 'jtag frequency' command is executed.
15:44:18 INFO  : 'targets -set -filter {jtag_cable_name =~ "Digilent JTAG-HS2 201706300081" && level==0 && jtag_device_ctx=="jsn-JTAG-HS2-201706300081-13631093-0"}' command is executed.
15:44:21 INFO  : Device configured successfully with "E:/kevin/myCode/microBlaze100/vitisJson/syncMain/_ide/bitstream/design_1_wrapper.bit"
15:44:22 INFO  : Context for processor 'microblaze_0' is selected.
15:44:22 INFO  : Hardware design and registers information is loaded from 'E:/kevin/myCode/microBlaze100/vitisJson/syncBlaze/export/syncBlaze/hw/design_1_wrapper.xsa'.
15:44:22 INFO  : 'configparams mdm-detect-bscan-mask 2' command is executed.
15:44:22 INFO  : Context for processor 'microblaze_0' is selected.
15:44:22 INFO  : System reset is completed.
15:44:25 INFO  : 'after 3000' command is executed.
15:44:25 INFO  : Context for processor 'microblaze_0' is selected.
15:44:25 INFO  : The application 'E:/kevin/myCode/microBlaze100/vitisJson/syncMain/Debug/syncMain.elf' is downloaded to processor 'microblaze_0'.
15:44:25 INFO  : ----------------XSDB Script----------------
connect -url tcp:127.0.0.1:3121
targets -set -filter {jtag_cable_name =~ "Digilent JTAG-HS2 201706300081" && level==0 && jtag_device_ctx=="jsn-JTAG-HS2-201706300081-13631093-0"}
fpga -file E:/kevin/myCode/microBlaze100/vitisJson/syncMain/_ide/bitstream/design_1_wrapper.bit
targets -set -nocase -filter {name =~ "*microblaze*#0" && bscan=="USER2" }
loadhw -hw E:/kevin/myCode/microBlaze100/vitisJson/syncBlaze/export/syncBlaze/hw/design_1_wrapper.xsa -regs
configparams mdm-detect-bscan-mask 2
targets -set -nocase -filter {name =~ "*microblaze*#0" && bscan=="USER2" }
rst -system
after 3000
targets -set -nocase -filter {name =~ "*microblaze*#0" && bscan=="USER2" }
dow E:/kevin/myCode/microBlaze100/vitisJson/syncMain/Debug/syncMain.elf
----------------End of Script----------------

15:44:25 INFO  : Context for processor 'microblaze_0' is selected.
15:44:25 INFO  : 'con' command is executed.
15:44:25 INFO  : ----------------XSDB Script (After Launch)----------------
targets -set -nocase -filter {name =~ "*microblaze*#0" && bscan=="USER2" }
con
----------------End of Script----------------

15:44:25 INFO  : Launch script is exported to file 'E:\kevin\myCode\microBlaze100\vitisJson\syncMain_system\_ide\scripts\systemdebugger_syncmain_system_standalone.tcl'
16:41:32 INFO  : Hardware specification for platform project 'syncBlaze' is updated.
16:41:43 INFO  : Result from executing command 'getProjects': syncBlaze
16:41:43 INFO  : Result from executing command 'getPlatforms': syncBlaze|E:/kevin/myCode/microBlaze100/vitisJson/syncBlaze/export/syncBlaze/syncBlaze.xpfm;xilinx_vck190_base_202220_1|D:/Xilinx202202/Vitis/2022.2/base_platforms/xilinx_vck190_base_202220_1/xilinx_vck190_base_202220_1.xpfm;xilinx_vck190_base_dfx_202220_1|D:/Xilinx202202/Vitis/2022.2/base_platforms/xilinx_vck190_base_dfx_202220_1/xilinx_vck190_base_dfx_202220_1.xpfm;xilinx_vmk180_base_202220_1|D:/Xilinx202202/Vitis/2022.2/base_platforms/xilinx_vmk180_base_202220_1/xilinx_vmk180_base_202220_1.xpfm;xilinx_zcu102_base_202220_1|D:/Xilinx202202/Vitis/2022.2/base_platforms/xilinx_zcu102_base_202220_1/xilinx_zcu102_base_202220_1.xpfm;xilinx_zcu102_base_dfx_202220_1|D:/Xilinx202202/Vitis/2022.2/base_platforms/xilinx_zcu102_base_dfx_202220_1/xilinx_zcu102_base_dfx_202220_1.xpfm;xilinx_zcu104_base_202220_1|D:/Xilinx202202/Vitis/2022.2/base_platforms/xilinx_zcu104_base_202220_1/xilinx_zcu104_base_202220_1.xpfm
16:41:53 ERROR : XSCT server calls should not be made from TCF thread.
java.lang.RuntimeException: XSCT server calls should not be made from TCF thread.
	at com.xilinx.sdk.xsdb.XSDBCommandManager.issueAndWait(XSDBCommandManager.java:392) [com.xilinx.sdk.xsdb_1.0.0.202210132147.jar:?]
	at com.xilinx.sdk.xsdb.XsdbCommandUtils.executeAndRespond(XsdbCommandUtils.java:325) [com.xilinx.sdk.xsdb_1.0.0.202210132147.jar:?]
	at com.xilinx.sdk.hw.internal.HwPlatform.dispose(HwPlatform.java:1325) [com.xilinx.sdk.hw_1.0.0.202210132147.jar:?]
	at com.xilinx.sdk.hw.internal.HwSpecFactory.removeHwSpec(HwSpecFactory.java:92) [com.xilinx.sdk.hw_1.0.0.202210132147.jar:?]
	at com.xilinx.sdk.hw.internal.HwSpecFactory.validateGetFromCache(HwSpecFactory.java:78) [com.xilinx.sdk.hw_1.0.0.202210132147.jar:?]
	at com.xilinx.sdk.hw.internal.HwSpecFactory.createHwSpec(HwSpecFactory.java:48) [com.xilinx.sdk.hw_1.0.0.202210132147.jar:?]
	at com.xilinx.sdx.sdsoc.debug.ui.SdsLaunchConfigUtil.createHwPlatform(SdsLaunchConfigUtil.java:57) [com.xilinx.sdx.sdsoc.debug.ui_1.0.0.202210132147.jar:?]
	at com.xilinx.sdx.sdsoc.debug.ui.SdsLaunchConfigModel.iniHwPlatform(SdsLaunchConfigModel.java:187) [com.xilinx.sdx.sdsoc.debug.ui_1.0.0.202210132147.jar:?]
	at com.xilinx.sdk.tcf.internal.debug.ui.common.BaseLaunchConfigModel.getHwPlatform(BaseLaunchConfigModel.java:577) [com.xilinx.sdk.tcf.debug_1.0.0.202210132147.jar:?]
	at com.xilinx.sdk.tcf.internal.debug.ui.common.BaseLaunchConfigModel.readCrossTriggerModel(BaseLaunchConfigModel.java:173) [com.xilinx.sdk.tcf.debug_1.0.0.202210132147.jar:?]
	at com.xilinx.sdk.tcf.internal.debug.ui.common.BaseLaunchConfigModel.readAndSetAttributes(BaseLaunchConfigModel.java:156) [com.xilinx.sdk.tcf.debug_1.0.0.202210132147.jar:?]
	at com.xilinx.sdx.sdsoc.debug.ui.SdsLaunchConfigModel.newInstance(SdsLaunchConfigModel.java:109) [com.xilinx.sdx.sdsoc.debug.ui_1.0.0.202210132147.jar:?]
	at com.xilinx.sdx.sdsoc.debug.launch.SdsTcfLaunchDelegate.createConfigModel(SdsTcfLaunchDelegate.java:85) [com.xilinx.sdx.sdsoc.debug_1.0.0.202210132147.jar:?]
	at com.xilinx.sdx.sdsoc.debug.launch.SdsTcfLaunchDelegate.generateReports(SdsTcfLaunchDelegate.java:641) [com.xilinx.sdx.sdsoc.debug_1.0.0.202210132147.jar:?]
	at com.xilinx.sdx.sdsoc.debug.launch.SdsTcfLaunchDelegate.onDisconnected(SdsTcfLaunchDelegate.java:615) [com.xilinx.sdx.sdsoc.debug_1.0.0.202210132147.jar:?]
	at org.eclipse.tcf.internal.debug.ui.model.TCFModelManager$1.onDisconnected(TCFModelManager.java:79) [org.eclipse.tcf.debug.ui_1.7.0.202210132147.jar:?]
	at org.eclipse.tcf.internal.debug.model.TCFLaunch.onDisconnected(TCFLaunch.java:532) [org.eclipse.tcf.debug_1.7.0.202210132147.jar:?]
	at org.eclipse.tcf.internal.debug.model.TCFLaunch$43.onChannelClosed(TCFLaunch.java:1643) [org.eclipse.tcf.debug_1.7.0.202210132147.jar:?]
	at org.eclipse.tcf.core.AbstractChannel$9.run(AbstractChannel.java:858) [org.eclipse.tcf.core_1.7.0.202210132147.jar:?]
	at org.eclipse.tcf.EventQueue.run(EventQueue.java:98) [org.eclipse.tcf_1.7.0.202210132147.jar:?]
	at java.lang.Thread.run(Thread.java:829) [?:?]
16:41:53 INFO  : Disconnected from the channel tcfchan#119.
16:42:00 INFO  : Checking for BSP changes to sync application flags for project 'syncMain'...
16:42:09 INFO  : The hardware specification used by project 'syncMain' is out of sync with the platform. Resource files extracted from the hardware specification will be updated.
16:42:09 INFO  : The file 'E:\kevin\myCode\microBlaze100\vitisJson\syncMain\_ide\bitstream\design_1_wrapper.bit' stored in project is removed.
16:42:09 INFO  : The file 'E:\kevin\myCode\microBlaze100\vitisJson\syncMain\_ide\bitstream\design_1_wrapper.mmi' stored in project is removed.
16:42:09 INFO  : The updated bitstream files are copied from platform to folder 'E:\kevin\myCode\microBlaze100\vitisJson\syncMain\_ide\bitstream' in project 'syncMain'.
16:42:12 INFO  : Connected to target on host '127.0.0.1' and port '3121'.
16:42:12 INFO  : Jtag cable 'Digilent JTAG-HS2 201706300081' is selected.
16:42:12 INFO  : 'jtag frequency' command is executed.
16:42:12 INFO  : 'targets -set -filter {jtag_cable_name =~ "Digilent JTAG-HS2 201706300081" && level==0 && jtag_device_ctx=="jsn-JTAG-HS2-201706300081-13631093-0"}' command is executed.
16:42:15 INFO  : Device configured successfully with "E:/kevin/myCode/microBlaze100/vitisJson/syncMain/_ide/bitstream/design_1_wrapper.bit"
16:42:15 INFO  : Context for processor 'microblaze_0' is selected.
16:42:15 INFO  : Hardware design and registers information is loaded from 'E:/kevin/myCode/microBlaze100/vitisJson/syncBlaze/export/syncBlaze/hw/design_1_wrapper.xsa'.
16:42:15 INFO  : 'configparams mdm-detect-bscan-mask 2' command is executed.
16:42:15 INFO  : Context for processor 'microblaze_0' is selected.
16:42:15 INFO  : System reset is completed.
16:42:18 INFO  : 'after 3000' command is executed.
16:42:18 INFO  : Context for processor 'microblaze_0' is selected.
16:42:18 INFO  : The application 'E:/kevin/myCode/microBlaze100/vitisJson/syncMain/Debug/syncMain.elf' is downloaded to processor 'microblaze_0'.
16:42:18 INFO  : ----------------XSDB Script----------------
connect -url tcp:127.0.0.1:3121
targets -set -filter {jtag_cable_name =~ "Digilent JTAG-HS2 201706300081" && level==0 && jtag_device_ctx=="jsn-JTAG-HS2-201706300081-13631093-0"}
fpga -file E:/kevin/myCode/microBlaze100/vitisJson/syncMain/_ide/bitstream/design_1_wrapper.bit
targets -set -nocase -filter {name =~ "*microblaze*#0" && bscan=="USER2" }
loadhw -hw E:/kevin/myCode/microBlaze100/vitisJson/syncBlaze/export/syncBlaze/hw/design_1_wrapper.xsa -regs
configparams mdm-detect-bscan-mask 2
targets -set -nocase -filter {name =~ "*microblaze*#0" && bscan=="USER2" }
rst -system
after 3000
targets -set -nocase -filter {name =~ "*microblaze*#0" && bscan=="USER2" }
dow E:/kevin/myCode/microBlaze100/vitisJson/syncMain/Debug/syncMain.elf
----------------End of Script----------------

16:42:19 INFO  : Context for processor 'microblaze_0' is selected.
16:42:19 INFO  : 'con' command is executed.
16:42:19 INFO  : ----------------XSDB Script (After Launch)----------------
targets -set -nocase -filter {name =~ "*microblaze*#0" && bscan=="USER2" }
con
----------------End of Script----------------

16:42:19 INFO  : Launch script is exported to file 'E:\kevin\myCode\microBlaze100\vitisJson\syncMain_system\_ide\scripts\systemdebugger_syncmain_system_standalone.tcl'
16:45:39 INFO  : Hardware specification for platform project 'syncBlaze' is updated.
16:45:49 INFO  : Result from executing command 'getProjects': syncBlaze
16:45:49 INFO  : Result from executing command 'getPlatforms': syncBlaze|E:/kevin/myCode/microBlaze100/vitisJson/syncBlaze/export/syncBlaze/syncBlaze.xpfm;xilinx_vck190_base_202220_1|D:/Xilinx202202/Vitis/2022.2/base_platforms/xilinx_vck190_base_202220_1/xilinx_vck190_base_202220_1.xpfm;xilinx_vck190_base_dfx_202220_1|D:/Xilinx202202/Vitis/2022.2/base_platforms/xilinx_vck190_base_dfx_202220_1/xilinx_vck190_base_dfx_202220_1.xpfm;xilinx_vmk180_base_202220_1|D:/Xilinx202202/Vitis/2022.2/base_platforms/xilinx_vmk180_base_202220_1/xilinx_vmk180_base_202220_1.xpfm;xilinx_zcu102_base_202220_1|D:/Xilinx202202/Vitis/2022.2/base_platforms/xilinx_zcu102_base_202220_1/xilinx_zcu102_base_202220_1.xpfm;xilinx_zcu102_base_dfx_202220_1|D:/Xilinx202202/Vitis/2022.2/base_platforms/xilinx_zcu102_base_dfx_202220_1/xilinx_zcu102_base_dfx_202220_1.xpfm;xilinx_zcu104_base_202220_1|D:/Xilinx202202/Vitis/2022.2/base_platforms/xilinx_zcu104_base_202220_1/xilinx_zcu104_base_202220_1.xpfm
16:45:54 INFO  : Checking for BSP changes to sync application flags for project 'syncMain'...
16:45:59 ERROR : XSCT server calls should not be made from TCF thread.
java.lang.RuntimeException: XSCT server calls should not be made from TCF thread.
	at com.xilinx.sdk.xsdb.XSDBCommandManager.issueAndWait(XSDBCommandManager.java:392) [com.xilinx.sdk.xsdb_1.0.0.202210132147.jar:?]
	at com.xilinx.sdk.xsdb.XsdbCommandUtils.executeAndRespond(XsdbCommandUtils.java:325) [com.xilinx.sdk.xsdb_1.0.0.202210132147.jar:?]
	at com.xilinx.sdk.hw.internal.HwPlatform.populateDesignProps(HwPlatform.java:521) [com.xilinx.sdk.hw_1.0.0.202210132147.jar:?]
	at com.xilinx.sdk.hw.internal.HwPlatform.isZynq(HwPlatform.java:1101) [com.xilinx.sdk.hw_1.0.0.202210132147.jar:?]
	at com.xilinx.sdk.hw.internal.HwPlatform.getArchFamily(HwPlatform.java:587) [com.xilinx.sdk.hw_1.0.0.202210132147.jar:?]
	at com.xilinx.sdk.tcf.internal.debug.ui.common.BaseLaunchConfigModel.readCrossTriggerModel(BaseLaunchConfigModel.java:174) [com.xilinx.sdk.tcf.debug_1.0.0.202210132147.jar:?]
	at com.xilinx.sdk.tcf.internal.debug.ui.common.BaseLaunchConfigModel.readAndSetAttributes(BaseLaunchConfigModel.java:156) [com.xilinx.sdk.tcf.debug_1.0.0.202210132147.jar:?]
	at com.xilinx.sdx.sdsoc.debug.ui.SdsLaunchConfigModel.newInstance(SdsLaunchConfigModel.java:109) [com.xilinx.sdx.sdsoc.debug.ui_1.0.0.202210132147.jar:?]
	at com.xilinx.sdx.sdsoc.debug.launch.SdsTcfLaunchDelegate.createConfigModel(SdsTcfLaunchDelegate.java:85) [com.xilinx.sdx.sdsoc.debug_1.0.0.202210132147.jar:?]
	at com.xilinx.sdx.sdsoc.debug.launch.SdsTcfLaunchDelegate.generateReports(SdsTcfLaunchDelegate.java:641) [com.xilinx.sdx.sdsoc.debug_1.0.0.202210132147.jar:?]
	at com.xilinx.sdx.sdsoc.debug.launch.SdsTcfLaunchDelegate.onDisconnected(SdsTcfLaunchDelegate.java:615) [com.xilinx.sdx.sdsoc.debug_1.0.0.202210132147.jar:?]
	at org.eclipse.tcf.internal.debug.ui.model.TCFModelManager$1.onDisconnected(TCFModelManager.java:79) [org.eclipse.tcf.debug.ui_1.7.0.202210132147.jar:?]
	at org.eclipse.tcf.internal.debug.model.TCFLaunch.onDisconnected(TCFLaunch.java:532) [org.eclipse.tcf.debug_1.7.0.202210132147.jar:?]
	at org.eclipse.tcf.internal.debug.model.TCFLaunch$43.onChannelClosed(TCFLaunch.java:1643) [org.eclipse.tcf.debug_1.7.0.202210132147.jar:?]
	at org.eclipse.tcf.core.AbstractChannel$9.run(AbstractChannel.java:858) [org.eclipse.tcf.core_1.7.0.202210132147.jar:?]
	at org.eclipse.tcf.EventQueue.run(EventQueue.java:98) [org.eclipse.tcf_1.7.0.202210132147.jar:?]
	at java.lang.Thread.run(Thread.java:829) [?:?]
16:45:59 INFO  : Disconnected from the channel tcfchan#121.
16:46:00 INFO  : The hardware specification used by project 'syncMain' is out of sync with the platform. Resource files extracted from the hardware specification will be updated.
16:46:00 INFO  : The file 'E:\kevin\myCode\microBlaze100\vitisJson\syncMain\_ide\bitstream\design_1_wrapper.bit' stored in project is removed.
16:46:00 INFO  : The file 'E:\kevin\myCode\microBlaze100\vitisJson\syncMain\_ide\bitstream\design_1_wrapper.mmi' stored in project is removed.
16:46:00 INFO  : The updated bitstream files are copied from platform to folder 'E:\kevin\myCode\microBlaze100\vitisJson\syncMain\_ide\bitstream' in project 'syncMain'.
16:46:00 INFO  : Connected to target on host '127.0.0.1' and port '3121'.
16:46:01 INFO  : Jtag cable 'Digilent JTAG-HS2 201706300081' is selected.
16:46:01 INFO  : 'jtag frequency' command is executed.
16:46:01 INFO  : 'targets -set -filter {jtag_cable_name =~ "Digilent JTAG-HS2 201706300081" && level==0 && jtag_device_ctx=="jsn-JTAG-HS2-201706300081-13631093-0"}' command is executed.
16:46:04 INFO  : Device configured successfully with "E:/kevin/myCode/microBlaze100/vitisJson/syncMain/_ide/bitstream/design_1_wrapper.bit"
16:46:04 INFO  : Context for processor 'microblaze_0' is selected.
16:46:04 INFO  : Hardware design and registers information is loaded from 'E:/kevin/myCode/microBlaze100/vitisJson/syncBlaze/export/syncBlaze/hw/design_1_wrapper.xsa'.
16:46:04 INFO  : 'configparams mdm-detect-bscan-mask 2' command is executed.
16:46:04 INFO  : Context for processor 'microblaze_0' is selected.
16:46:04 INFO  : System reset is completed.
16:46:07 INFO  : 'after 3000' command is executed.
16:46:07 INFO  : Context for processor 'microblaze_0' is selected.
16:46:07 INFO  : The application 'E:/kevin/myCode/microBlaze100/vitisJson/syncMain/Debug/syncMain.elf' is downloaded to processor 'microblaze_0'.
16:46:07 INFO  : ----------------XSDB Script----------------
connect -url tcp:127.0.0.1:3121
targets -set -filter {jtag_cable_name =~ "Digilent JTAG-HS2 201706300081" && level==0 && jtag_device_ctx=="jsn-JTAG-HS2-201706300081-13631093-0"}
fpga -file E:/kevin/myCode/microBlaze100/vitisJson/syncMain/_ide/bitstream/design_1_wrapper.bit
targets -set -nocase -filter {name =~ "*microblaze*#0" && bscan=="USER2" }
loadhw -hw E:/kevin/myCode/microBlaze100/vitisJson/syncBlaze/export/syncBlaze/hw/design_1_wrapper.xsa -regs
configparams mdm-detect-bscan-mask 2
targets -set -nocase -filter {name =~ "*microblaze*#0" && bscan=="USER2" }
rst -system
after 3000
targets -set -nocase -filter {name =~ "*microblaze*#0" && bscan=="USER2" }
dow E:/kevin/myCode/microBlaze100/vitisJson/syncMain/Debug/syncMain.elf
----------------End of Script----------------

16:46:08 INFO  : Context for processor 'microblaze_0' is selected.
16:46:08 INFO  : 'con' command is executed.
16:46:08 INFO  : ----------------XSDB Script (After Launch)----------------
targets -set -nocase -filter {name =~ "*microblaze*#0" && bscan=="USER2" }
con
----------------End of Script----------------

16:46:08 INFO  : Launch script is exported to file 'E:\kevin\myCode\microBlaze100\vitisJson\syncMain_system\_ide\scripts\systemdebugger_syncmain_system_standalone.tcl'
16:58:44 INFO  : Hardware specification for platform project 'syncBlaze' is updated.
16:58:55 INFO  : Result from executing command 'getProjects': syncBlaze
16:58:55 INFO  : Result from executing command 'getPlatforms': syncBlaze|E:/kevin/myCode/microBlaze100/vitisJson/syncBlaze/export/syncBlaze/syncBlaze.xpfm;xilinx_vck190_base_202220_1|D:/Xilinx202202/Vitis/2022.2/base_platforms/xilinx_vck190_base_202220_1/xilinx_vck190_base_202220_1.xpfm;xilinx_vck190_base_dfx_202220_1|D:/Xilinx202202/Vitis/2022.2/base_platforms/xilinx_vck190_base_dfx_202220_1/xilinx_vck190_base_dfx_202220_1.xpfm;xilinx_vmk180_base_202220_1|D:/Xilinx202202/Vitis/2022.2/base_platforms/xilinx_vmk180_base_202220_1/xilinx_vmk180_base_202220_1.xpfm;xilinx_zcu102_base_202220_1|D:/Xilinx202202/Vitis/2022.2/base_platforms/xilinx_zcu102_base_202220_1/xilinx_zcu102_base_202220_1.xpfm;xilinx_zcu102_base_dfx_202220_1|D:/Xilinx202202/Vitis/2022.2/base_platforms/xilinx_zcu102_base_dfx_202220_1/xilinx_zcu102_base_dfx_202220_1.xpfm;xilinx_zcu104_base_202220_1|D:/Xilinx202202/Vitis/2022.2/base_platforms/xilinx_zcu104_base_202220_1/xilinx_zcu104_base_202220_1.xpfm
16:59:14 ERROR : XSCT server calls should not be made from TCF thread.
java.lang.RuntimeException: XSCT server calls should not be made from TCF thread.
	at com.xilinx.sdk.xsdb.XSDBCommandManager.issueAndWait(XSDBCommandManager.java:392) [com.xilinx.sdk.xsdb_1.0.0.202210132147.jar:?]
	at com.xilinx.sdk.xsdb.XsdbCommandUtils.executeAndRespond(XsdbCommandUtils.java:325) [com.xilinx.sdk.xsdb_1.0.0.202210132147.jar:?]
	at com.xilinx.sdk.hw.internal.HwPlatform.dispose(HwPlatform.java:1325) [com.xilinx.sdk.hw_1.0.0.202210132147.jar:?]
	at com.xilinx.sdk.hw.internal.HwSpecFactory.removeHwSpec(HwSpecFactory.java:92) [com.xilinx.sdk.hw_1.0.0.202210132147.jar:?]
	at com.xilinx.sdk.hw.internal.HwSpecFactory.validateGetFromCache(HwSpecFactory.java:78) [com.xilinx.sdk.hw_1.0.0.202210132147.jar:?]
	at com.xilinx.sdk.hw.internal.HwSpecFactory.createHwSpec(HwSpecFactory.java:48) [com.xilinx.sdk.hw_1.0.0.202210132147.jar:?]
	at com.xilinx.sdx.sdsoc.debug.ui.SdsLaunchConfigUtil.createHwPlatform(SdsLaunchConfigUtil.java:57) [com.xilinx.sdx.sdsoc.debug.ui_1.0.0.202210132147.jar:?]
	at com.xilinx.sdx.sdsoc.debug.ui.SdsLaunchConfigModel.iniHwPlatform(SdsLaunchConfigModel.java:187) [com.xilinx.sdx.sdsoc.debug.ui_1.0.0.202210132147.jar:?]
	at com.xilinx.sdk.tcf.internal.debug.ui.common.BaseLaunchConfigModel.getHwPlatform(BaseLaunchConfigModel.java:577) [com.xilinx.sdk.tcf.debug_1.0.0.202210132147.jar:?]
	at com.xilinx.sdk.tcf.internal.debug.ui.common.BaseLaunchConfigModel.readCrossTriggerModel(BaseLaunchConfigModel.java:173) [com.xilinx.sdk.tcf.debug_1.0.0.202210132147.jar:?]
	at com.xilinx.sdk.tcf.internal.debug.ui.common.BaseLaunchConfigModel.readAndSetAttributes(BaseLaunchConfigModel.java:156) [com.xilinx.sdk.tcf.debug_1.0.0.202210132147.jar:?]
	at com.xilinx.sdx.sdsoc.debug.ui.SdsLaunchConfigModel.newInstance(SdsLaunchConfigModel.java:109) [com.xilinx.sdx.sdsoc.debug.ui_1.0.0.202210132147.jar:?]
	at com.xilinx.sdx.sdsoc.debug.launch.SdsTcfLaunchDelegate.createConfigModel(SdsTcfLaunchDelegate.java:85) [com.xilinx.sdx.sdsoc.debug_1.0.0.202210132147.jar:?]
	at com.xilinx.sdx.sdsoc.debug.launch.SdsTcfLaunchDelegate.generateReports(SdsTcfLaunchDelegate.java:641) [com.xilinx.sdx.sdsoc.debug_1.0.0.202210132147.jar:?]
	at com.xilinx.sdx.sdsoc.debug.launch.SdsTcfLaunchDelegate.onDisconnected(SdsTcfLaunchDelegate.java:615) [com.xilinx.sdx.sdsoc.debug_1.0.0.202210132147.jar:?]
	at org.eclipse.tcf.internal.debug.ui.model.TCFModelManager$1.onDisconnected(TCFModelManager.java:79) [org.eclipse.tcf.debug.ui_1.7.0.202210132147.jar:?]
	at org.eclipse.tcf.internal.debug.model.TCFLaunch.onDisconnected(TCFLaunch.java:532) [org.eclipse.tcf.debug_1.7.0.202210132147.jar:?]
	at org.eclipse.tcf.internal.debug.model.TCFLaunch$43.onChannelClosed(TCFLaunch.java:1643) [org.eclipse.tcf.debug_1.7.0.202210132147.jar:?]
	at org.eclipse.tcf.core.AbstractChannel$9.run(AbstractChannel.java:858) [org.eclipse.tcf.core_1.7.0.202210132147.jar:?]
	at org.eclipse.tcf.EventQueue.run(EventQueue.java:98) [org.eclipse.tcf_1.7.0.202210132147.jar:?]
	at java.lang.Thread.run(Thread.java:829) [?:?]
16:59:14 INFO  : Disconnected from the channel tcfchan#123.
16:59:20 INFO  : Checking for BSP changes to sync application flags for project 'syncMain'...
16:59:34 INFO  : The hardware specification used by project 'syncMain' is out of sync with the platform. Resource files extracted from the hardware specification will be updated.
16:59:34 INFO  : The file 'E:\kevin\myCode\microBlaze100\vitisJson\syncMain\_ide\bitstream\design_1_wrapper.bit' stored in project is removed.
16:59:34 INFO  : The file 'E:\kevin\myCode\microBlaze100\vitisJson\syncMain\_ide\bitstream\design_1_wrapper.mmi' stored in project is removed.
16:59:34 INFO  : The updated bitstream files are copied from platform to folder 'E:\kevin\myCode\microBlaze100\vitisJson\syncMain\_ide\bitstream' in project 'syncMain'.
16:59:36 INFO  : Connected to target on host '127.0.0.1' and port '3121'.
16:59:36 INFO  : Jtag cable 'Digilent JTAG-HS2 201706300081' is selected.
16:59:36 INFO  : 'jtag frequency' command is executed.
16:59:36 INFO  : 'targets -set -filter {jtag_cable_name =~ "Digilent JTAG-HS2 201706300081" && level==0 && jtag_device_ctx=="jsn-JTAG-HS2-201706300081-13631093-0"}' command is executed.
16:59:40 INFO  : Device configured successfully with "E:/kevin/myCode/microBlaze100/vitisJson/syncMain/_ide/bitstream/design_1_wrapper.bit"
16:59:40 INFO  : Context for processor 'microblaze_0' is selected.
16:59:40 INFO  : Hardware design and registers information is loaded from 'E:/kevin/myCode/microBlaze100/vitisJson/syncBlaze/export/syncBlaze/hw/design_1_wrapper.xsa'.
16:59:40 INFO  : 'configparams mdm-detect-bscan-mask 2' command is executed.
16:59:40 INFO  : Context for processor 'microblaze_0' is selected.
16:59:40 INFO  : System reset is completed.
16:59:43 INFO  : 'after 3000' command is executed.
16:59:43 INFO  : Context for processor 'microblaze_0' is selected.
16:59:43 INFO  : The application 'E:/kevin/myCode/microBlaze100/vitisJson/syncMain/Debug/syncMain.elf' is downloaded to processor 'microblaze_0'.
16:59:43 INFO  : ----------------XSDB Script----------------
connect -url tcp:127.0.0.1:3121
targets -set -filter {jtag_cable_name =~ "Digilent JTAG-HS2 201706300081" && level==0 && jtag_device_ctx=="jsn-JTAG-HS2-201706300081-13631093-0"}
fpga -file E:/kevin/myCode/microBlaze100/vitisJson/syncMain/_ide/bitstream/design_1_wrapper.bit
targets -set -nocase -filter {name =~ "*microblaze*#0" && bscan=="USER2" }
loadhw -hw E:/kevin/myCode/microBlaze100/vitisJson/syncBlaze/export/syncBlaze/hw/design_1_wrapper.xsa -regs
configparams mdm-detect-bscan-mask 2
targets -set -nocase -filter {name =~ "*microblaze*#0" && bscan=="USER2" }
rst -system
after 3000
targets -set -nocase -filter {name =~ "*microblaze*#0" && bscan=="USER2" }
dow E:/kevin/myCode/microBlaze100/vitisJson/syncMain/Debug/syncMain.elf
----------------End of Script----------------

16:59:43 INFO  : Context for processor 'microblaze_0' is selected.
16:59:43 INFO  : 'con' command is executed.
16:59:43 INFO  : ----------------XSDB Script (After Launch)----------------
targets -set -nocase -filter {name =~ "*microblaze*#0" && bscan=="USER2" }
con
----------------End of Script----------------

16:59:43 INFO  : Launch script is exported to file 'E:\kevin\myCode\microBlaze100\vitisJson\syncMain_system\_ide\scripts\systemdebugger_syncmain_system_standalone.tcl'
17:22:07 INFO  : Hardware specification for platform project 'syncBlaze' is updated.
17:22:22 INFO  : Result from executing command 'getProjects': syncBlaze
17:22:22 INFO  : Result from executing command 'getPlatforms': syncBlaze|E:/kevin/myCode/microBlaze100/vitisJson/syncBlaze/export/syncBlaze/syncBlaze.xpfm;xilinx_vck190_base_202220_1|D:/Xilinx202202/Vitis/2022.2/base_platforms/xilinx_vck190_base_202220_1/xilinx_vck190_base_202220_1.xpfm;xilinx_vck190_base_dfx_202220_1|D:/Xilinx202202/Vitis/2022.2/base_platforms/xilinx_vck190_base_dfx_202220_1/xilinx_vck190_base_dfx_202220_1.xpfm;xilinx_vmk180_base_202220_1|D:/Xilinx202202/Vitis/2022.2/base_platforms/xilinx_vmk180_base_202220_1/xilinx_vmk180_base_202220_1.xpfm;xilinx_zcu102_base_202220_1|D:/Xilinx202202/Vitis/2022.2/base_platforms/xilinx_zcu102_base_202220_1/xilinx_zcu102_base_202220_1.xpfm;xilinx_zcu102_base_dfx_202220_1|D:/Xilinx202202/Vitis/2022.2/base_platforms/xilinx_zcu102_base_dfx_202220_1/xilinx_zcu102_base_dfx_202220_1.xpfm;xilinx_zcu104_base_202220_1|D:/Xilinx202202/Vitis/2022.2/base_platforms/xilinx_zcu104_base_202220_1/xilinx_zcu104_base_202220_1.xpfm
17:22:48 INFO  : Hardware specification for platform project 'syncBlaze' is updated.
17:23:02 INFO  : Result from executing command 'getProjects': syncBlaze
17:23:02 INFO  : Result from executing command 'getPlatforms': syncBlaze|E:/kevin/myCode/microBlaze100/vitisJson/syncBlaze/export/syncBlaze/syncBlaze.xpfm;xilinx_vck190_base_202220_1|D:/Xilinx202202/Vitis/2022.2/base_platforms/xilinx_vck190_base_202220_1/xilinx_vck190_base_202220_1.xpfm;xilinx_vck190_base_dfx_202220_1|D:/Xilinx202202/Vitis/2022.2/base_platforms/xilinx_vck190_base_dfx_202220_1/xilinx_vck190_base_dfx_202220_1.xpfm;xilinx_vmk180_base_202220_1|D:/Xilinx202202/Vitis/2022.2/base_platforms/xilinx_vmk180_base_202220_1/xilinx_vmk180_base_202220_1.xpfm;xilinx_zcu102_base_202220_1|D:/Xilinx202202/Vitis/2022.2/base_platforms/xilinx_zcu102_base_202220_1/xilinx_zcu102_base_202220_1.xpfm;xilinx_zcu102_base_dfx_202220_1|D:/Xilinx202202/Vitis/2022.2/base_platforms/xilinx_zcu102_base_dfx_202220_1/xilinx_zcu102_base_dfx_202220_1.xpfm;xilinx_zcu104_base_202220_1|D:/Xilinx202202/Vitis/2022.2/base_platforms/xilinx_zcu104_base_202220_1/xilinx_zcu104_base_202220_1.xpfm
17:23:20 ERROR : XSCT server calls should not be made from TCF thread.
java.lang.RuntimeException: XSCT server calls should not be made from TCF thread.
	at com.xilinx.sdk.xsdb.XSDBCommandManager.issueAndWait(XSDBCommandManager.java:392) [com.xilinx.sdk.xsdb_1.0.0.202210132147.jar:?]
	at com.xilinx.sdk.xsdb.XsdbCommandUtils.executeAndRespond(XsdbCommandUtils.java:325) [com.xilinx.sdk.xsdb_1.0.0.202210132147.jar:?]
	at com.xilinx.sdk.hw.internal.HwPlatform.dispose(HwPlatform.java:1325) [com.xilinx.sdk.hw_1.0.0.202210132147.jar:?]
	at com.xilinx.sdk.hw.internal.HwSpecFactory.removeHwSpec(HwSpecFactory.java:92) [com.xilinx.sdk.hw_1.0.0.202210132147.jar:?]
	at com.xilinx.sdk.hw.internal.HwSpecFactory.validateGetFromCache(HwSpecFactory.java:78) [com.xilinx.sdk.hw_1.0.0.202210132147.jar:?]
	at com.xilinx.sdk.hw.internal.HwSpecFactory.createHwSpec(HwSpecFactory.java:48) [com.xilinx.sdk.hw_1.0.0.202210132147.jar:?]
	at com.xilinx.sdx.sdsoc.debug.ui.SdsLaunchConfigUtil.createHwPlatform(SdsLaunchConfigUtil.java:57) [com.xilinx.sdx.sdsoc.debug.ui_1.0.0.202210132147.jar:?]
	at com.xilinx.sdx.sdsoc.debug.ui.SdsLaunchConfigModel.iniHwPlatform(SdsLaunchConfigModel.java:187) [com.xilinx.sdx.sdsoc.debug.ui_1.0.0.202210132147.jar:?]
	at com.xilinx.sdk.tcf.internal.debug.ui.common.BaseLaunchConfigModel.getHwPlatform(BaseLaunchConfigModel.java:577) [com.xilinx.sdk.tcf.debug_1.0.0.202210132147.jar:?]
	at com.xilinx.sdk.tcf.internal.debug.ui.common.BaseLaunchConfigModel.readCrossTriggerModel(BaseLaunchConfigModel.java:173) [com.xilinx.sdk.tcf.debug_1.0.0.202210132147.jar:?]
	at com.xilinx.sdk.tcf.internal.debug.ui.common.BaseLaunchConfigModel.readAndSetAttributes(BaseLaunchConfigModel.java:156) [com.xilinx.sdk.tcf.debug_1.0.0.202210132147.jar:?]
	at com.xilinx.sdx.sdsoc.debug.ui.SdsLaunchConfigModel.newInstance(SdsLaunchConfigModel.java:109) [com.xilinx.sdx.sdsoc.debug.ui_1.0.0.202210132147.jar:?]
	at com.xilinx.sdx.sdsoc.debug.launch.SdsTcfLaunchDelegate.createConfigModel(SdsTcfLaunchDelegate.java:85) [com.xilinx.sdx.sdsoc.debug_1.0.0.202210132147.jar:?]
	at com.xilinx.sdx.sdsoc.debug.launch.SdsTcfLaunchDelegate.generateReports(SdsTcfLaunchDelegate.java:641) [com.xilinx.sdx.sdsoc.debug_1.0.0.202210132147.jar:?]
	at com.xilinx.sdx.sdsoc.debug.launch.SdsTcfLaunchDelegate.onDisconnected(SdsTcfLaunchDelegate.java:615) [com.xilinx.sdx.sdsoc.debug_1.0.0.202210132147.jar:?]
	at org.eclipse.tcf.internal.debug.ui.model.TCFModelManager$1.onDisconnected(TCFModelManager.java:79) [org.eclipse.tcf.debug.ui_1.7.0.202210132147.jar:?]
	at org.eclipse.tcf.internal.debug.model.TCFLaunch.onDisconnected(TCFLaunch.java:532) [org.eclipse.tcf.debug_1.7.0.202210132147.jar:?]
	at org.eclipse.tcf.internal.debug.model.TCFLaunch$43.onChannelClosed(TCFLaunch.java:1643) [org.eclipse.tcf.debug_1.7.0.202210132147.jar:?]
	at org.eclipse.tcf.core.AbstractChannel$9.run(AbstractChannel.java:858) [org.eclipse.tcf.core_1.7.0.202210132147.jar:?]
	at org.eclipse.tcf.EventQueue.run(EventQueue.java:98) [org.eclipse.tcf_1.7.0.202210132147.jar:?]
	at java.lang.Thread.run(Thread.java:829) [?:?]
17:23:20 INFO  : Disconnected from the channel tcfchan#125.
17:23:20 INFO  : The hardware specification used by project 'syncMain' is out of sync with the platform. Resource files extracted from the hardware specification will be updated.
17:23:20 INFO  : The file 'E:\kevin\myCode\microBlaze100\vitisJson\syncMain\_ide\bitstream\design_1_wrapper.bit' stored in project is removed.
17:23:20 INFO  : The file 'E:\kevin\myCode\microBlaze100\vitisJson\syncMain\_ide\bitstream\design_1_wrapper.mmi' stored in project is removed.
17:23:20 INFO  : The updated bitstream files are copied from platform to folder 'E:\kevin\myCode\microBlaze100\vitisJson\syncMain\_ide\bitstream' in project 'syncMain'.
17:23:21 INFO  : Connected to target on host '127.0.0.1' and port '3121'.
17:23:21 INFO  : Jtag cable 'Digilent JTAG-HS2 201706300081' is selected.
17:23:21 INFO  : 'jtag frequency' command is executed.
17:23:21 INFO  : 'targets -set -filter {jtag_cable_name =~ "Digilent JTAG-HS2 201706300081" && level==0 && jtag_device_ctx=="jsn-JTAG-HS2-201706300081-13631093-0"}' command is executed.
17:23:24 INFO  : Device configured successfully with "E:/kevin/myCode/microBlaze100/vitisJson/syncMain/_ide/bitstream/design_1_wrapper.bit"
17:23:24 INFO  : Context for processor 'microblaze_0' is selected.
17:23:24 INFO  : Hardware design and registers information is loaded from 'E:/kevin/myCode/microBlaze100/vitisJson/syncBlaze/export/syncBlaze/hw/design_1_wrapper.xsa'.
17:23:24 INFO  : 'configparams mdm-detect-bscan-mask 2' command is executed.
17:23:24 INFO  : Context for processor 'microblaze_0' is selected.
17:23:24 INFO  : System reset is completed.
17:23:27 INFO  : 'after 3000' command is executed.
17:23:27 INFO  : Context for processor 'microblaze_0' is selected.
17:23:27 INFO  : The application 'E:/kevin/myCode/microBlaze100/vitisJson/syncMain/Debug/syncMain.elf' is downloaded to processor 'microblaze_0'.
17:23:27 INFO  : ----------------XSDB Script----------------
connect -url tcp:127.0.0.1:3121
targets -set -filter {jtag_cable_name =~ "Digilent JTAG-HS2 201706300081" && level==0 && jtag_device_ctx=="jsn-JTAG-HS2-201706300081-13631093-0"}
fpga -file E:/kevin/myCode/microBlaze100/vitisJson/syncMain/_ide/bitstream/design_1_wrapper.bit
targets -set -nocase -filter {name =~ "*microblaze*#0" && bscan=="USER2" }
loadhw -hw E:/kevin/myCode/microBlaze100/vitisJson/syncBlaze/export/syncBlaze/hw/design_1_wrapper.xsa -regs
configparams mdm-detect-bscan-mask 2
targets -set -nocase -filter {name =~ "*microblaze*#0" && bscan=="USER2" }
rst -system
after 3000
targets -set -nocase -filter {name =~ "*microblaze*#0" && bscan=="USER2" }
dow E:/kevin/myCode/microBlaze100/vitisJson/syncMain/Debug/syncMain.elf
----------------End of Script----------------

17:23:28 INFO  : Context for processor 'microblaze_0' is selected.
17:23:28 INFO  : 'con' command is executed.
17:23:28 INFO  : ----------------XSDB Script (After Launch)----------------
targets -set -nocase -filter {name =~ "*microblaze*#0" && bscan=="USER2" }
con
----------------End of Script----------------

17:23:28 INFO  : Launch script is exported to file 'E:\kevin\myCode\microBlaze100\vitisJson\syncMain_system\_ide\scripts\systemdebugger_syncmain_system_standalone.tcl'
10:40:06 INFO  : Disconnected from the channel tcfchan#128.
10:40:06 INFO  : Connected to target on host '127.0.0.1' and port '3121'.
10:40:06 INFO  : Jtag cable 'Digilent JTAG-HS2 201706300081' is selected.
10:40:06 INFO  : 'jtag frequency' command is executed.
10:40:06 INFO  : 'targets -set -filter {jtag_cable_name =~ "Digilent JTAG-HS2 201706300081" && level==0 && jtag_device_ctx=="jsn-JTAG-HS2-201706300081-13631093-0"}' command is executed.
10:40:09 INFO  : Device configured successfully with "E:/kevin/myCode/microBlaze100/vitisJson/syncMain/_ide/bitstream/design_1_wrapper.bit"
10:40:10 INFO  : Context for processor 'microblaze_0' is selected.
10:40:10 INFO  : Hardware design and registers information is loaded from 'E:/kevin/myCode/microBlaze100/vitisJson/syncBlaze/export/syncBlaze/hw/design_1_wrapper.xsa'.
10:40:10 INFO  : 'configparams mdm-detect-bscan-mask 2' command is executed.
10:40:10 INFO  : Context for processor 'microblaze_0' is selected.
10:40:10 INFO  : System reset is completed.
10:40:13 INFO  : 'after 3000' command is executed.
10:40:13 INFO  : Context for processor 'microblaze_0' is selected.
10:40:13 INFO  : The application 'E:/kevin/myCode/microBlaze100/vitisJson/syncMain/Debug/syncMain.elf' is downloaded to processor 'microblaze_0'.
10:40:13 INFO  : ----------------XSDB Script----------------
connect -url tcp:127.0.0.1:3121
targets -set -filter {jtag_cable_name =~ "Digilent JTAG-HS2 201706300081" && level==0 && jtag_device_ctx=="jsn-JTAG-HS2-201706300081-13631093-0"}
fpga -file E:/kevin/myCode/microBlaze100/vitisJson/syncMain/_ide/bitstream/design_1_wrapper.bit
targets -set -nocase -filter {name =~ "*microblaze*#0" && bscan=="USER2" }
loadhw -hw E:/kevin/myCode/microBlaze100/vitisJson/syncBlaze/export/syncBlaze/hw/design_1_wrapper.xsa -regs
configparams mdm-detect-bscan-mask 2
targets -set -nocase -filter {name =~ "*microblaze*#0" && bscan=="USER2" }
rst -system
after 3000
targets -set -nocase -filter {name =~ "*microblaze*#0" && bscan=="USER2" }
dow E:/kevin/myCode/microBlaze100/vitisJson/syncMain/Debug/syncMain.elf
----------------End of Script----------------

10:40:13 INFO  : Context for processor 'microblaze_0' is selected.
10:40:13 INFO  : 'con' command is executed.
10:40:13 INFO  : ----------------XSDB Script (After Launch)----------------
targets -set -nocase -filter {name =~ "*microblaze*#0" && bscan=="USER2" }
con
----------------End of Script----------------

10:40:13 INFO  : Launch script is exported to file 'E:\kevin\myCode\microBlaze100\vitisJson\syncMain_system\_ide\scripts\systemdebugger_syncmain_system_standalone.tcl'
10:41:34 INFO  : Hardware specification for platform project 'syncBlaze' is updated.
10:41:59 INFO  : Result from executing command 'getProjects': syncBlaze
10:41:59 INFO  : Result from executing command 'getPlatforms': syncBlaze|E:/kevin/myCode/microBlaze100/vitisJson/syncBlaze/export/syncBlaze/syncBlaze.xpfm;xilinx_vck190_base_202220_1|D:/Xilinx202202/Vitis/2022.2/base_platforms/xilinx_vck190_base_202220_1/xilinx_vck190_base_202220_1.xpfm;xilinx_vck190_base_dfx_202220_1|D:/Xilinx202202/Vitis/2022.2/base_platforms/xilinx_vck190_base_dfx_202220_1/xilinx_vck190_base_dfx_202220_1.xpfm;xilinx_vmk180_base_202220_1|D:/Xilinx202202/Vitis/2022.2/base_platforms/xilinx_vmk180_base_202220_1/xilinx_vmk180_base_202220_1.xpfm;xilinx_zcu102_base_202220_1|D:/Xilinx202202/Vitis/2022.2/base_platforms/xilinx_zcu102_base_202220_1/xilinx_zcu102_base_202220_1.xpfm;xilinx_zcu102_base_dfx_202220_1|D:/Xilinx202202/Vitis/2022.2/base_platforms/xilinx_zcu102_base_dfx_202220_1/xilinx_zcu102_base_dfx_202220_1.xpfm;xilinx_zcu104_base_202220_1|D:/Xilinx202202/Vitis/2022.2/base_platforms/xilinx_zcu104_base_202220_1/xilinx_zcu104_base_202220_1.xpfm
10:42:06 ERROR : XSCT server calls should not be made from TCF thread.
java.lang.RuntimeException: XSCT server calls should not be made from TCF thread.
	at com.xilinx.sdk.xsdb.XSDBCommandManager.issueAndWait(XSDBCommandManager.java:392) [com.xilinx.sdk.xsdb_1.0.0.202210132147.jar:?]
	at com.xilinx.sdk.xsdb.XsdbCommandUtils.executeAndRespond(XsdbCommandUtils.java:325) [com.xilinx.sdk.xsdb_1.0.0.202210132147.jar:?]
	at com.xilinx.sdk.hw.internal.HwPlatform.dispose(HwPlatform.java:1325) [com.xilinx.sdk.hw_1.0.0.202210132147.jar:?]
	at com.xilinx.sdk.hw.internal.HwSpecFactory.removeHwSpec(HwSpecFactory.java:92) [com.xilinx.sdk.hw_1.0.0.202210132147.jar:?]
	at com.xilinx.sdk.hw.internal.HwSpecFactory.validateGetFromCache(HwSpecFactory.java:78) [com.xilinx.sdk.hw_1.0.0.202210132147.jar:?]
	at com.xilinx.sdk.hw.internal.HwSpecFactory.createHwSpec(HwSpecFactory.java:48) [com.xilinx.sdk.hw_1.0.0.202210132147.jar:?]
	at com.xilinx.sdx.sdsoc.debug.ui.SdsLaunchConfigUtil.createHwPlatform(SdsLaunchConfigUtil.java:57) [com.xilinx.sdx.sdsoc.debug.ui_1.0.0.202210132147.jar:?]
	at com.xilinx.sdx.sdsoc.debug.ui.SdsLaunchConfigModel.iniHwPlatform(SdsLaunchConfigModel.java:187) [com.xilinx.sdx.sdsoc.debug.ui_1.0.0.202210132147.jar:?]
	at com.xilinx.sdk.tcf.internal.debug.ui.common.BaseLaunchConfigModel.getHwPlatform(BaseLaunchConfigModel.java:577) [com.xilinx.sdk.tcf.debug_1.0.0.202210132147.jar:?]
	at com.xilinx.sdk.tcf.internal.debug.ui.common.BaseLaunchConfigModel.readCrossTriggerModel(BaseLaunchConfigModel.java:173) [com.xilinx.sdk.tcf.debug_1.0.0.202210132147.jar:?]
	at com.xilinx.sdk.tcf.internal.debug.ui.common.BaseLaunchConfigModel.readAndSetAttributes(BaseLaunchConfigModel.java:156) [com.xilinx.sdk.tcf.debug_1.0.0.202210132147.jar:?]
	at com.xilinx.sdx.sdsoc.debug.ui.SdsLaunchConfigModel.newInstance(SdsLaunchConfigModel.java:109) [com.xilinx.sdx.sdsoc.debug.ui_1.0.0.202210132147.jar:?]
	at com.xilinx.sdx.sdsoc.debug.launch.SdsTcfLaunchDelegate.createConfigModel(SdsTcfLaunchDelegate.java:85) [com.xilinx.sdx.sdsoc.debug_1.0.0.202210132147.jar:?]
	at com.xilinx.sdx.sdsoc.debug.launch.SdsTcfLaunchDelegate.generateReports(SdsTcfLaunchDelegate.java:641) [com.xilinx.sdx.sdsoc.debug_1.0.0.202210132147.jar:?]
	at com.xilinx.sdx.sdsoc.debug.launch.SdsTcfLaunchDelegate.onDisconnected(SdsTcfLaunchDelegate.java:615) [com.xilinx.sdx.sdsoc.debug_1.0.0.202210132147.jar:?]
	at org.eclipse.tcf.internal.debug.ui.model.TCFModelManager$1.onDisconnected(TCFModelManager.java:79) [org.eclipse.tcf.debug.ui_1.7.0.202210132147.jar:?]
	at org.eclipse.tcf.internal.debug.model.TCFLaunch.onDisconnected(TCFLaunch.java:532) [org.eclipse.tcf.debug_1.7.0.202210132147.jar:?]
	at org.eclipse.tcf.internal.debug.model.TCFLaunch$43.onChannelClosed(TCFLaunch.java:1643) [org.eclipse.tcf.debug_1.7.0.202210132147.jar:?]
	at org.eclipse.tcf.core.AbstractChannel$9.run(AbstractChannel.java:858) [org.eclipse.tcf.core_1.7.0.202210132147.jar:?]
	at org.eclipse.tcf.EventQueue.run(EventQueue.java:98) [org.eclipse.tcf_1.7.0.202210132147.jar:?]
	at java.lang.Thread.run(Thread.java:829) [?:?]
10:42:06 INFO  : Disconnected from the channel tcfchan#129.
10:42:06 INFO  : The hardware specification used by project 'syncMain' is out of sync with the platform. Resource files extracted from the hardware specification will be updated.
10:42:06 INFO  : The file 'E:\kevin\myCode\microBlaze100\vitisJson\syncMain\_ide\bitstream\design_1_wrapper.bit' stored in project is removed.
10:42:06 INFO  : The file 'E:\kevin\myCode\microBlaze100\vitisJson\syncMain\_ide\bitstream\design_1_wrapper.mmi' stored in project is removed.
10:42:06 INFO  : The updated bitstream files are copied from platform to folder 'E:\kevin\myCode\microBlaze100\vitisJson\syncMain\_ide\bitstream' in project 'syncMain'.
10:42:06 INFO  : Connected to target on host '127.0.0.1' and port '3121'.
10:42:06 INFO  : Jtag cable 'Digilent JTAG-HS2 201706300081' is selected.
10:42:06 INFO  : 'jtag frequency' command is executed.
10:42:06 INFO  : 'targets -set -filter {jtag_cable_name =~ "Digilent JTAG-HS2 201706300081" && level==0 && jtag_device_ctx=="jsn-JTAG-HS2-201706300081-13631093-0"}' command is executed.
10:42:10 INFO  : Device configured successfully with "E:/kevin/myCode/microBlaze100/vitisJson/syncMain/_ide/bitstream/design_1_wrapper.bit"
10:42:10 INFO  : Context for processor 'microblaze_0' is selected.
10:42:10 INFO  : Hardware design and registers information is loaded from 'E:/kevin/myCode/microBlaze100/vitisJson/syncBlaze/export/syncBlaze/hw/design_1_wrapper.xsa'.
10:42:10 INFO  : 'configparams mdm-detect-bscan-mask 2' command is executed.
10:42:10 INFO  : Context for processor 'microblaze_0' is selected.
10:42:10 INFO  : System reset is completed.
10:42:13 INFO  : 'after 3000' command is executed.
10:42:13 INFO  : Context for processor 'microblaze_0' is selected.
10:42:13 INFO  : The application 'E:/kevin/myCode/microBlaze100/vitisJson/syncMain/Debug/syncMain.elf' is downloaded to processor 'microblaze_0'.
10:42:13 INFO  : ----------------XSDB Script----------------
connect -url tcp:127.0.0.1:3121
targets -set -filter {jtag_cable_name =~ "Digilent JTAG-HS2 201706300081" && level==0 && jtag_device_ctx=="jsn-JTAG-HS2-201706300081-13631093-0"}
fpga -file E:/kevin/myCode/microBlaze100/vitisJson/syncMain/_ide/bitstream/design_1_wrapper.bit
targets -set -nocase -filter {name =~ "*microblaze*#0" && bscan=="USER2" }
loadhw -hw E:/kevin/myCode/microBlaze100/vitisJson/syncBlaze/export/syncBlaze/hw/design_1_wrapper.xsa -regs
configparams mdm-detect-bscan-mask 2
targets -set -nocase -filter {name =~ "*microblaze*#0" && bscan=="USER2" }
rst -system
after 3000
targets -set -nocase -filter {name =~ "*microblaze*#0" && bscan=="USER2" }
dow E:/kevin/myCode/microBlaze100/vitisJson/syncMain/Debug/syncMain.elf
----------------End of Script----------------

10:42:13 INFO  : Context for processor 'microblaze_0' is selected.
10:42:13 INFO  : 'con' command is executed.
10:42:13 INFO  : ----------------XSDB Script (After Launch)----------------
targets -set -nocase -filter {name =~ "*microblaze*#0" && bscan=="USER2" }
con
----------------End of Script----------------

10:42:13 INFO  : Launch script is exported to file 'E:\kevin\myCode\microBlaze100\vitisJson\syncMain_system\_ide\scripts\systemdebugger_syncmain_system_standalone.tcl'
10:42:16 INFO  : Checking for BSP changes to sync application flags for project 'syncMain'...
10:42:26 INFO  : Disconnected from the channel tcfchan#131.
10:42:27 INFO  : Connected to target on host '127.0.0.1' and port '3121'.
10:42:27 INFO  : Jtag cable 'Digilent JTAG-HS2 201706300081' is selected.
10:42:27 INFO  : 'jtag frequency' command is executed.
10:42:27 INFO  : 'targets -set -filter {jtag_cable_name =~ "Digilent JTAG-HS2 201706300081" && level==0 && jtag_device_ctx=="jsn-JTAG-HS2-201706300081-13631093-0"}' command is executed.
10:42:31 INFO  : Device configured successfully with "E:/kevin/myCode/microBlaze100/vitisJson/syncMain/_ide/bitstream/design_1_wrapper.bit"
10:42:31 INFO  : Context for processor 'microblaze_0' is selected.
10:42:31 INFO  : Hardware design and registers information is loaded from 'E:/kevin/myCode/microBlaze100/vitisJson/syncBlaze/export/syncBlaze/hw/design_1_wrapper.xsa'.
10:42:31 INFO  : 'configparams mdm-detect-bscan-mask 2' command is executed.
10:42:31 INFO  : Context for processor 'microblaze_0' is selected.
10:42:31 INFO  : System reset is completed.
10:42:34 INFO  : 'after 3000' command is executed.
10:42:34 INFO  : Context for processor 'microblaze_0' is selected.
10:42:34 INFO  : The application 'E:/kevin/myCode/microBlaze100/vitisJson/syncMain/Debug/syncMain.elf' is downloaded to processor 'microblaze_0'.
10:42:34 INFO  : ----------------XSDB Script----------------
connect -url tcp:127.0.0.1:3121
targets -set -filter {jtag_cable_name =~ "Digilent JTAG-HS2 201706300081" && level==0 && jtag_device_ctx=="jsn-JTAG-HS2-201706300081-13631093-0"}
fpga -file E:/kevin/myCode/microBlaze100/vitisJson/syncMain/_ide/bitstream/design_1_wrapper.bit
targets -set -nocase -filter {name =~ "*microblaze*#0" && bscan=="USER2" }
loadhw -hw E:/kevin/myCode/microBlaze100/vitisJson/syncBlaze/export/syncBlaze/hw/design_1_wrapper.xsa -regs
configparams mdm-detect-bscan-mask 2
targets -set -nocase -filter {name =~ "*microblaze*#0" && bscan=="USER2" }
rst -system
after 3000
targets -set -nocase -filter {name =~ "*microblaze*#0" && bscan=="USER2" }
dow E:/kevin/myCode/microBlaze100/vitisJson/syncMain/Debug/syncMain.elf
----------------End of Script----------------

10:42:34 INFO  : Context for processor 'microblaze_0' is selected.
10:42:34 INFO  : 'con' command is executed.
10:42:34 INFO  : ----------------XSDB Script (After Launch)----------------
targets -set -nocase -filter {name =~ "*microblaze*#0" && bscan=="USER2" }
con
----------------End of Script----------------

10:42:34 INFO  : Launch script is exported to file 'E:\kevin\myCode\microBlaze100\vitisJson\syncMain_system\_ide\scripts\systemdebugger_syncmain_system_standalone.tcl'
10:56:15 INFO  : Disconnected from the channel tcfchan#132.
10:56:16 INFO  : Checking for BSP changes to sync application flags for project 'syncMain'...
10:56:21 INFO  : Connected to target on host '127.0.0.1' and port '3121'.
10:56:22 INFO  : Jtag cable 'Digilent JTAG-HS2 201706300081' is selected.
10:56:22 INFO  : 'jtag frequency' command is executed.
10:56:22 INFO  : 'targets -set -filter {jtag_cable_name =~ "Digilent JTAG-HS2 201706300081" && level==0 && jtag_device_ctx=="jsn-JTAG-HS2-201706300081-13631093-0"}' command is executed.
10:56:25 INFO  : Device configured successfully with "E:/kevin/myCode/microBlaze100/vitisJson/syncMain/_ide/bitstream/design_1_wrapper.bit"
10:56:25 INFO  : Context for processor 'microblaze_0' is selected.
10:56:25 INFO  : Hardware design and registers information is loaded from 'E:/kevin/myCode/microBlaze100/vitisJson/syncBlaze/export/syncBlaze/hw/design_1_wrapper.xsa'.
10:56:25 INFO  : 'configparams mdm-detect-bscan-mask 2' command is executed.
10:56:25 INFO  : Context for processor 'microblaze_0' is selected.
10:56:25 INFO  : System reset is completed.
10:56:28 INFO  : 'after 3000' command is executed.
10:56:28 INFO  : Context for processor 'microblaze_0' is selected.
10:56:28 INFO  : The application 'E:/kevin/myCode/microBlaze100/vitisJson/syncMain/Debug/syncMain.elf' is downloaded to processor 'microblaze_0'.
10:56:28 INFO  : ----------------XSDB Script----------------
connect -url tcp:127.0.0.1:3121
targets -set -filter {jtag_cable_name =~ "Digilent JTAG-HS2 201706300081" && level==0 && jtag_device_ctx=="jsn-JTAG-HS2-201706300081-13631093-0"}
fpga -file E:/kevin/myCode/microBlaze100/vitisJson/syncMain/_ide/bitstream/design_1_wrapper.bit
targets -set -nocase -filter {name =~ "*microblaze*#0" && bscan=="USER2" }
loadhw -hw E:/kevin/myCode/microBlaze100/vitisJson/syncBlaze/export/syncBlaze/hw/design_1_wrapper.xsa -regs
configparams mdm-detect-bscan-mask 2
targets -set -nocase -filter {name =~ "*microblaze*#0" && bscan=="USER2" }
rst -system
after 3000
targets -set -nocase -filter {name =~ "*microblaze*#0" && bscan=="USER2" }
dow E:/kevin/myCode/microBlaze100/vitisJson/syncMain/Debug/syncMain.elf
----------------End of Script----------------

10:56:28 INFO  : Context for processor 'microblaze_0' is selected.
10:56:28 INFO  : 'con' command is executed.
10:56:28 INFO  : ----------------XSDB Script (After Launch)----------------
targets -set -nocase -filter {name =~ "*microblaze*#0" && bscan=="USER2" }
con
----------------End of Script----------------

10:56:28 INFO  : Launch script is exported to file 'E:\kevin\myCode\microBlaze100\vitisJson\syncMain_system\_ide\scripts\systemdebugger_syncmain_system_standalone.tcl'
11:40:58 INFO  : Hardware specification for platform project 'syncBlaze' is updated.
11:41:15 INFO  : Result from executing command 'getProjects': syncBlaze
11:41:15 INFO  : Result from executing command 'getPlatforms': syncBlaze|E:/kevin/myCode/microBlaze100/vitisJson/syncBlaze/export/syncBlaze/syncBlaze.xpfm;xilinx_vck190_base_202220_1|D:/Xilinx202202/Vitis/2022.2/base_platforms/xilinx_vck190_base_202220_1/xilinx_vck190_base_202220_1.xpfm;xilinx_vck190_base_dfx_202220_1|D:/Xilinx202202/Vitis/2022.2/base_platforms/xilinx_vck190_base_dfx_202220_1/xilinx_vck190_base_dfx_202220_1.xpfm;xilinx_vmk180_base_202220_1|D:/Xilinx202202/Vitis/2022.2/base_platforms/xilinx_vmk180_base_202220_1/xilinx_vmk180_base_202220_1.xpfm;xilinx_zcu102_base_202220_1|D:/Xilinx202202/Vitis/2022.2/base_platforms/xilinx_zcu102_base_202220_1/xilinx_zcu102_base_202220_1.xpfm;xilinx_zcu102_base_dfx_202220_1|D:/Xilinx202202/Vitis/2022.2/base_platforms/xilinx_zcu102_base_dfx_202220_1/xilinx_zcu102_base_dfx_202220_1.xpfm;xilinx_zcu104_base_202220_1|D:/Xilinx202202/Vitis/2022.2/base_platforms/xilinx_zcu104_base_202220_1/xilinx_zcu104_base_202220_1.xpfm
11:41:22 INFO  : Checking for BSP changes to sync application flags for project 'syncMain'...
11:43:02 ERROR : XSCT server calls should not be made from TCF thread.
java.lang.RuntimeException: XSCT server calls should not be made from TCF thread.
	at com.xilinx.sdk.xsdb.XSDBCommandManager.issueAndWait(XSDBCommandManager.java:392) [com.xilinx.sdk.xsdb_1.0.0.202210132147.jar:?]
	at com.xilinx.sdk.xsdb.XsdbCommandUtils.executeAndRespond(XsdbCommandUtils.java:325) [com.xilinx.sdk.xsdb_1.0.0.202210132147.jar:?]
	at com.xilinx.sdk.hw.internal.HwPlatform.populateDesignProps(HwPlatform.java:521) [com.xilinx.sdk.hw_1.0.0.202210132147.jar:?]
	at com.xilinx.sdk.hw.internal.HwPlatform.isZynq(HwPlatform.java:1101) [com.xilinx.sdk.hw_1.0.0.202210132147.jar:?]
	at com.xilinx.sdk.hw.internal.HwPlatform.getArchFamily(HwPlatform.java:587) [com.xilinx.sdk.hw_1.0.0.202210132147.jar:?]
	at com.xilinx.sdk.tcf.internal.debug.ui.common.BaseLaunchConfigModel.readCrossTriggerModel(BaseLaunchConfigModel.java:174) [com.xilinx.sdk.tcf.debug_1.0.0.202210132147.jar:?]
	at com.xilinx.sdk.tcf.internal.debug.ui.common.BaseLaunchConfigModel.readAndSetAttributes(BaseLaunchConfigModel.java:156) [com.xilinx.sdk.tcf.debug_1.0.0.202210132147.jar:?]
	at com.xilinx.sdx.sdsoc.debug.ui.SdsLaunchConfigModel.newInstance(SdsLaunchConfigModel.java:109) [com.xilinx.sdx.sdsoc.debug.ui_1.0.0.202210132147.jar:?]
	at com.xilinx.sdx.sdsoc.debug.launch.SdsTcfLaunchDelegate.createConfigModel(SdsTcfLaunchDelegate.java:85) [com.xilinx.sdx.sdsoc.debug_1.0.0.202210132147.jar:?]
	at com.xilinx.sdx.sdsoc.debug.launch.SdsTcfLaunchDelegate.generateReports(SdsTcfLaunchDelegate.java:641) [com.xilinx.sdx.sdsoc.debug_1.0.0.202210132147.jar:?]
	at com.xilinx.sdx.sdsoc.debug.launch.SdsTcfLaunchDelegate.onDisconnected(SdsTcfLaunchDelegate.java:615) [com.xilinx.sdx.sdsoc.debug_1.0.0.202210132147.jar:?]
	at org.eclipse.tcf.internal.debug.ui.model.TCFModelManager$1.onDisconnected(TCFModelManager.java:79) [org.eclipse.tcf.debug.ui_1.7.0.202210132147.jar:?]
	at org.eclipse.tcf.internal.debug.model.TCFLaunch.onDisconnected(TCFLaunch.java:532) [org.eclipse.tcf.debug_1.7.0.202210132147.jar:?]
	at org.eclipse.tcf.internal.debug.model.TCFLaunch$43.onChannelClosed(TCFLaunch.java:1643) [org.eclipse.tcf.debug_1.7.0.202210132147.jar:?]
	at org.eclipse.tcf.core.AbstractChannel$9.run(AbstractChannel.java:858) [org.eclipse.tcf.core_1.7.0.202210132147.jar:?]
	at org.eclipse.tcf.EventQueue.run(EventQueue.java:98) [org.eclipse.tcf_1.7.0.202210132147.jar:?]
	at java.lang.Thread.run(Thread.java:829) [?:?]
11:43:02 INFO  : Disconnected from the channel tcfchan#133.
11:43:03 INFO  : The hardware specification used by project 'syncMain' is out of sync with the platform. Resource files extracted from the hardware specification will be updated.
11:43:03 INFO  : The file 'E:\kevin\myCode\microBlaze100\vitisJson\syncMain\_ide\bitstream\design_1_wrapper.bit' stored in project is removed.
11:43:03 INFO  : The file 'E:\kevin\myCode\microBlaze100\vitisJson\syncMain\_ide\bitstream\design_1_wrapper.mmi' stored in project is removed.
11:43:03 INFO  : The updated bitstream files are copied from platform to folder 'E:\kevin\myCode\microBlaze100\vitisJson\syncMain\_ide\bitstream' in project 'syncMain'.
11:43:03 INFO  : Connected to target on host '127.0.0.1' and port '3121'.
11:43:03 INFO  : Jtag cable 'Digilent JTAG-HS2 201706300081' is selected.
11:43:03 INFO  : 'jtag frequency' command is executed.
11:43:03 INFO  : 'targets -set -filter {jtag_cable_name =~ "Digilent JTAG-HS2 201706300081" && level==0 && jtag_device_ctx=="jsn-JTAG-HS2-201706300081-13631093-0"}' command is executed.
11:43:06 INFO  : Device configured successfully with "E:/kevin/myCode/microBlaze100/vitisJson/syncMain/_ide/bitstream/design_1_wrapper.bit"
11:43:06 INFO  : Context for processor 'microblaze_0' is selected.
11:43:06 INFO  : Hardware design and registers information is loaded from 'E:/kevin/myCode/microBlaze100/vitisJson/syncBlaze/export/syncBlaze/hw/design_1_wrapper.xsa'.
11:43:06 INFO  : 'configparams mdm-detect-bscan-mask 2' command is executed.
11:43:06 INFO  : Context for processor 'microblaze_0' is selected.
11:43:06 INFO  : System reset is completed.
11:43:09 INFO  : 'after 3000' command is executed.
11:43:09 INFO  : Context for processor 'microblaze_0' is selected.
11:43:10 INFO  : The application 'E:/kevin/myCode/microBlaze100/vitisJson/syncMain/Debug/syncMain.elf' is downloaded to processor 'microblaze_0'.
11:43:10 INFO  : ----------------XSDB Script----------------
connect -url tcp:127.0.0.1:3121
targets -set -filter {jtag_cable_name =~ "Digilent JTAG-HS2 201706300081" && level==0 && jtag_device_ctx=="jsn-JTAG-HS2-201706300081-13631093-0"}
fpga -file E:/kevin/myCode/microBlaze100/vitisJson/syncMain/_ide/bitstream/design_1_wrapper.bit
targets -set -nocase -filter {name =~ "*microblaze*#0" && bscan=="USER2" }
loadhw -hw E:/kevin/myCode/microBlaze100/vitisJson/syncBlaze/export/syncBlaze/hw/design_1_wrapper.xsa -regs
configparams mdm-detect-bscan-mask 2
targets -set -nocase -filter {name =~ "*microblaze*#0" && bscan=="USER2" }
rst -system
after 3000
targets -set -nocase -filter {name =~ "*microblaze*#0" && bscan=="USER2" }
dow E:/kevin/myCode/microBlaze100/vitisJson/syncMain/Debug/syncMain.elf
----------------End of Script----------------

11:43:10 INFO  : Context for processor 'microblaze_0' is selected.
11:43:10 INFO  : 'con' command is executed.
11:43:10 INFO  : ----------------XSDB Script (After Launch)----------------
targets -set -nocase -filter {name =~ "*microblaze*#0" && bscan=="USER2" }
con
----------------End of Script----------------

11:43:10 INFO  : Launch script is exported to file 'E:\kevin\myCode\microBlaze100\vitisJson\syncMain_system\_ide\scripts\systemdebugger_syncmain_system_standalone.tcl'
13:21:19 INFO  : Disconnected from the channel tcfchan#135.
13:21:21 INFO  : Checking for BSP changes to sync application flags for project 'syncMain'...
13:21:27 INFO  : Connected to target on host '127.0.0.1' and port '3121'.
13:21:27 INFO  : Jtag cable 'Digilent JTAG-HS2 201706300081' is selected.
13:21:27 INFO  : 'jtag frequency' command is executed.
13:21:27 INFO  : 'targets -set -filter {jtag_cable_name =~ "Digilent JTAG-HS2 201706300081" && level==0 && jtag_device_ctx=="jsn-JTAG-HS2-201706300081-13631093-0"}' command is executed.
13:21:30 INFO  : Device configured successfully with "E:/kevin/myCode/microBlaze100/vitisJson/syncMain/_ide/bitstream/design_1_wrapper.bit"
13:21:30 INFO  : Context for processor 'microblaze_0' is selected.
13:21:30 INFO  : Hardware design and registers information is loaded from 'E:/kevin/myCode/microBlaze100/vitisJson/syncBlaze/export/syncBlaze/hw/design_1_wrapper.xsa'.
13:21:30 INFO  : 'configparams mdm-detect-bscan-mask 2' command is executed.
13:21:30 INFO  : Context for processor 'microblaze_0' is selected.
13:21:30 INFO  : System reset is completed.
13:21:33 INFO  : 'after 3000' command is executed.
13:21:33 INFO  : Context for processor 'microblaze_0' is selected.
13:21:34 INFO  : The application 'E:/kevin/myCode/microBlaze100/vitisJson/syncMain/Debug/syncMain.elf' is downloaded to processor 'microblaze_0'.
13:21:34 INFO  : ----------------XSDB Script----------------
connect -url tcp:127.0.0.1:3121
targets -set -filter {jtag_cable_name =~ "Digilent JTAG-HS2 201706300081" && level==0 && jtag_device_ctx=="jsn-JTAG-HS2-201706300081-13631093-0"}
fpga -file E:/kevin/myCode/microBlaze100/vitisJson/syncMain/_ide/bitstream/design_1_wrapper.bit
targets -set -nocase -filter {name =~ "*microblaze*#0" && bscan=="USER2" }
loadhw -hw E:/kevin/myCode/microBlaze100/vitisJson/syncBlaze/export/syncBlaze/hw/design_1_wrapper.xsa -regs
configparams mdm-detect-bscan-mask 2
targets -set -nocase -filter {name =~ "*microblaze*#0" && bscan=="USER2" }
rst -system
after 3000
targets -set -nocase -filter {name =~ "*microblaze*#0" && bscan=="USER2" }
dow E:/kevin/myCode/microBlaze100/vitisJson/syncMain/Debug/syncMain.elf
----------------End of Script----------------

13:21:34 INFO  : Context for processor 'microblaze_0' is selected.
13:21:34 INFO  : 'con' command is executed.
13:21:34 INFO  : ----------------XSDB Script (After Launch)----------------
targets -set -nocase -filter {name =~ "*microblaze*#0" && bscan=="USER2" }
con
----------------End of Script----------------

13:21:34 INFO  : Launch script is exported to file 'E:\kevin\myCode\microBlaze100\vitisJson\syncMain_system\_ide\scripts\systemdebugger_syncmain_system_standalone.tcl'
17:07:41 INFO  : Hardware specification for platform project 'syncBlaze' is updated.
17:08:06 INFO  : Result from executing command 'getProjects': syncBlaze
17:08:06 INFO  : Result from executing command 'getPlatforms': syncBlaze|E:/kevin/myCode/microBlaze100/vitisJson/syncBlaze/export/syncBlaze/syncBlaze.xpfm;xilinx_vck190_base_202220_1|D:/Xilinx202202/Vitis/2022.2/base_platforms/xilinx_vck190_base_202220_1/xilinx_vck190_base_202220_1.xpfm;xilinx_vck190_base_dfx_202220_1|D:/Xilinx202202/Vitis/2022.2/base_platforms/xilinx_vck190_base_dfx_202220_1/xilinx_vck190_base_dfx_202220_1.xpfm;xilinx_vmk180_base_202220_1|D:/Xilinx202202/Vitis/2022.2/base_platforms/xilinx_vmk180_base_202220_1/xilinx_vmk180_base_202220_1.xpfm;xilinx_zcu102_base_202220_1|D:/Xilinx202202/Vitis/2022.2/base_platforms/xilinx_zcu102_base_202220_1/xilinx_zcu102_base_202220_1.xpfm;xilinx_zcu102_base_dfx_202220_1|D:/Xilinx202202/Vitis/2022.2/base_platforms/xilinx_zcu102_base_dfx_202220_1/xilinx_zcu102_base_dfx_202220_1.xpfm;xilinx_zcu104_base_202220_1|D:/Xilinx202202/Vitis/2022.2/base_platforms/xilinx_zcu104_base_202220_1/xilinx_zcu104_base_202220_1.xpfm
17:08:27 ERROR : XSCT server calls should not be made from TCF thread.
java.lang.RuntimeException: XSCT server calls should not be made from TCF thread.
	at com.xilinx.sdk.xsdb.XSDBCommandManager.issueAndWait(XSDBCommandManager.java:392) [com.xilinx.sdk.xsdb_1.0.0.202210132147.jar:?]
	at com.xilinx.sdk.xsdb.XsdbCommandUtils.executeAndRespond(XsdbCommandUtils.java:325) [com.xilinx.sdk.xsdb_1.0.0.202210132147.jar:?]
	at com.xilinx.sdk.hw.internal.HwPlatform.dispose(HwPlatform.java:1325) [com.xilinx.sdk.hw_1.0.0.202210132147.jar:?]
	at com.xilinx.sdk.hw.internal.HwSpecFactory.removeHwSpec(HwSpecFactory.java:92) [com.xilinx.sdk.hw_1.0.0.202210132147.jar:?]
	at com.xilinx.sdk.hw.internal.HwSpecFactory.validateGetFromCache(HwSpecFactory.java:78) [com.xilinx.sdk.hw_1.0.0.202210132147.jar:?]
	at com.xilinx.sdk.hw.internal.HwSpecFactory.createHwSpec(HwSpecFactory.java:48) [com.xilinx.sdk.hw_1.0.0.202210132147.jar:?]
	at com.xilinx.sdx.sdsoc.debug.ui.SdsLaunchConfigUtil.createHwPlatform(SdsLaunchConfigUtil.java:57) [com.xilinx.sdx.sdsoc.debug.ui_1.0.0.202210132147.jar:?]
	at com.xilinx.sdx.sdsoc.debug.ui.SdsLaunchConfigModel.iniHwPlatform(SdsLaunchConfigModel.java:187) [com.xilinx.sdx.sdsoc.debug.ui_1.0.0.202210132147.jar:?]
	at com.xilinx.sdk.tcf.internal.debug.ui.common.BaseLaunchConfigModel.getHwPlatform(BaseLaunchConfigModel.java:577) [com.xilinx.sdk.tcf.debug_1.0.0.202210132147.jar:?]
	at com.xilinx.sdk.tcf.internal.debug.ui.common.BaseLaunchConfigModel.readCrossTriggerModel(BaseLaunchConfigModel.java:173) [com.xilinx.sdk.tcf.debug_1.0.0.202210132147.jar:?]
	at com.xilinx.sdk.tcf.internal.debug.ui.common.BaseLaunchConfigModel.readAndSetAttributes(BaseLaunchConfigModel.java:156) [com.xilinx.sdk.tcf.debug_1.0.0.202210132147.jar:?]
	at com.xilinx.sdx.sdsoc.debug.ui.SdsLaunchConfigModel.newInstance(SdsLaunchConfigModel.java:109) [com.xilinx.sdx.sdsoc.debug.ui_1.0.0.202210132147.jar:?]
	at com.xilinx.sdx.sdsoc.debug.launch.SdsTcfLaunchDelegate.createConfigModel(SdsTcfLaunchDelegate.java:85) [com.xilinx.sdx.sdsoc.debug_1.0.0.202210132147.jar:?]
	at com.xilinx.sdx.sdsoc.debug.launch.SdsTcfLaunchDelegate.generateReports(SdsTcfLaunchDelegate.java:641) [com.xilinx.sdx.sdsoc.debug_1.0.0.202210132147.jar:?]
	at com.xilinx.sdx.sdsoc.debug.launch.SdsTcfLaunchDelegate.onDisconnected(SdsTcfLaunchDelegate.java:615) [com.xilinx.sdx.sdsoc.debug_1.0.0.202210132147.jar:?]
	at org.eclipse.tcf.internal.debug.ui.model.TCFModelManager$1.onDisconnected(TCFModelManager.java:79) [org.eclipse.tcf.debug.ui_1.7.0.202210132147.jar:?]
	at org.eclipse.tcf.internal.debug.model.TCFLaunch.onDisconnected(TCFLaunch.java:532) [org.eclipse.tcf.debug_1.7.0.202210132147.jar:?]
	at org.eclipse.tcf.internal.debug.model.TCFLaunch$43.onChannelClosed(TCFLaunch.java:1643) [org.eclipse.tcf.debug_1.7.0.202210132147.jar:?]
	at org.eclipse.tcf.core.AbstractChannel$9.run(AbstractChannel.java:858) [org.eclipse.tcf.core_1.7.0.202210132147.jar:?]
	at org.eclipse.tcf.EventQueue.run(EventQueue.java:98) [org.eclipse.tcf_1.7.0.202210132147.jar:?]
	at java.lang.Thread.run(Thread.java:829) [?:?]
17:08:27 INFO  : Disconnected from the channel tcfchan#136.
17:08:34 INFO  : The hardware specification used by project 'syncMain' is out of sync with the platform. Resource files extracted from the hardware specification will be updated.
17:08:34 INFO  : The file 'E:\kevin\myCode\microBlaze100\vitisJson\syncMain\_ide\bitstream\design_1_wrapper.bit' stored in project is removed.
17:08:34 INFO  : The file 'E:\kevin\myCode\microBlaze100\vitisJson\syncMain\_ide\bitstream\design_1_wrapper.mmi' stored in project is removed.
17:08:34 INFO  : The updated bitstream files are copied from platform to folder 'E:\kevin\myCode\microBlaze100\vitisJson\syncMain\_ide\bitstream' in project 'syncMain'.
17:08:35 INFO  : Connected to target on host '127.0.0.1' and port '3121'.
17:08:35 INFO  : Jtag cable 'Digilent JTAG-HS2 201706300081' is selected.
17:08:35 INFO  : 'jtag frequency' command is executed.
17:08:35 INFO  : 'targets -set -filter {jtag_cable_name =~ "Digilent JTAG-HS2 201706300081" && level==0 && jtag_device_ctx=="jsn-JTAG-HS2-201706300081-13631093-0"}' command is executed.
17:08:38 INFO  : Device configured successfully with "E:/kevin/myCode/microBlaze100/vitisJson/syncMain/_ide/bitstream/design_1_wrapper.bit"
17:08:38 INFO  : Context for processor 'microblaze_0' is selected.
17:08:38 INFO  : Hardware design and registers information is loaded from 'E:/kevin/myCode/microBlaze100/vitisJson/syncBlaze/export/syncBlaze/hw/design_1_wrapper.xsa'.
17:08:38 INFO  : 'configparams mdm-detect-bscan-mask 2' command is executed.
17:08:38 INFO  : Context for processor 'microblaze_0' is selected.
17:08:38 INFO  : System reset is completed.
17:08:41 INFO  : 'after 3000' command is executed.
17:08:41 INFO  : Context for processor 'microblaze_0' is selected.
17:08:42 INFO  : The application 'E:/kevin/myCode/microBlaze100/vitisJson/syncMain/Debug/syncMain.elf' is downloaded to processor 'microblaze_0'.
17:08:42 INFO  : ----------------XSDB Script----------------
connect -url tcp:127.0.0.1:3121
targets -set -filter {jtag_cable_name =~ "Digilent JTAG-HS2 201706300081" && level==0 && jtag_device_ctx=="jsn-JTAG-HS2-201706300081-13631093-0"}
fpga -file E:/kevin/myCode/microBlaze100/vitisJson/syncMain/_ide/bitstream/design_1_wrapper.bit
targets -set -nocase -filter {name =~ "*microblaze*#0" && bscan=="USER2" }
loadhw -hw E:/kevin/myCode/microBlaze100/vitisJson/syncBlaze/export/syncBlaze/hw/design_1_wrapper.xsa -regs
configparams mdm-detect-bscan-mask 2
targets -set -nocase -filter {name =~ "*microblaze*#0" && bscan=="USER2" }
rst -system
after 3000
targets -set -nocase -filter {name =~ "*microblaze*#0" && bscan=="USER2" }
dow E:/kevin/myCode/microBlaze100/vitisJson/syncMain/Debug/syncMain.elf
----------------End of Script----------------

17:08:42 INFO  : Context for processor 'microblaze_0' is selected.
17:08:42 INFO  : 'con' command is executed.
17:08:42 INFO  : ----------------XSDB Script (After Launch)----------------
targets -set -nocase -filter {name =~ "*microblaze*#0" && bscan=="USER2" }
con
----------------End of Script----------------

17:08:42 INFO  : Launch script is exported to file 'E:\kevin\myCode\microBlaze100\vitisJson\syncMain_system\_ide\scripts\systemdebugger_syncmain_system_standalone.tcl'
17:08:44 INFO  : Disconnected from the channel tcfchan#138.
17:08:46 INFO  : Checking for BSP changes to sync application flags for project 'syncMain'...
17:08:59 INFO  : Connected to target on host '127.0.0.1' and port '3121'.
17:09:00 INFO  : Jtag cable 'Digilent JTAG-HS2 201706300081' is selected.
17:09:00 INFO  : 'jtag frequency' command is executed.
17:09:00 INFO  : 'targets -set -filter {jtag_cable_name =~ "Digilent JTAG-HS2 201706300081" && level==0 && jtag_device_ctx=="jsn-JTAG-HS2-201706300081-13631093-0"}' command is executed.
17:09:03 INFO  : Device configured successfully with "E:/kevin/myCode/microBlaze100/vitisJson/syncMain/_ide/bitstream/design_1_wrapper.bit"
17:09:03 INFO  : Context for processor 'microblaze_0' is selected.
17:09:03 INFO  : Hardware design and registers information is loaded from 'E:/kevin/myCode/microBlaze100/vitisJson/syncBlaze/export/syncBlaze/hw/design_1_wrapper.xsa'.
17:09:03 INFO  : 'configparams mdm-detect-bscan-mask 2' command is executed.
17:09:03 INFO  : Context for processor 'microblaze_0' is selected.
17:09:03 INFO  : System reset is completed.
17:09:06 INFO  : 'after 3000' command is executed.
17:09:06 INFO  : Context for processor 'microblaze_0' is selected.
17:09:06 INFO  : The application 'E:/kevin/myCode/microBlaze100/vitisJson/syncMain/Debug/syncMain.elf' is downloaded to processor 'microblaze_0'.
17:09:06 INFO  : ----------------XSDB Script----------------
connect -url tcp:127.0.0.1:3121
targets -set -filter {jtag_cable_name =~ "Digilent JTAG-HS2 201706300081" && level==0 && jtag_device_ctx=="jsn-JTAG-HS2-201706300081-13631093-0"}
fpga -file E:/kevin/myCode/microBlaze100/vitisJson/syncMain/_ide/bitstream/design_1_wrapper.bit
targets -set -nocase -filter {name =~ "*microblaze*#0" && bscan=="USER2" }
loadhw -hw E:/kevin/myCode/microBlaze100/vitisJson/syncBlaze/export/syncBlaze/hw/design_1_wrapper.xsa -regs
configparams mdm-detect-bscan-mask 2
targets -set -nocase -filter {name =~ "*microblaze*#0" && bscan=="USER2" }
rst -system
after 3000
targets -set -nocase -filter {name =~ "*microblaze*#0" && bscan=="USER2" }
dow E:/kevin/myCode/microBlaze100/vitisJson/syncMain/Debug/syncMain.elf
----------------End of Script----------------

17:09:06 INFO  : Context for processor 'microblaze_0' is selected.
17:09:06 INFO  : 'con' command is executed.
17:09:06 INFO  : ----------------XSDB Script (After Launch)----------------
targets -set -nocase -filter {name =~ "*microblaze*#0" && bscan=="USER2" }
con
----------------End of Script----------------

17:09:06 INFO  : Launch script is exported to file 'E:\kevin\myCode\microBlaze100\vitisJson\syncMain_system\_ide\scripts\systemdebugger_syncmain_system_standalone.tcl'
17:12:24 INFO  : Hardware specification for platform project 'syncBlaze' is updated.
17:12:39 INFO  : Result from executing command 'getProjects': syncBlaze
17:12:39 INFO  : Result from executing command 'getPlatforms': syncBlaze|E:/kevin/myCode/microBlaze100/vitisJson/syncBlaze/export/syncBlaze/syncBlaze.xpfm;xilinx_vck190_base_202220_1|D:/Xilinx202202/Vitis/2022.2/base_platforms/xilinx_vck190_base_202220_1/xilinx_vck190_base_202220_1.xpfm;xilinx_vck190_base_dfx_202220_1|D:/Xilinx202202/Vitis/2022.2/base_platforms/xilinx_vck190_base_dfx_202220_1/xilinx_vck190_base_dfx_202220_1.xpfm;xilinx_vmk180_base_202220_1|D:/Xilinx202202/Vitis/2022.2/base_platforms/xilinx_vmk180_base_202220_1/xilinx_vmk180_base_202220_1.xpfm;xilinx_zcu102_base_202220_1|D:/Xilinx202202/Vitis/2022.2/base_platforms/xilinx_zcu102_base_202220_1/xilinx_zcu102_base_202220_1.xpfm;xilinx_zcu102_base_dfx_202220_1|D:/Xilinx202202/Vitis/2022.2/base_platforms/xilinx_zcu102_base_dfx_202220_1/xilinx_zcu102_base_dfx_202220_1.xpfm;xilinx_zcu104_base_202220_1|D:/Xilinx202202/Vitis/2022.2/base_platforms/xilinx_zcu104_base_202220_1/xilinx_zcu104_base_202220_1.xpfm
17:12:44 ERROR : XSCT server calls should not be made from TCF thread.
java.lang.RuntimeException: XSCT server calls should not be made from TCF thread.
	at com.xilinx.sdk.xsdb.XSDBCommandManager.issueAndWait(XSDBCommandManager.java:392) [com.xilinx.sdk.xsdb_1.0.0.202210132147.jar:?]
	at com.xilinx.sdk.xsdb.XsdbCommandUtils.executeAndRespond(XsdbCommandUtils.java:325) [com.xilinx.sdk.xsdb_1.0.0.202210132147.jar:?]
	at com.xilinx.sdk.hw.internal.HwPlatform.dispose(HwPlatform.java:1325) [com.xilinx.sdk.hw_1.0.0.202210132147.jar:?]
	at com.xilinx.sdk.hw.internal.HwSpecFactory.removeHwSpec(HwSpecFactory.java:92) [com.xilinx.sdk.hw_1.0.0.202210132147.jar:?]
	at com.xilinx.sdk.hw.internal.HwSpecFactory.validateGetFromCache(HwSpecFactory.java:78) [com.xilinx.sdk.hw_1.0.0.202210132147.jar:?]
	at com.xilinx.sdk.hw.internal.HwSpecFactory.createHwSpec(HwSpecFactory.java:48) [com.xilinx.sdk.hw_1.0.0.202210132147.jar:?]
	at com.xilinx.sdx.sdsoc.debug.ui.SdsLaunchConfigUtil.createHwPlatform(SdsLaunchConfigUtil.java:57) [com.xilinx.sdx.sdsoc.debug.ui_1.0.0.202210132147.jar:?]
	at com.xilinx.sdx.sdsoc.debug.ui.SdsLaunchConfigModel.iniHwPlatform(SdsLaunchConfigModel.java:187) [com.xilinx.sdx.sdsoc.debug.ui_1.0.0.202210132147.jar:?]
	at com.xilinx.sdk.tcf.internal.debug.ui.common.BaseLaunchConfigModel.getHwPlatform(BaseLaunchConfigModel.java:577) [com.xilinx.sdk.tcf.debug_1.0.0.202210132147.jar:?]
	at com.xilinx.sdk.tcf.internal.debug.ui.common.BaseLaunchConfigModel.readCrossTriggerModel(BaseLaunchConfigModel.java:173) [com.xilinx.sdk.tcf.debug_1.0.0.202210132147.jar:?]
	at com.xilinx.sdk.tcf.internal.debug.ui.common.BaseLaunchConfigModel.readAndSetAttributes(BaseLaunchConfigModel.java:156) [com.xilinx.sdk.tcf.debug_1.0.0.202210132147.jar:?]
	at com.xilinx.sdx.sdsoc.debug.ui.SdsLaunchConfigModel.newInstance(SdsLaunchConfigModel.java:109) [com.xilinx.sdx.sdsoc.debug.ui_1.0.0.202210132147.jar:?]
	at com.xilinx.sdx.sdsoc.debug.launch.SdsTcfLaunchDelegate.createConfigModel(SdsTcfLaunchDelegate.java:85) [com.xilinx.sdx.sdsoc.debug_1.0.0.202210132147.jar:?]
	at com.xilinx.sdx.sdsoc.debug.launch.SdsTcfLaunchDelegate.generateReports(SdsTcfLaunchDelegate.java:641) [com.xilinx.sdx.sdsoc.debug_1.0.0.202210132147.jar:?]
	at com.xilinx.sdx.sdsoc.debug.launch.SdsTcfLaunchDelegate.onDisconnected(SdsTcfLaunchDelegate.java:615) [com.xilinx.sdx.sdsoc.debug_1.0.0.202210132147.jar:?]
	at org.eclipse.tcf.internal.debug.ui.model.TCFModelManager$1.onDisconnected(TCFModelManager.java:79) [org.eclipse.tcf.debug.ui_1.7.0.202210132147.jar:?]
	at org.eclipse.tcf.internal.debug.model.TCFLaunch.onDisconnected(TCFLaunch.java:532) [org.eclipse.tcf.debug_1.7.0.202210132147.jar:?]
	at org.eclipse.tcf.internal.debug.model.TCFLaunch$43.onChannelClosed(TCFLaunch.java:1643) [org.eclipse.tcf.debug_1.7.0.202210132147.jar:?]
	at org.eclipse.tcf.core.AbstractChannel$9.run(AbstractChannel.java:858) [org.eclipse.tcf.core_1.7.0.202210132147.jar:?]
	at org.eclipse.tcf.EventQueue.run(EventQueue.java:98) [org.eclipse.tcf_1.7.0.202210132147.jar:?]
	at java.lang.Thread.run(Thread.java:829) [?:?]
17:12:44 INFO  : Disconnected from the channel tcfchan#139.
17:12:46 INFO  : Checking for BSP changes to sync application flags for project 'syncMain'...
17:13:02 INFO  : The hardware specification used by project 'syncMain' is out of sync with the platform. Resource files extracted from the hardware specification will be updated.
17:13:02 INFO  : The file 'E:\kevin\myCode\microBlaze100\vitisJson\syncMain\_ide\bitstream\design_1_wrapper.bit' stored in project is removed.
17:13:02 INFO  : The file 'E:\kevin\myCode\microBlaze100\vitisJson\syncMain\_ide\bitstream\design_1_wrapper.mmi' stored in project is removed.
17:13:02 INFO  : The updated bitstream files are copied from platform to folder 'E:\kevin\myCode\microBlaze100\vitisJson\syncMain\_ide\bitstream' in project 'syncMain'.
17:13:05 INFO  : Connected to target on host '127.0.0.1' and port '3121'.
17:13:05 INFO  : Jtag cable 'Digilent JTAG-HS2 201706300081' is selected.
17:13:05 INFO  : 'jtag frequency' command is executed.
17:13:05 INFO  : 'targets -set -filter {jtag_cable_name =~ "Digilent JTAG-HS2 201706300081" && level==0 && jtag_device_ctx=="jsn-JTAG-HS2-201706300081-13631093-0"}' command is executed.
17:13:08 INFO  : Device configured successfully with "E:/kevin/myCode/microBlaze100/vitisJson/syncMain/_ide/bitstream/design_1_wrapper.bit"
17:13:08 INFO  : Context for processor 'microblaze_0' is selected.
17:13:08 INFO  : Hardware design and registers information is loaded from 'E:/kevin/myCode/microBlaze100/vitisJson/syncBlaze/export/syncBlaze/hw/design_1_wrapper.xsa'.
17:13:08 INFO  : 'configparams mdm-detect-bscan-mask 2' command is executed.
17:13:08 INFO  : Context for processor 'microblaze_0' is selected.
17:13:08 INFO  : System reset is completed.
17:13:11 INFO  : 'after 3000' command is executed.
17:13:11 INFO  : Context for processor 'microblaze_0' is selected.
17:13:11 INFO  : The application 'E:/kevin/myCode/microBlaze100/vitisJson/syncMain/Debug/syncMain.elf' is downloaded to processor 'microblaze_0'.
17:13:11 INFO  : ----------------XSDB Script----------------
connect -url tcp:127.0.0.1:3121
targets -set -filter {jtag_cable_name =~ "Digilent JTAG-HS2 201706300081" && level==0 && jtag_device_ctx=="jsn-JTAG-HS2-201706300081-13631093-0"}
fpga -file E:/kevin/myCode/microBlaze100/vitisJson/syncMain/_ide/bitstream/design_1_wrapper.bit
targets -set -nocase -filter {name =~ "*microblaze*#0" && bscan=="USER2" }
loadhw -hw E:/kevin/myCode/microBlaze100/vitisJson/syncBlaze/export/syncBlaze/hw/design_1_wrapper.xsa -regs
configparams mdm-detect-bscan-mask 2
targets -set -nocase -filter {name =~ "*microblaze*#0" && bscan=="USER2" }
rst -system
after 3000
targets -set -nocase -filter {name =~ "*microblaze*#0" && bscan=="USER2" }
dow E:/kevin/myCode/microBlaze100/vitisJson/syncMain/Debug/syncMain.elf
----------------End of Script----------------

17:13:12 INFO  : Context for processor 'microblaze_0' is selected.
17:13:12 INFO  : 'con' command is executed.
17:13:12 INFO  : ----------------XSDB Script (After Launch)----------------
targets -set -nocase -filter {name =~ "*microblaze*#0" && bscan=="USER2" }
con
----------------End of Script----------------

17:13:12 INFO  : Launch script is exported to file 'E:\kevin\myCode\microBlaze100\vitisJson\syncMain_system\_ide\scripts\systemdebugger_syncmain_system_standalone.tcl'
17:14:57 INFO  : Disconnected from the channel tcfchan#141.
17:14:58 INFO  : Connected to target on host '127.0.0.1' and port '3121'.
17:14:59 INFO  : Jtag cable 'Digilent JTAG-HS2 201706300081' is selected.
17:14:59 INFO  : 'jtag frequency' command is executed.
17:14:59 INFO  : 'targets -set -filter {jtag_cable_name =~ "Digilent JTAG-HS2 201706300081" && level==0 && jtag_device_ctx=="jsn-JTAG-HS2-201706300081-13631093-0"}' command is executed.
17:15:02 INFO  : Device configured successfully with "E:/kevin/myCode/microBlaze100/vitisJson/syncMain/_ide/bitstream/design_1_wrapper.bit"
17:15:02 INFO  : Context for processor 'microblaze_0' is selected.
17:15:02 INFO  : Hardware design and registers information is loaded from 'E:/kevin/myCode/microBlaze100/vitisJson/syncBlaze/export/syncBlaze/hw/design_1_wrapper.xsa'.
17:15:02 INFO  : 'configparams mdm-detect-bscan-mask 2' command is executed.
17:15:02 INFO  : Context for processor 'microblaze_0' is selected.
17:15:02 INFO  : System reset is completed.
17:15:05 INFO  : 'after 3000' command is executed.
17:15:05 INFO  : Context for processor 'microblaze_0' is selected.
17:15:05 INFO  : The application 'E:/kevin/myCode/microBlaze100/vitisJson/syncMain/Debug/syncMain.elf' is downloaded to processor 'microblaze_0'.
17:15:05 INFO  : ----------------XSDB Script----------------
connect -url tcp:127.0.0.1:3121
targets -set -filter {jtag_cable_name =~ "Digilent JTAG-HS2 201706300081" && level==0 && jtag_device_ctx=="jsn-JTAG-HS2-201706300081-13631093-0"}
fpga -file E:/kevin/myCode/microBlaze100/vitisJson/syncMain/_ide/bitstream/design_1_wrapper.bit
targets -set -nocase -filter {name =~ "*microblaze*#0" && bscan=="USER2" }
loadhw -hw E:/kevin/myCode/microBlaze100/vitisJson/syncBlaze/export/syncBlaze/hw/design_1_wrapper.xsa -regs
configparams mdm-detect-bscan-mask 2
targets -set -nocase -filter {name =~ "*microblaze*#0" && bscan=="USER2" }
rst -system
after 3000
targets -set -nocase -filter {name =~ "*microblaze*#0" && bscan=="USER2" }
dow E:/kevin/myCode/microBlaze100/vitisJson/syncMain/Debug/syncMain.elf
----------------End of Script----------------

17:15:06 INFO  : Context for processor 'microblaze_0' is selected.
17:15:06 INFO  : 'con' command is executed.
17:15:06 INFO  : ----------------XSDB Script (After Launch)----------------
targets -set -nocase -filter {name =~ "*microblaze*#0" && bscan=="USER2" }
con
----------------End of Script----------------

17:15:06 INFO  : Launch script is exported to file 'E:\kevin\myCode\microBlaze100\vitisJson\syncMain_system\_ide\scripts\systemdebugger_syncmain_system_standalone.tcl'
17:43:27 INFO  : Disconnected from the channel tcfchan#142.
17:43:27 INFO  : Connected to target on host '127.0.0.1' and port '3121'.
17:43:27 INFO  : Jtag cable 'Digilent JTAG-HS2 201706300081' is selected.
17:43:27 INFO  : 'jtag frequency' command is executed.
17:43:27 INFO  : 'targets -set -filter {jtag_cable_name =~ "Digilent JTAG-HS2 201706300081" && level==0 && jtag_device_ctx=="jsn-JTAG-HS2-201706300081-13631093-0"}' command is executed.
17:43:31 INFO  : Device configured successfully with "E:/kevin/myCode/microBlaze100/vitisJson/syncMain/_ide/bitstream/design_1_wrapper.bit"
17:43:31 INFO  : Context for processor 'microblaze_0' is selected.
17:43:31 INFO  : Hardware design and registers information is loaded from 'E:/kevin/myCode/microBlaze100/vitisJson/syncBlaze/export/syncBlaze/hw/design_1_wrapper.xsa'.
17:43:31 INFO  : 'configparams mdm-detect-bscan-mask 2' command is executed.
17:43:31 INFO  : Context for processor 'microblaze_0' is selected.
17:43:31 INFO  : System reset is completed.
17:43:34 INFO  : 'after 3000' command is executed.
17:43:34 INFO  : Context for processor 'microblaze_0' is selected.
17:43:34 INFO  : The application 'E:/kevin/myCode/microBlaze100/vitisJson/syncMain/Debug/syncMain.elf' is downloaded to processor 'microblaze_0'.
17:43:34 INFO  : ----------------XSDB Script----------------
connect -url tcp:127.0.0.1:3121
targets -set -filter {jtag_cable_name =~ "Digilent JTAG-HS2 201706300081" && level==0 && jtag_device_ctx=="jsn-JTAG-HS2-201706300081-13631093-0"}
fpga -file E:/kevin/myCode/microBlaze100/vitisJson/syncMain/_ide/bitstream/design_1_wrapper.bit
targets -set -nocase -filter {name =~ "*microblaze*#0" && bscan=="USER2" }
loadhw -hw E:/kevin/myCode/microBlaze100/vitisJson/syncBlaze/export/syncBlaze/hw/design_1_wrapper.xsa -regs
configparams mdm-detect-bscan-mask 2
targets -set -nocase -filter {name =~ "*microblaze*#0" && bscan=="USER2" }
rst -system
after 3000
targets -set -nocase -filter {name =~ "*microblaze*#0" && bscan=="USER2" }
dow E:/kevin/myCode/microBlaze100/vitisJson/syncMain/Debug/syncMain.elf
----------------End of Script----------------

17:43:34 INFO  : Context for processor 'microblaze_0' is selected.
17:43:34 INFO  : 'con' command is executed.
17:43:34 INFO  : ----------------XSDB Script (After Launch)----------------
targets -set -nocase -filter {name =~ "*microblaze*#0" && bscan=="USER2" }
con
----------------End of Script----------------

17:43:34 INFO  : Launch script is exported to file 'E:\kevin\myCode\microBlaze100\vitisJson\syncMain_system\_ide\scripts\systemdebugger_syncmain_system_standalone.tcl'
17:43:36 INFO  : Checking for BSP changes to sync application flags for project 'syncMain'...
17:43:40 INFO  : Disconnected from the channel tcfchan#143.
17:43:42 INFO  : Connected to target on host '127.0.0.1' and port '3121'.
17:43:43 INFO  : Jtag cable 'Digilent JTAG-HS2 201706300081' is selected.
17:43:43 INFO  : 'jtag frequency' command is executed.
17:43:43 INFO  : 'targets -set -filter {jtag_cable_name =~ "Digilent JTAG-HS2 201706300081" && level==0 && jtag_device_ctx=="jsn-JTAG-HS2-201706300081-13631093-0"}' command is executed.
17:43:46 INFO  : Device configured successfully with "E:/kevin/myCode/microBlaze100/vitisJson/syncMain/_ide/bitstream/design_1_wrapper.bit"
17:43:46 INFO  : Context for processor 'microblaze_0' is selected.
17:43:46 INFO  : Hardware design and registers information is loaded from 'E:/kevin/myCode/microBlaze100/vitisJson/syncBlaze/export/syncBlaze/hw/design_1_wrapper.xsa'.
17:43:46 INFO  : 'configparams mdm-detect-bscan-mask 2' command is executed.
17:43:46 INFO  : Context for processor 'microblaze_0' is selected.
17:43:46 INFO  : System reset is completed.
17:43:49 INFO  : 'after 3000' command is executed.
17:43:49 INFO  : Context for processor 'microblaze_0' is selected.
17:43:49 INFO  : The application 'E:/kevin/myCode/microBlaze100/vitisJson/syncMain/Debug/syncMain.elf' is downloaded to processor 'microblaze_0'.
17:43:49 INFO  : ----------------XSDB Script----------------
connect -url tcp:127.0.0.1:3121
targets -set -filter {jtag_cable_name =~ "Digilent JTAG-HS2 201706300081" && level==0 && jtag_device_ctx=="jsn-JTAG-HS2-201706300081-13631093-0"}
fpga -file E:/kevin/myCode/microBlaze100/vitisJson/syncMain/_ide/bitstream/design_1_wrapper.bit
targets -set -nocase -filter {name =~ "*microblaze*#0" && bscan=="USER2" }
loadhw -hw E:/kevin/myCode/microBlaze100/vitisJson/syncBlaze/export/syncBlaze/hw/design_1_wrapper.xsa -regs
configparams mdm-detect-bscan-mask 2
targets -set -nocase -filter {name =~ "*microblaze*#0" && bscan=="USER2" }
rst -system
after 3000
targets -set -nocase -filter {name =~ "*microblaze*#0" && bscan=="USER2" }
dow E:/kevin/myCode/microBlaze100/vitisJson/syncMain/Debug/syncMain.elf
----------------End of Script----------------

17:43:49 INFO  : Context for processor 'microblaze_0' is selected.
17:43:49 INFO  : 'con' command is executed.
17:43:49 INFO  : ----------------XSDB Script (After Launch)----------------
targets -set -nocase -filter {name =~ "*microblaze*#0" && bscan=="USER2" }
con
----------------End of Script----------------

17:43:49 INFO  : Launch script is exported to file 'E:\kevin\myCode\microBlaze100\vitisJson\syncMain_system\_ide\scripts\systemdebugger_syncmain_system_standalone.tcl'
18:13:38 INFO  : Hardware specification for platform project 'syncBlaze' is updated.
18:13:52 INFO  : Result from executing command 'getProjects': syncBlaze
18:13:52 INFO  : Result from executing command 'getPlatforms': syncBlaze|E:/kevin/myCode/microBlaze100/vitisJson/syncBlaze/export/syncBlaze/syncBlaze.xpfm;xilinx_vck190_base_202220_1|D:/Xilinx202202/Vitis/2022.2/base_platforms/xilinx_vck190_base_202220_1/xilinx_vck190_base_202220_1.xpfm;xilinx_vck190_base_dfx_202220_1|D:/Xilinx202202/Vitis/2022.2/base_platforms/xilinx_vck190_base_dfx_202220_1/xilinx_vck190_base_dfx_202220_1.xpfm;xilinx_vmk180_base_202220_1|D:/Xilinx202202/Vitis/2022.2/base_platforms/xilinx_vmk180_base_202220_1/xilinx_vmk180_base_202220_1.xpfm;xilinx_zcu102_base_202220_1|D:/Xilinx202202/Vitis/2022.2/base_platforms/xilinx_zcu102_base_202220_1/xilinx_zcu102_base_202220_1.xpfm;xilinx_zcu102_base_dfx_202220_1|D:/Xilinx202202/Vitis/2022.2/base_platforms/xilinx_zcu102_base_dfx_202220_1/xilinx_zcu102_base_dfx_202220_1.xpfm;xilinx_zcu104_base_202220_1|D:/Xilinx202202/Vitis/2022.2/base_platforms/xilinx_zcu104_base_202220_1/xilinx_zcu104_base_202220_1.xpfm
18:14:15 ERROR : XSCT server calls should not be made from TCF thread.
java.lang.RuntimeException: XSCT server calls should not be made from TCF thread.
	at com.xilinx.sdk.xsdb.XSDBCommandManager.issueAndWait(XSDBCommandManager.java:392) [com.xilinx.sdk.xsdb_1.0.0.202210132147.jar:?]
	at com.xilinx.sdk.xsdb.XsdbCommandUtils.executeAndRespond(XsdbCommandUtils.java:325) [com.xilinx.sdk.xsdb_1.0.0.202210132147.jar:?]
	at com.xilinx.sdk.hw.internal.HwPlatform.dispose(HwPlatform.java:1325) [com.xilinx.sdk.hw_1.0.0.202210132147.jar:?]
	at com.xilinx.sdk.hw.internal.HwSpecFactory.removeHwSpec(HwSpecFactory.java:92) [com.xilinx.sdk.hw_1.0.0.202210132147.jar:?]
	at com.xilinx.sdk.hw.internal.HwSpecFactory.validateGetFromCache(HwSpecFactory.java:78) [com.xilinx.sdk.hw_1.0.0.202210132147.jar:?]
	at com.xilinx.sdk.hw.internal.HwSpecFactory.createHwSpec(HwSpecFactory.java:48) [com.xilinx.sdk.hw_1.0.0.202210132147.jar:?]
	at com.xilinx.sdx.sdsoc.debug.ui.SdsLaunchConfigUtil.createHwPlatform(SdsLaunchConfigUtil.java:57) [com.xilinx.sdx.sdsoc.debug.ui_1.0.0.202210132147.jar:?]
	at com.xilinx.sdx.sdsoc.debug.ui.SdsLaunchConfigModel.iniHwPlatform(SdsLaunchConfigModel.java:187) [com.xilinx.sdx.sdsoc.debug.ui_1.0.0.202210132147.jar:?]
	at com.xilinx.sdk.tcf.internal.debug.ui.common.BaseLaunchConfigModel.getHwPlatform(BaseLaunchConfigModel.java:577) [com.xilinx.sdk.tcf.debug_1.0.0.202210132147.jar:?]
	at com.xilinx.sdk.tcf.internal.debug.ui.common.BaseLaunchConfigModel.readCrossTriggerModel(BaseLaunchConfigModel.java:173) [com.xilinx.sdk.tcf.debug_1.0.0.202210132147.jar:?]
	at com.xilinx.sdk.tcf.internal.debug.ui.common.BaseLaunchConfigModel.readAndSetAttributes(BaseLaunchConfigModel.java:156) [com.xilinx.sdk.tcf.debug_1.0.0.202210132147.jar:?]
	at com.xilinx.sdx.sdsoc.debug.ui.SdsLaunchConfigModel.newInstance(SdsLaunchConfigModel.java:109) [com.xilinx.sdx.sdsoc.debug.ui_1.0.0.202210132147.jar:?]
	at com.xilinx.sdx.sdsoc.debug.launch.SdsTcfLaunchDelegate.createConfigModel(SdsTcfLaunchDelegate.java:85) [com.xilinx.sdx.sdsoc.debug_1.0.0.202210132147.jar:?]
	at com.xilinx.sdx.sdsoc.debug.launch.SdsTcfLaunchDelegate.generateReports(SdsTcfLaunchDelegate.java:641) [com.xilinx.sdx.sdsoc.debug_1.0.0.202210132147.jar:?]
	at com.xilinx.sdx.sdsoc.debug.launch.SdsTcfLaunchDelegate.onDisconnected(SdsTcfLaunchDelegate.java:615) [com.xilinx.sdx.sdsoc.debug_1.0.0.202210132147.jar:?]
	at org.eclipse.tcf.internal.debug.ui.model.TCFModelManager$1.onDisconnected(TCFModelManager.java:79) [org.eclipse.tcf.debug.ui_1.7.0.202210132147.jar:?]
	at org.eclipse.tcf.internal.debug.model.TCFLaunch.onDisconnected(TCFLaunch.java:532) [org.eclipse.tcf.debug_1.7.0.202210132147.jar:?]
	at org.eclipse.tcf.internal.debug.model.TCFLaunch$43.onChannelClosed(TCFLaunch.java:1643) [org.eclipse.tcf.debug_1.7.0.202210132147.jar:?]
	at org.eclipse.tcf.core.AbstractChannel$9.run(AbstractChannel.java:858) [org.eclipse.tcf.core_1.7.0.202210132147.jar:?]
	at org.eclipse.tcf.EventQueue.run(EventQueue.java:98) [org.eclipse.tcf_1.7.0.202210132147.jar:?]
	at java.lang.Thread.run(Thread.java:829) [?:?]
18:14:15 INFO  : Disconnected from the channel tcfchan#144.
18:14:18 INFO  : Checking for BSP changes to sync application flags for project 'syncMain'...
18:14:36 INFO  : The hardware specification used by project 'syncMain' is out of sync with the platform. Resource files extracted from the hardware specification will be updated.
18:14:36 INFO  : The file 'E:\kevin\myCode\microBlaze100\vitisJson\syncMain\_ide\bitstream\design_1_wrapper.bit' stored in project is removed.
18:14:36 INFO  : The file 'E:\kevin\myCode\microBlaze100\vitisJson\syncMain\_ide\bitstream\design_1_wrapper.mmi' stored in project is removed.
18:14:36 INFO  : The updated bitstream files are copied from platform to folder 'E:\kevin\myCode\microBlaze100\vitisJson\syncMain\_ide\bitstream' in project 'syncMain'.
18:14:39 INFO  : Connected to target on host '127.0.0.1' and port '3121'.
18:14:39 INFO  : Jtag cable 'Digilent JTAG-HS2 201706300081' is selected.
18:14:39 INFO  : 'jtag frequency' command is executed.
18:14:39 INFO  : 'targets -set -filter {jtag_cable_name =~ "Digilent JTAG-HS2 201706300081" && level==0 && jtag_device_ctx=="jsn-JTAG-HS2-201706300081-13631093-0"}' command is executed.
18:14:42 INFO  : Device configured successfully with "E:/kevin/myCode/microBlaze100/vitisJson/syncMain/_ide/bitstream/design_1_wrapper.bit"
18:14:42 INFO  : Context for processor 'microblaze_0' is selected.
18:14:42 INFO  : Hardware design and registers information is loaded from 'E:/kevin/myCode/microBlaze100/vitisJson/syncBlaze/export/syncBlaze/hw/design_1_wrapper.xsa'.
18:14:42 INFO  : 'configparams mdm-detect-bscan-mask 2' command is executed.
18:14:42 INFO  : Context for processor 'microblaze_0' is selected.
18:14:42 INFO  : System reset is completed.
18:14:45 INFO  : 'after 3000' command is executed.
18:14:45 INFO  : Context for processor 'microblaze_0' is selected.
18:14:46 INFO  : The application 'E:/kevin/myCode/microBlaze100/vitisJson/syncMain/Debug/syncMain.elf' is downloaded to processor 'microblaze_0'.
18:14:46 INFO  : ----------------XSDB Script----------------
connect -url tcp:127.0.0.1:3121
targets -set -filter {jtag_cable_name =~ "Digilent JTAG-HS2 201706300081" && level==0 && jtag_device_ctx=="jsn-JTAG-HS2-201706300081-13631093-0"}
fpga -file E:/kevin/myCode/microBlaze100/vitisJson/syncMain/_ide/bitstream/design_1_wrapper.bit
targets -set -nocase -filter {name =~ "*microblaze*#0" && bscan=="USER2" }
loadhw -hw E:/kevin/myCode/microBlaze100/vitisJson/syncBlaze/export/syncBlaze/hw/design_1_wrapper.xsa -regs
configparams mdm-detect-bscan-mask 2
targets -set -nocase -filter {name =~ "*microblaze*#0" && bscan=="USER2" }
rst -system
after 3000
targets -set -nocase -filter {name =~ "*microblaze*#0" && bscan=="USER2" }
dow E:/kevin/myCode/microBlaze100/vitisJson/syncMain/Debug/syncMain.elf
----------------End of Script----------------

18:14:46 INFO  : Context for processor 'microblaze_0' is selected.
18:14:46 INFO  : 'con' command is executed.
18:14:46 INFO  : ----------------XSDB Script (After Launch)----------------
targets -set -nocase -filter {name =~ "*microblaze*#0" && bscan=="USER2" }
con
----------------End of Script----------------

18:14:46 INFO  : Launch script is exported to file 'E:\kevin\myCode\microBlaze100\vitisJson\syncMain_system\_ide\scripts\systemdebugger_syncmain_system_standalone.tcl'
18:16:41 INFO  : Disconnected from the channel tcfchan#146.
18:16:42 INFO  : Checking for BSP changes to sync application flags for project 'syncMain'...
18:16:54 INFO  : Connected to target on host '127.0.0.1' and port '3121'.
18:16:54 INFO  : Jtag cable 'Digilent JTAG-HS2 201706300081' is selected.
18:16:54 INFO  : 'jtag frequency' command is executed.
18:16:54 INFO  : 'targets -set -filter {jtag_cable_name =~ "Digilent JTAG-HS2 201706300081" && level==0 && jtag_device_ctx=="jsn-JTAG-HS2-201706300081-13631093-0"}' command is executed.
18:16:58 INFO  : Device configured successfully with "E:/kevin/myCode/microBlaze100/vitisJson/syncMain/_ide/bitstream/design_1_wrapper.bit"
18:16:58 INFO  : Context for processor 'microblaze_0' is selected.
18:16:58 INFO  : Hardware design and registers information is loaded from 'E:/kevin/myCode/microBlaze100/vitisJson/syncBlaze/export/syncBlaze/hw/design_1_wrapper.xsa'.
18:16:58 INFO  : 'configparams mdm-detect-bscan-mask 2' command is executed.
18:16:58 INFO  : Context for processor 'microblaze_0' is selected.
18:16:58 INFO  : System reset is completed.
18:17:01 INFO  : 'after 3000' command is executed.
18:17:01 INFO  : Context for processor 'microblaze_0' is selected.
18:17:01 INFO  : The application 'E:/kevin/myCode/microBlaze100/vitisJson/syncMain/Debug/syncMain.elf' is downloaded to processor 'microblaze_0'.
18:17:01 INFO  : ----------------XSDB Script----------------
connect -url tcp:127.0.0.1:3121
targets -set -filter {jtag_cable_name =~ "Digilent JTAG-HS2 201706300081" && level==0 && jtag_device_ctx=="jsn-JTAG-HS2-201706300081-13631093-0"}
fpga -file E:/kevin/myCode/microBlaze100/vitisJson/syncMain/_ide/bitstream/design_1_wrapper.bit
targets -set -nocase -filter {name =~ "*microblaze*#0" && bscan=="USER2" }
loadhw -hw E:/kevin/myCode/microBlaze100/vitisJson/syncBlaze/export/syncBlaze/hw/design_1_wrapper.xsa -regs
configparams mdm-detect-bscan-mask 2
targets -set -nocase -filter {name =~ "*microblaze*#0" && bscan=="USER2" }
rst -system
after 3000
targets -set -nocase -filter {name =~ "*microblaze*#0" && bscan=="USER2" }
dow E:/kevin/myCode/microBlaze100/vitisJson/syncMain/Debug/syncMain.elf
----------------End of Script----------------

18:17:01 INFO  : Context for processor 'microblaze_0' is selected.
18:17:01 INFO  : 'con' command is executed.
18:17:01 INFO  : ----------------XSDB Script (After Launch)----------------
targets -set -nocase -filter {name =~ "*microblaze*#0" && bscan=="USER2" }
con
----------------End of Script----------------

18:17:01 INFO  : Launch script is exported to file 'E:\kevin\myCode\microBlaze100\vitisJson\syncMain_system\_ide\scripts\systemdebugger_syncmain_system_standalone.tcl'
14:53:38 INFO  : Disconnected from the channel tcfchan#147.
14:53:40 INFO  : Connected to target on host '127.0.0.1' and port '3121'.
14:53:40 INFO  : Jtag cable 'Digilent JTAG-HS2 201706300081' is selected.
14:53:40 INFO  : 'jtag frequency' command is executed.
14:53:40 INFO  : 'targets -set -filter {jtag_cable_name =~ "Digilent JTAG-HS2 201706300081" && level==0 && jtag_device_ctx=="jsn-JTAG-HS2-201706300081-13631093-0"}' command is executed.
14:53:44 INFO  : Device configured successfully with "E:/kevin/myCode/microBlaze100/vitisJson/syncMain/_ide/bitstream/design_1_wrapper.bit"
14:53:44 INFO  : Context for processor 'microblaze_0' is selected.
14:53:44 INFO  : Hardware design and registers information is loaded from 'E:/kevin/myCode/microBlaze100/vitisJson/syncBlaze/export/syncBlaze/hw/design_1_wrapper.xsa'.
14:53:44 INFO  : 'configparams mdm-detect-bscan-mask 2' command is executed.
14:53:44 INFO  : Context for processor 'microblaze_0' is selected.
14:53:44 INFO  : System reset is completed.
14:53:47 INFO  : 'after 3000' command is executed.
14:53:47 INFO  : Context for processor 'microblaze_0' is selected.
14:53:48 INFO  : The application 'E:/kevin/myCode/microBlaze100/vitisJson/syncMain/Debug/syncMain.elf' is downloaded to processor 'microblaze_0'.
14:53:48 INFO  : ----------------XSDB Script----------------
connect -url tcp:127.0.0.1:3121
targets -set -filter {jtag_cable_name =~ "Digilent JTAG-HS2 201706300081" && level==0 && jtag_device_ctx=="jsn-JTAG-HS2-201706300081-13631093-0"}
fpga -file E:/kevin/myCode/microBlaze100/vitisJson/syncMain/_ide/bitstream/design_1_wrapper.bit
targets -set -nocase -filter {name =~ "*microblaze*#0" && bscan=="USER2" }
loadhw -hw E:/kevin/myCode/microBlaze100/vitisJson/syncBlaze/export/syncBlaze/hw/design_1_wrapper.xsa -regs
configparams mdm-detect-bscan-mask 2
targets -set -nocase -filter {name =~ "*microblaze*#0" && bscan=="USER2" }
rst -system
after 3000
targets -set -nocase -filter {name =~ "*microblaze*#0" && bscan=="USER2" }
dow E:/kevin/myCode/microBlaze100/vitisJson/syncMain/Debug/syncMain.elf
----------------End of Script----------------

14:53:48 INFO  : Context for processor 'microblaze_0' is selected.
14:53:48 INFO  : 'con' command is executed.
14:53:48 INFO  : ----------------XSDB Script (After Launch)----------------
targets -set -nocase -filter {name =~ "*microblaze*#0" && bscan=="USER2" }
con
----------------End of Script----------------

14:53:48 INFO  : Launch script is exported to file 'E:\kevin\myCode\microBlaze100\vitisJson\syncMain_system\_ide\scripts\systemdebugger_syncmain_system_standalone.tcl'
14:58:23 INFO  : Disconnected from the channel tcfchan#148.
14:58:23 INFO  : Checking for BSP changes to sync application flags for project 'syncMain'...
14:58:36 INFO  : Hardware specification for platform project 'syncBlaze' is updated.
14:59:01 INFO  : Result from executing command 'getProjects': syncBlaze
14:59:01 INFO  : Result from executing command 'getPlatforms': syncBlaze|E:/kevin/myCode/microBlaze100/vitisJson/syncBlaze/export/syncBlaze/syncBlaze.xpfm;xilinx_vck190_base_202220_1|D:/Xilinx202202/Vitis/2022.2/base_platforms/xilinx_vck190_base_202220_1/xilinx_vck190_base_202220_1.xpfm;xilinx_vck190_base_dfx_202220_1|D:/Xilinx202202/Vitis/2022.2/base_platforms/xilinx_vck190_base_dfx_202220_1/xilinx_vck190_base_dfx_202220_1.xpfm;xilinx_vmk180_base_202220_1|D:/Xilinx202202/Vitis/2022.2/base_platforms/xilinx_vmk180_base_202220_1/xilinx_vmk180_base_202220_1.xpfm;xilinx_zcu102_base_202220_1|D:/Xilinx202202/Vitis/2022.2/base_platforms/xilinx_zcu102_base_202220_1/xilinx_zcu102_base_202220_1.xpfm;xilinx_zcu102_base_dfx_202220_1|D:/Xilinx202202/Vitis/2022.2/base_platforms/xilinx_zcu102_base_dfx_202220_1/xilinx_zcu102_base_dfx_202220_1.xpfm;xilinx_zcu104_base_202220_1|D:/Xilinx202202/Vitis/2022.2/base_platforms/xilinx_zcu104_base_202220_1/xilinx_zcu104_base_202220_1.xpfm
14:59:14 INFO  : Checking for BSP changes to sync application flags for project 'syncMain'...
14:59:43 INFO  : The hardware specification used by project 'syncMain' is out of sync with the platform. Resource files extracted from the hardware specification will be updated.
14:59:43 INFO  : The file 'E:\kevin\myCode\microBlaze100\vitisJson\syncMain\_ide\bitstream\design_1_wrapper.bit' stored in project is removed.
14:59:43 INFO  : The file 'E:\kevin\myCode\microBlaze100\vitisJson\syncMain\_ide\bitstream\design_1_wrapper.mmi' stored in project is removed.
14:59:43 INFO  : The updated bitstream files are copied from platform to folder 'E:\kevin\myCode\microBlaze100\vitisJson\syncMain\_ide\bitstream' in project 'syncMain'.
14:59:46 INFO  : Connected to target on host '127.0.0.1' and port '3121'.
14:59:46 INFO  : Jtag cable 'Digilent JTAG-HS2 201706300081' is selected.
14:59:46 INFO  : 'jtag frequency' command is executed.
14:59:46 INFO  : 'targets -set -filter {jtag_cable_name =~ "Digilent JTAG-HS2 201706300081" && level==0 && jtag_device_ctx=="jsn-JTAG-HS2-201706300081-13631093-0"}' command is executed.
14:59:49 INFO  : Device configured successfully with "E:/kevin/myCode/microBlaze100/vitisJson/syncMain/_ide/bitstream/design_1_wrapper.bit"
14:59:49 INFO  : Context for processor 'microblaze_0' is selected.
14:59:49 INFO  : Hardware design and registers information is loaded from 'E:/kevin/myCode/microBlaze100/vitisJson/syncBlaze/export/syncBlaze/hw/design_1_wrapper.xsa'.
14:59:49 INFO  : 'configparams mdm-detect-bscan-mask 2' command is executed.
14:59:49 INFO  : Context for processor 'microblaze_0' is selected.
14:59:49 INFO  : System reset is completed.
14:59:52 INFO  : 'after 3000' command is executed.
14:59:52 INFO  : Context for processor 'microblaze_0' is selected.
14:59:52 INFO  : The application 'E:/kevin/myCode/microBlaze100/vitisJson/syncMain/Debug/syncMain.elf' is downloaded to processor 'microblaze_0'.
14:59:52 INFO  : ----------------XSDB Script----------------
connect -url tcp:127.0.0.1:3121
targets -set -filter {jtag_cable_name =~ "Digilent JTAG-HS2 201706300081" && level==0 && jtag_device_ctx=="jsn-JTAG-HS2-201706300081-13631093-0"}
fpga -file E:/kevin/myCode/microBlaze100/vitisJson/syncMain/_ide/bitstream/design_1_wrapper.bit
targets -set -nocase -filter {name =~ "*microblaze*#0" && bscan=="USER2" }
loadhw -hw E:/kevin/myCode/microBlaze100/vitisJson/syncBlaze/export/syncBlaze/hw/design_1_wrapper.xsa -regs
configparams mdm-detect-bscan-mask 2
targets -set -nocase -filter {name =~ "*microblaze*#0" && bscan=="USER2" }
rst -system
after 3000
targets -set -nocase -filter {name =~ "*microblaze*#0" && bscan=="USER2" }
dow E:/kevin/myCode/microBlaze100/vitisJson/syncMain/Debug/syncMain.elf
----------------End of Script----------------

14:59:53 INFO  : Context for processor 'microblaze_0' is selected.
14:59:53 INFO  : 'con' command is executed.
14:59:53 INFO  : ----------------XSDB Script (After Launch)----------------
targets -set -nocase -filter {name =~ "*microblaze*#0" && bscan=="USER2" }
con
----------------End of Script----------------

14:59:53 INFO  : Launch script is exported to file 'E:\kevin\myCode\microBlaze100\vitisJson\syncMain_system\_ide\scripts\systemdebugger_syncmain_system_standalone.tcl'
15:19:08 INFO  : Hardware specification for platform project 'syncBlaze' is updated.
15:19:25 INFO  : Result from executing command 'getProjects': syncBlaze
15:19:25 INFO  : Result from executing command 'getPlatforms': syncBlaze|E:/kevin/myCode/microBlaze100/vitisJson/syncBlaze/export/syncBlaze/syncBlaze.xpfm;xilinx_vck190_base_202220_1|D:/Xilinx202202/Vitis/2022.2/base_platforms/xilinx_vck190_base_202220_1/xilinx_vck190_base_202220_1.xpfm;xilinx_vck190_base_dfx_202220_1|D:/Xilinx202202/Vitis/2022.2/base_platforms/xilinx_vck190_base_dfx_202220_1/xilinx_vck190_base_dfx_202220_1.xpfm;xilinx_vmk180_base_202220_1|D:/Xilinx202202/Vitis/2022.2/base_platforms/xilinx_vmk180_base_202220_1/xilinx_vmk180_base_202220_1.xpfm;xilinx_zcu102_base_202220_1|D:/Xilinx202202/Vitis/2022.2/base_platforms/xilinx_zcu102_base_202220_1/xilinx_zcu102_base_202220_1.xpfm;xilinx_zcu102_base_dfx_202220_1|D:/Xilinx202202/Vitis/2022.2/base_platforms/xilinx_zcu102_base_dfx_202220_1/xilinx_zcu102_base_dfx_202220_1.xpfm;xilinx_zcu104_base_202220_1|D:/Xilinx202202/Vitis/2022.2/base_platforms/xilinx_zcu104_base_202220_1/xilinx_zcu104_base_202220_1.xpfm
15:19:31 ERROR : XSCT server calls should not be made from TCF thread.
java.lang.RuntimeException: XSCT server calls should not be made from TCF thread.
	at com.xilinx.sdk.xsdb.XSDBCommandManager.issueAndWait(XSDBCommandManager.java:392) [com.xilinx.sdk.xsdb_1.0.0.202210132147.jar:?]
	at com.xilinx.sdk.xsdb.XsdbCommandUtils.executeAndRespond(XsdbCommandUtils.java:325) [com.xilinx.sdk.xsdb_1.0.0.202210132147.jar:?]
	at com.xilinx.sdk.hw.internal.HwPlatform.dispose(HwPlatform.java:1325) [com.xilinx.sdk.hw_1.0.0.202210132147.jar:?]
	at com.xilinx.sdk.hw.internal.HwSpecFactory.removeHwSpec(HwSpecFactory.java:92) [com.xilinx.sdk.hw_1.0.0.202210132147.jar:?]
	at com.xilinx.sdk.hw.internal.HwSpecFactory.validateGetFromCache(HwSpecFactory.java:78) [com.xilinx.sdk.hw_1.0.0.202210132147.jar:?]
	at com.xilinx.sdk.hw.internal.HwSpecFactory.createHwSpec(HwSpecFactory.java:48) [com.xilinx.sdk.hw_1.0.0.202210132147.jar:?]
	at com.xilinx.sdx.sdsoc.debug.ui.SdsLaunchConfigUtil.createHwPlatform(SdsLaunchConfigUtil.java:57) [com.xilinx.sdx.sdsoc.debug.ui_1.0.0.202210132147.jar:?]
	at com.xilinx.sdx.sdsoc.debug.ui.SdsLaunchConfigModel.iniHwPlatform(SdsLaunchConfigModel.java:187) [com.xilinx.sdx.sdsoc.debug.ui_1.0.0.202210132147.jar:?]
	at com.xilinx.sdk.tcf.internal.debug.ui.common.BaseLaunchConfigModel.getHwPlatform(BaseLaunchConfigModel.java:577) [com.xilinx.sdk.tcf.debug_1.0.0.202210132147.jar:?]
	at com.xilinx.sdk.tcf.internal.debug.ui.common.BaseLaunchConfigModel.readCrossTriggerModel(BaseLaunchConfigModel.java:173) [com.xilinx.sdk.tcf.debug_1.0.0.202210132147.jar:?]
	at com.xilinx.sdk.tcf.internal.debug.ui.common.BaseLaunchConfigModel.readAndSetAttributes(BaseLaunchConfigModel.java:156) [com.xilinx.sdk.tcf.debug_1.0.0.202210132147.jar:?]
	at com.xilinx.sdx.sdsoc.debug.ui.SdsLaunchConfigModel.newInstance(SdsLaunchConfigModel.java:109) [com.xilinx.sdx.sdsoc.debug.ui_1.0.0.202210132147.jar:?]
	at com.xilinx.sdx.sdsoc.debug.launch.SdsTcfLaunchDelegate.createConfigModel(SdsTcfLaunchDelegate.java:85) [com.xilinx.sdx.sdsoc.debug_1.0.0.202210132147.jar:?]
	at com.xilinx.sdx.sdsoc.debug.launch.SdsTcfLaunchDelegate.generateReports(SdsTcfLaunchDelegate.java:641) [com.xilinx.sdx.sdsoc.debug_1.0.0.202210132147.jar:?]
	at com.xilinx.sdx.sdsoc.debug.launch.SdsTcfLaunchDelegate.onDisconnected(SdsTcfLaunchDelegate.java:615) [com.xilinx.sdx.sdsoc.debug_1.0.0.202210132147.jar:?]
	at org.eclipse.tcf.internal.debug.ui.model.TCFModelManager$1.onDisconnected(TCFModelManager.java:79) [org.eclipse.tcf.debug.ui_1.7.0.202210132147.jar:?]
	at org.eclipse.tcf.internal.debug.model.TCFLaunch.onDisconnected(TCFLaunch.java:532) [org.eclipse.tcf.debug_1.7.0.202210132147.jar:?]
	at org.eclipse.tcf.internal.debug.model.TCFLaunch$43.onChannelClosed(TCFLaunch.java:1643) [org.eclipse.tcf.debug_1.7.0.202210132147.jar:?]
	at org.eclipse.tcf.core.AbstractChannel$9.run(AbstractChannel.java:858) [org.eclipse.tcf.core_1.7.0.202210132147.jar:?]
	at org.eclipse.tcf.EventQueue.run(EventQueue.java:98) [org.eclipse.tcf_1.7.0.202210132147.jar:?]
	at java.lang.Thread.run(Thread.java:829) [?:?]
15:19:31 INFO  : Disconnected from the channel tcfchan#150.
15:19:37 INFO  : Checking for BSP changes to sync application flags for project 'syncMain'...
15:19:51 INFO  : The hardware specification used by project 'syncMain' is out of sync with the platform. Resource files extracted from the hardware specification will be updated.
15:19:51 INFO  : The file 'E:\kevin\myCode\microBlaze100\vitisJson\syncMain\_ide\bitstream\design_1_wrapper.bit' stored in project is removed.
15:19:51 INFO  : The file 'E:\kevin\myCode\microBlaze100\vitisJson\syncMain\_ide\bitstream\design_1_wrapper.mmi' stored in project is removed.
15:19:51 INFO  : The updated bitstream files are copied from platform to folder 'E:\kevin\myCode\microBlaze100\vitisJson\syncMain\_ide\bitstream' in project 'syncMain'.
15:19:54 INFO  : Connected to target on host '127.0.0.1' and port '3121'.
15:19:54 INFO  : Jtag cable 'Digilent JTAG-HS2 201706300081' is selected.
15:19:54 INFO  : 'jtag frequency' command is executed.
15:19:54 INFO  : 'targets -set -filter {jtag_cable_name =~ "Digilent JTAG-HS2 201706300081" && level==0 && jtag_device_ctx=="jsn-JTAG-HS2-201706300081-13631093-0"}' command is executed.
15:19:57 INFO  : Device configured successfully with "E:/kevin/myCode/microBlaze100/vitisJson/syncMain/_ide/bitstream/design_1_wrapper.bit"
15:19:57 INFO  : Context for processor 'microblaze_0' is selected.
15:19:57 INFO  : Hardware design and registers information is loaded from 'E:/kevin/myCode/microBlaze100/vitisJson/syncBlaze/export/syncBlaze/hw/design_1_wrapper.xsa'.
15:19:57 INFO  : 'configparams mdm-detect-bscan-mask 2' command is executed.
15:19:57 INFO  : Context for processor 'microblaze_0' is selected.
15:19:57 INFO  : System reset is completed.
15:20:00 INFO  : 'after 3000' command is executed.
15:20:00 INFO  : Context for processor 'microblaze_0' is selected.
15:20:00 INFO  : The application 'E:/kevin/myCode/microBlaze100/vitisJson/syncMain/Debug/syncMain.elf' is downloaded to processor 'microblaze_0'.
15:20:00 INFO  : ----------------XSDB Script----------------
connect -url tcp:127.0.0.1:3121
targets -set -filter {jtag_cable_name =~ "Digilent JTAG-HS2 201706300081" && level==0 && jtag_device_ctx=="jsn-JTAG-HS2-201706300081-13631093-0"}
fpga -file E:/kevin/myCode/microBlaze100/vitisJson/syncMain/_ide/bitstream/design_1_wrapper.bit
targets -set -nocase -filter {name =~ "*microblaze*#0" && bscan=="USER2" }
loadhw -hw E:/kevin/myCode/microBlaze100/vitisJson/syncBlaze/export/syncBlaze/hw/design_1_wrapper.xsa -regs
configparams mdm-detect-bscan-mask 2
targets -set -nocase -filter {name =~ "*microblaze*#0" && bscan=="USER2" }
rst -system
after 3000
targets -set -nocase -filter {name =~ "*microblaze*#0" && bscan=="USER2" }
dow E:/kevin/myCode/microBlaze100/vitisJson/syncMain/Debug/syncMain.elf
----------------End of Script----------------

15:20:01 INFO  : Context for processor 'microblaze_0' is selected.
15:20:01 INFO  : 'con' command is executed.
15:20:01 INFO  : ----------------XSDB Script (After Launch)----------------
targets -set -nocase -filter {name =~ "*microblaze*#0" && bscan=="USER2" }
con
----------------End of Script----------------

15:20:01 INFO  : Launch script is exported to file 'E:\kevin\myCode\microBlaze100\vitisJson\syncMain_system\_ide\scripts\systemdebugger_syncmain_system_standalone.tcl'
15:41:44 INFO  : Hardware specification for platform project 'syncBlaze' is updated.
15:41:57 INFO  : Result from executing command 'getProjects': syncBlaze
15:41:57 INFO  : Result from executing command 'getPlatforms': syncBlaze|E:/kevin/myCode/microBlaze100/vitisJson/syncBlaze/export/syncBlaze/syncBlaze.xpfm;xilinx_vck190_base_202220_1|D:/Xilinx202202/Vitis/2022.2/base_platforms/xilinx_vck190_base_202220_1/xilinx_vck190_base_202220_1.xpfm;xilinx_vck190_base_dfx_202220_1|D:/Xilinx202202/Vitis/2022.2/base_platforms/xilinx_vck190_base_dfx_202220_1/xilinx_vck190_base_dfx_202220_1.xpfm;xilinx_vmk180_base_202220_1|D:/Xilinx202202/Vitis/2022.2/base_platforms/xilinx_vmk180_base_202220_1/xilinx_vmk180_base_202220_1.xpfm;xilinx_zcu102_base_202220_1|D:/Xilinx202202/Vitis/2022.2/base_platforms/xilinx_zcu102_base_202220_1/xilinx_zcu102_base_202220_1.xpfm;xilinx_zcu102_base_dfx_202220_1|D:/Xilinx202202/Vitis/2022.2/base_platforms/xilinx_zcu102_base_dfx_202220_1/xilinx_zcu102_base_dfx_202220_1.xpfm;xilinx_zcu104_base_202220_1|D:/Xilinx202202/Vitis/2022.2/base_platforms/xilinx_zcu104_base_202220_1/xilinx_zcu104_base_202220_1.xpfm
15:42:05 ERROR : XSCT server calls should not be made from TCF thread.
java.lang.RuntimeException: XSCT server calls should not be made from TCF thread.
	at com.xilinx.sdk.xsdb.XSDBCommandManager.issueAndWait(XSDBCommandManager.java:392) [com.xilinx.sdk.xsdb_1.0.0.202210132147.jar:?]
	at com.xilinx.sdk.xsdb.XsdbCommandUtils.executeAndRespond(XsdbCommandUtils.java:325) [com.xilinx.sdk.xsdb_1.0.0.202210132147.jar:?]
	at com.xilinx.sdk.hw.internal.HwPlatform.dispose(HwPlatform.java:1325) [com.xilinx.sdk.hw_1.0.0.202210132147.jar:?]
	at com.xilinx.sdk.hw.internal.HwSpecFactory.removeHwSpec(HwSpecFactory.java:92) [com.xilinx.sdk.hw_1.0.0.202210132147.jar:?]
	at com.xilinx.sdk.hw.internal.HwSpecFactory.validateGetFromCache(HwSpecFactory.java:78) [com.xilinx.sdk.hw_1.0.0.202210132147.jar:?]
	at com.xilinx.sdk.hw.internal.HwSpecFactory.createHwSpec(HwSpecFactory.java:48) [com.xilinx.sdk.hw_1.0.0.202210132147.jar:?]
	at com.xilinx.sdx.sdsoc.debug.ui.SdsLaunchConfigUtil.createHwPlatform(SdsLaunchConfigUtil.java:57) [com.xilinx.sdx.sdsoc.debug.ui_1.0.0.202210132147.jar:?]
	at com.xilinx.sdx.sdsoc.debug.ui.SdsLaunchConfigModel.iniHwPlatform(SdsLaunchConfigModel.java:187) [com.xilinx.sdx.sdsoc.debug.ui_1.0.0.202210132147.jar:?]
	at com.xilinx.sdk.tcf.internal.debug.ui.common.BaseLaunchConfigModel.getHwPlatform(BaseLaunchConfigModel.java:577) [com.xilinx.sdk.tcf.debug_1.0.0.202210132147.jar:?]
	at com.xilinx.sdk.tcf.internal.debug.ui.common.BaseLaunchConfigModel.readCrossTriggerModel(BaseLaunchConfigModel.java:173) [com.xilinx.sdk.tcf.debug_1.0.0.202210132147.jar:?]
	at com.xilinx.sdk.tcf.internal.debug.ui.common.BaseLaunchConfigModel.readAndSetAttributes(BaseLaunchConfigModel.java:156) [com.xilinx.sdk.tcf.debug_1.0.0.202210132147.jar:?]
	at com.xilinx.sdx.sdsoc.debug.ui.SdsLaunchConfigModel.newInstance(SdsLaunchConfigModel.java:109) [com.xilinx.sdx.sdsoc.debug.ui_1.0.0.202210132147.jar:?]
	at com.xilinx.sdx.sdsoc.debug.launch.SdsTcfLaunchDelegate.createConfigModel(SdsTcfLaunchDelegate.java:85) [com.xilinx.sdx.sdsoc.debug_1.0.0.202210132147.jar:?]
	at com.xilinx.sdx.sdsoc.debug.launch.SdsTcfLaunchDelegate.generateReports(SdsTcfLaunchDelegate.java:641) [com.xilinx.sdx.sdsoc.debug_1.0.0.202210132147.jar:?]
	at com.xilinx.sdx.sdsoc.debug.launch.SdsTcfLaunchDelegate.onDisconnected(SdsTcfLaunchDelegate.java:615) [com.xilinx.sdx.sdsoc.debug_1.0.0.202210132147.jar:?]
	at org.eclipse.tcf.internal.debug.ui.model.TCFModelManager$1.onDisconnected(TCFModelManager.java:79) [org.eclipse.tcf.debug.ui_1.7.0.202210132147.jar:?]
	at org.eclipse.tcf.internal.debug.model.TCFLaunch.onDisconnected(TCFLaunch.java:532) [org.eclipse.tcf.debug_1.7.0.202210132147.jar:?]
	at org.eclipse.tcf.internal.debug.model.TCFLaunch$43.onChannelClosed(TCFLaunch.java:1643) [org.eclipse.tcf.debug_1.7.0.202210132147.jar:?]
	at org.eclipse.tcf.core.AbstractChannel$9.run(AbstractChannel.java:858) [org.eclipse.tcf.core_1.7.0.202210132147.jar:?]
	at org.eclipse.tcf.EventQueue.run(EventQueue.java:98) [org.eclipse.tcf_1.7.0.202210132147.jar:?]
	at java.lang.Thread.run(Thread.java:829) [?:?]
15:42:05 INFO  : Disconnected from the channel tcfchan#152.
15:42:12 INFO  : Checking for BSP changes to sync application flags for project 'syncMain'...
15:42:19 INFO  : The hardware specification used by project 'syncMain' is out of sync with the platform. Resource files extracted from the hardware specification will be updated.
15:42:19 INFO  : The file 'E:\kevin\myCode\microBlaze100\vitisJson\syncMain\_ide\bitstream\design_1_wrapper.bit' stored in project is removed.
15:42:19 INFO  : The file 'E:\kevin\myCode\microBlaze100\vitisJson\syncMain\_ide\bitstream\design_1_wrapper.mmi' stored in project is removed.
15:42:19 INFO  : The updated bitstream files are copied from platform to folder 'E:\kevin\myCode\microBlaze100\vitisJson\syncMain\_ide\bitstream' in project 'syncMain'.
15:42:22 INFO  : Connected to target on host '127.0.0.1' and port '3121'.
15:42:22 INFO  : Jtag cable 'Digilent JTAG-HS2 201706300081' is selected.
15:42:22 INFO  : 'jtag frequency' command is executed.
15:42:22 INFO  : 'targets -set -filter {jtag_cable_name =~ "Digilent JTAG-HS2 201706300081" && level==0 && jtag_device_ctx=="jsn-JTAG-HS2-201706300081-13631093-0"}' command is executed.
15:42:25 INFO  : Device configured successfully with "E:/kevin/myCode/microBlaze100/vitisJson/syncMain/_ide/bitstream/design_1_wrapper.bit"
15:42:25 INFO  : Context for processor 'microblaze_0' is selected.
15:42:25 INFO  : Hardware design and registers information is loaded from 'E:/kevin/myCode/microBlaze100/vitisJson/syncBlaze/export/syncBlaze/hw/design_1_wrapper.xsa'.
15:42:25 INFO  : 'configparams mdm-detect-bscan-mask 2' command is executed.
15:42:25 INFO  : Context for processor 'microblaze_0' is selected.
15:42:25 INFO  : System reset is completed.
15:42:28 INFO  : 'after 3000' command is executed.
15:42:28 INFO  : Context for processor 'microblaze_0' is selected.
15:42:29 INFO  : The application 'E:/kevin/myCode/microBlaze100/vitisJson/syncMain/Debug/syncMain.elf' is downloaded to processor 'microblaze_0'.
15:42:29 INFO  : ----------------XSDB Script----------------
connect -url tcp:127.0.0.1:3121
targets -set -filter {jtag_cable_name =~ "Digilent JTAG-HS2 201706300081" && level==0 && jtag_device_ctx=="jsn-JTAG-HS2-201706300081-13631093-0"}
fpga -file E:/kevin/myCode/microBlaze100/vitisJson/syncMain/_ide/bitstream/design_1_wrapper.bit
targets -set -nocase -filter {name =~ "*microblaze*#0" && bscan=="USER2" }
loadhw -hw E:/kevin/myCode/microBlaze100/vitisJson/syncBlaze/export/syncBlaze/hw/design_1_wrapper.xsa -regs
configparams mdm-detect-bscan-mask 2
targets -set -nocase -filter {name =~ "*microblaze*#0" && bscan=="USER2" }
rst -system
after 3000
targets -set -nocase -filter {name =~ "*microblaze*#0" && bscan=="USER2" }
dow E:/kevin/myCode/microBlaze100/vitisJson/syncMain/Debug/syncMain.elf
----------------End of Script----------------

15:42:29 INFO  : Context for processor 'microblaze_0' is selected.
15:42:29 INFO  : 'con' command is executed.
15:42:29 INFO  : ----------------XSDB Script (After Launch)----------------
targets -set -nocase -filter {name =~ "*microblaze*#0" && bscan=="USER2" }
con
----------------End of Script----------------

15:42:29 INFO  : Launch script is exported to file 'E:\kevin\myCode\microBlaze100\vitisJson\syncMain_system\_ide\scripts\systemdebugger_syncmain_system_standalone.tcl'
15:59:11 INFO  : Hardware specification for platform project 'syncBlaze' is updated.
15:59:21 INFO  : Result from executing command 'getProjects': syncBlaze
15:59:21 INFO  : Result from executing command 'getPlatforms': syncBlaze|E:/kevin/myCode/microBlaze100/vitisJson/syncBlaze/export/syncBlaze/syncBlaze.xpfm;xilinx_vck190_base_202220_1|D:/Xilinx202202/Vitis/2022.2/base_platforms/xilinx_vck190_base_202220_1/xilinx_vck190_base_202220_1.xpfm;xilinx_vck190_base_dfx_202220_1|D:/Xilinx202202/Vitis/2022.2/base_platforms/xilinx_vck190_base_dfx_202220_1/xilinx_vck190_base_dfx_202220_1.xpfm;xilinx_vmk180_base_202220_1|D:/Xilinx202202/Vitis/2022.2/base_platforms/xilinx_vmk180_base_202220_1/xilinx_vmk180_base_202220_1.xpfm;xilinx_zcu102_base_202220_1|D:/Xilinx202202/Vitis/2022.2/base_platforms/xilinx_zcu102_base_202220_1/xilinx_zcu102_base_202220_1.xpfm;xilinx_zcu102_base_dfx_202220_1|D:/Xilinx202202/Vitis/2022.2/base_platforms/xilinx_zcu102_base_dfx_202220_1/xilinx_zcu102_base_dfx_202220_1.xpfm;xilinx_zcu104_base_202220_1|D:/Xilinx202202/Vitis/2022.2/base_platforms/xilinx_zcu104_base_202220_1/xilinx_zcu104_base_202220_1.xpfm
15:59:26 ERROR : XSCT server calls should not be made from TCF thread.
java.lang.RuntimeException: XSCT server calls should not be made from TCF thread.
	at com.xilinx.sdk.xsdb.XSDBCommandManager.issueAndWait(XSDBCommandManager.java:392) [com.xilinx.sdk.xsdb_1.0.0.202210132147.jar:?]
	at com.xilinx.sdk.xsdb.XsdbCommandUtils.executeAndRespond(XsdbCommandUtils.java:325) [com.xilinx.sdk.xsdb_1.0.0.202210132147.jar:?]
	at com.xilinx.sdk.hw.internal.HwPlatform.dispose(HwPlatform.java:1325) [com.xilinx.sdk.hw_1.0.0.202210132147.jar:?]
	at com.xilinx.sdk.hw.internal.HwSpecFactory.removeHwSpec(HwSpecFactory.java:92) [com.xilinx.sdk.hw_1.0.0.202210132147.jar:?]
	at com.xilinx.sdk.hw.internal.HwSpecFactory.validateGetFromCache(HwSpecFactory.java:78) [com.xilinx.sdk.hw_1.0.0.202210132147.jar:?]
	at com.xilinx.sdk.hw.internal.HwSpecFactory.createHwSpec(HwSpecFactory.java:48) [com.xilinx.sdk.hw_1.0.0.202210132147.jar:?]
	at com.xilinx.sdx.sdsoc.debug.ui.SdsLaunchConfigUtil.createHwPlatform(SdsLaunchConfigUtil.java:57) [com.xilinx.sdx.sdsoc.debug.ui_1.0.0.202210132147.jar:?]
	at com.xilinx.sdx.sdsoc.debug.ui.SdsLaunchConfigModel.iniHwPlatform(SdsLaunchConfigModel.java:187) [com.xilinx.sdx.sdsoc.debug.ui_1.0.0.202210132147.jar:?]
	at com.xilinx.sdk.tcf.internal.debug.ui.common.BaseLaunchConfigModel.getHwPlatform(BaseLaunchConfigModel.java:577) [com.xilinx.sdk.tcf.debug_1.0.0.202210132147.jar:?]
	at com.xilinx.sdk.tcf.internal.debug.ui.common.BaseLaunchConfigModel.readCrossTriggerModel(BaseLaunchConfigModel.java:173) [com.xilinx.sdk.tcf.debug_1.0.0.202210132147.jar:?]
	at com.xilinx.sdk.tcf.internal.debug.ui.common.BaseLaunchConfigModel.readAndSetAttributes(BaseLaunchConfigModel.java:156) [com.xilinx.sdk.tcf.debug_1.0.0.202210132147.jar:?]
	at com.xilinx.sdx.sdsoc.debug.ui.SdsLaunchConfigModel.newInstance(SdsLaunchConfigModel.java:109) [com.xilinx.sdx.sdsoc.debug.ui_1.0.0.202210132147.jar:?]
	at com.xilinx.sdx.sdsoc.debug.launch.SdsTcfLaunchDelegate.createConfigModel(SdsTcfLaunchDelegate.java:85) [com.xilinx.sdx.sdsoc.debug_1.0.0.202210132147.jar:?]
	at com.xilinx.sdx.sdsoc.debug.launch.SdsTcfLaunchDelegate.generateReports(SdsTcfLaunchDelegate.java:641) [com.xilinx.sdx.sdsoc.debug_1.0.0.202210132147.jar:?]
	at com.xilinx.sdx.sdsoc.debug.launch.SdsTcfLaunchDelegate.onDisconnected(SdsTcfLaunchDelegate.java:615) [com.xilinx.sdx.sdsoc.debug_1.0.0.202210132147.jar:?]
	at org.eclipse.tcf.internal.debug.ui.model.TCFModelManager$1.onDisconnected(TCFModelManager.java:79) [org.eclipse.tcf.debug.ui_1.7.0.202210132147.jar:?]
	at org.eclipse.tcf.internal.debug.model.TCFLaunch.onDisconnected(TCFLaunch.java:532) [org.eclipse.tcf.debug_1.7.0.202210132147.jar:?]
	at org.eclipse.tcf.internal.debug.model.TCFLaunch$43.onChannelClosed(TCFLaunch.java:1643) [org.eclipse.tcf.debug_1.7.0.202210132147.jar:?]
	at org.eclipse.tcf.core.AbstractChannel$9.run(AbstractChannel.java:858) [org.eclipse.tcf.core_1.7.0.202210132147.jar:?]
	at org.eclipse.tcf.EventQueue.run(EventQueue.java:98) [org.eclipse.tcf_1.7.0.202210132147.jar:?]
	at java.lang.Thread.run(Thread.java:829) [?:?]
15:59:26 INFO  : Disconnected from the channel tcfchan#154.
15:59:32 INFO  : Checking for BSP changes to sync application flags for project 'syncMain'...
15:59:38 INFO  : The hardware specification used by project 'syncMain' is out of sync with the platform. Resource files extracted from the hardware specification will be updated.
15:59:38 INFO  : The file 'E:\kevin\myCode\microBlaze100\vitisJson\syncMain\_ide\bitstream\design_1_wrapper.bit' stored in project is removed.
15:59:38 INFO  : The file 'E:\kevin\myCode\microBlaze100\vitisJson\syncMain\_ide\bitstream\design_1_wrapper.mmi' stored in project is removed.
15:59:38 INFO  : The updated bitstream files are copied from platform to folder 'E:\kevin\myCode\microBlaze100\vitisJson\syncMain\_ide\bitstream' in project 'syncMain'.
15:59:41 INFO  : Connected to target on host '127.0.0.1' and port '3121'.
15:59:41 INFO  : Jtag cable 'Digilent JTAG-HS2 201706300081' is selected.
15:59:41 INFO  : 'jtag frequency' command is executed.
15:59:41 INFO  : 'targets -set -filter {jtag_cable_name =~ "Digilent JTAG-HS2 201706300081" && level==0 && jtag_device_ctx=="jsn-JTAG-HS2-201706300081-13631093-0"}' command is executed.
15:59:44 INFO  : Device configured successfully with "E:/kevin/myCode/microBlaze100/vitisJson/syncMain/_ide/bitstream/design_1_wrapper.bit"
15:59:44 INFO  : Context for processor 'microblaze_0' is selected.
15:59:44 INFO  : Hardware design and registers information is loaded from 'E:/kevin/myCode/microBlaze100/vitisJson/syncBlaze/export/syncBlaze/hw/design_1_wrapper.xsa'.
15:59:44 INFO  : 'configparams mdm-detect-bscan-mask 2' command is executed.
15:59:44 INFO  : Context for processor 'microblaze_0' is selected.
15:59:44 INFO  : System reset is completed.
15:59:47 INFO  : 'after 3000' command is executed.
15:59:47 INFO  : Context for processor 'microblaze_0' is selected.
15:59:47 INFO  : The application 'E:/kevin/myCode/microBlaze100/vitisJson/syncMain/Debug/syncMain.elf' is downloaded to processor 'microblaze_0'.
15:59:47 INFO  : ----------------XSDB Script----------------
connect -url tcp:127.0.0.1:3121
targets -set -filter {jtag_cable_name =~ "Digilent JTAG-HS2 201706300081" && level==0 && jtag_device_ctx=="jsn-JTAG-HS2-201706300081-13631093-0"}
fpga -file E:/kevin/myCode/microBlaze100/vitisJson/syncMain/_ide/bitstream/design_1_wrapper.bit
targets -set -nocase -filter {name =~ "*microblaze*#0" && bscan=="USER2" }
loadhw -hw E:/kevin/myCode/microBlaze100/vitisJson/syncBlaze/export/syncBlaze/hw/design_1_wrapper.xsa -regs
configparams mdm-detect-bscan-mask 2
targets -set -nocase -filter {name =~ "*microblaze*#0" && bscan=="USER2" }
rst -system
after 3000
targets -set -nocase -filter {name =~ "*microblaze*#0" && bscan=="USER2" }
dow E:/kevin/myCode/microBlaze100/vitisJson/syncMain/Debug/syncMain.elf
----------------End of Script----------------

15:59:48 INFO  : Context for processor 'microblaze_0' is selected.
15:59:48 INFO  : 'con' command is executed.
15:59:48 INFO  : ----------------XSDB Script (After Launch)----------------
targets -set -nocase -filter {name =~ "*microblaze*#0" && bscan=="USER2" }
con
----------------End of Script----------------

15:59:48 INFO  : Launch script is exported to file 'E:\kevin\myCode\microBlaze100\vitisJson\syncMain_system\_ide\scripts\systemdebugger_syncmain_system_standalone.tcl'
16:53:19 INFO  : Hardware specification for platform project 'syncBlaze' is updated.
16:53:29 INFO  : Hardware specification for platform project 'syncBlaze' is updated.
16:53:44 INFO  : Result from executing command 'getProjects': syncBlaze
16:53:44 INFO  : Result from executing command 'getPlatforms': syncBlaze|E:/kevin/myCode/microBlaze100/vitisJson/syncBlaze/export/syncBlaze/syncBlaze.xpfm;xilinx_vck190_base_202220_1|D:/Xilinx202202/Vitis/2022.2/base_platforms/xilinx_vck190_base_202220_1/xilinx_vck190_base_202220_1.xpfm;xilinx_vck190_base_dfx_202220_1|D:/Xilinx202202/Vitis/2022.2/base_platforms/xilinx_vck190_base_dfx_202220_1/xilinx_vck190_base_dfx_202220_1.xpfm;xilinx_vmk180_base_202220_1|D:/Xilinx202202/Vitis/2022.2/base_platforms/xilinx_vmk180_base_202220_1/xilinx_vmk180_base_202220_1.xpfm;xilinx_zcu102_base_202220_1|D:/Xilinx202202/Vitis/2022.2/base_platforms/xilinx_zcu102_base_202220_1/xilinx_zcu102_base_202220_1.xpfm;xilinx_zcu102_base_dfx_202220_1|D:/Xilinx202202/Vitis/2022.2/base_platforms/xilinx_zcu102_base_dfx_202220_1/xilinx_zcu102_base_dfx_202220_1.xpfm;xilinx_zcu104_base_202220_1|D:/Xilinx202202/Vitis/2022.2/base_platforms/xilinx_zcu104_base_202220_1/xilinx_zcu104_base_202220_1.xpfm
16:54:26 INFO  : Checking for BSP changes to sync application flags for project 'syncMain'...
16:54:32 ERROR : XSCT server calls should not be made from TCF thread.
java.lang.RuntimeException: XSCT server calls should not be made from TCF thread.
	at com.xilinx.sdk.xsdb.XSDBCommandManager.issueAndWait(XSDBCommandManager.java:392) [com.xilinx.sdk.xsdb_1.0.0.202210132147.jar:?]
	at com.xilinx.sdk.xsdb.XsdbCommandUtils.executeAndRespond(XsdbCommandUtils.java:325) [com.xilinx.sdk.xsdb_1.0.0.202210132147.jar:?]
	at com.xilinx.sdk.hw.internal.HwPlatform.populateDesignProps(HwPlatform.java:521) [com.xilinx.sdk.hw_1.0.0.202210132147.jar:?]
	at com.xilinx.sdk.hw.internal.HwPlatform.isZynq(HwPlatform.java:1101) [com.xilinx.sdk.hw_1.0.0.202210132147.jar:?]
	at com.xilinx.sdk.hw.internal.HwPlatform.getArchFamily(HwPlatform.java:587) [com.xilinx.sdk.hw_1.0.0.202210132147.jar:?]
	at com.xilinx.sdk.tcf.internal.debug.ui.common.BaseLaunchConfigModel.readCrossTriggerModel(BaseLaunchConfigModel.java:174) [com.xilinx.sdk.tcf.debug_1.0.0.202210132147.jar:?]
	at com.xilinx.sdk.tcf.internal.debug.ui.common.BaseLaunchConfigModel.readAndSetAttributes(BaseLaunchConfigModel.java:156) [com.xilinx.sdk.tcf.debug_1.0.0.202210132147.jar:?]
	at com.xilinx.sdx.sdsoc.debug.ui.SdsLaunchConfigModel.newInstance(SdsLaunchConfigModel.java:109) [com.xilinx.sdx.sdsoc.debug.ui_1.0.0.202210132147.jar:?]
	at com.xilinx.sdx.sdsoc.debug.launch.SdsTcfLaunchDelegate.createConfigModel(SdsTcfLaunchDelegate.java:85) [com.xilinx.sdx.sdsoc.debug_1.0.0.202210132147.jar:?]
	at com.xilinx.sdx.sdsoc.debug.launch.SdsTcfLaunchDelegate.generateReports(SdsTcfLaunchDelegate.java:641) [com.xilinx.sdx.sdsoc.debug_1.0.0.202210132147.jar:?]
	at com.xilinx.sdx.sdsoc.debug.launch.SdsTcfLaunchDelegate.onDisconnected(SdsTcfLaunchDelegate.java:615) [com.xilinx.sdx.sdsoc.debug_1.0.0.202210132147.jar:?]
	at org.eclipse.tcf.internal.debug.ui.model.TCFModelManager$1.onDisconnected(TCFModelManager.java:79) [org.eclipse.tcf.debug.ui_1.7.0.202210132147.jar:?]
	at org.eclipse.tcf.internal.debug.model.TCFLaunch.onDisconnected(TCFLaunch.java:532) [org.eclipse.tcf.debug_1.7.0.202210132147.jar:?]
	at org.eclipse.tcf.internal.debug.model.TCFLaunch$43.onChannelClosed(TCFLaunch.java:1643) [org.eclipse.tcf.debug_1.7.0.202210132147.jar:?]
	at org.eclipse.tcf.core.AbstractChannel$9.run(AbstractChannel.java:858) [org.eclipse.tcf.core_1.7.0.202210132147.jar:?]
	at org.eclipse.tcf.EventQueue.run(EventQueue.java:98) [org.eclipse.tcf_1.7.0.202210132147.jar:?]
	at java.lang.Thread.run(Thread.java:829) [?:?]
16:54:32 INFO  : Disconnected from the channel tcfchan#156.
16:54:36 INFO  : The hardware specification used by project 'syncMain' is out of sync with the platform. Resource files extracted from the hardware specification will be updated.
16:54:36 INFO  : The file 'E:\kevin\myCode\microBlaze100\vitisJson\syncMain\_ide\bitstream\design_1_wrapper.bit' stored in project is removed.
16:54:36 INFO  : The file 'E:\kevin\myCode\microBlaze100\vitisJson\syncMain\_ide\bitstream\design_1_wrapper.mmi' stored in project is removed.
16:54:36 INFO  : The updated bitstream files are copied from platform to folder 'E:\kevin\myCode\microBlaze100\vitisJson\syncMain\_ide\bitstream' in project 'syncMain'.
16:54:36 INFO  : Connected to target on host '127.0.0.1' and port '3121'.
16:54:36 INFO  : Jtag cable 'Digilent JTAG-HS2 201706300081' is selected.
16:54:36 INFO  : 'jtag frequency' command is executed.
16:54:36 INFO  : 'targets -set -filter {jtag_cable_name =~ "Digilent JTAG-HS2 201706300081" && level==0 && jtag_device_ctx=="jsn-JTAG-HS2-201706300081-13631093-0"}' command is executed.
16:54:40 INFO  : Device configured successfully with "E:/kevin/myCode/microBlaze100/vitisJson/syncMain/_ide/bitstream/design_1_wrapper.bit"
16:54:40 INFO  : Context for processor 'microblaze_0' is selected.
16:54:40 INFO  : Hardware design and registers information is loaded from 'E:/kevin/myCode/microBlaze100/vitisJson/syncBlaze/export/syncBlaze/hw/design_1_wrapper.xsa'.
16:54:40 INFO  : 'configparams mdm-detect-bscan-mask 2' command is executed.
16:54:40 INFO  : Context for processor 'microblaze_0' is selected.
16:54:40 INFO  : System reset is completed.
16:54:43 INFO  : 'after 3000' command is executed.
16:54:43 INFO  : Context for processor 'microblaze_0' is selected.
16:54:43 INFO  : The application 'E:/kevin/myCode/microBlaze100/vitisJson/syncMain/Debug/syncMain.elf' is downloaded to processor 'microblaze_0'.
16:54:43 INFO  : ----------------XSDB Script----------------
connect -url tcp:127.0.0.1:3121
targets -set -filter {jtag_cable_name =~ "Digilent JTAG-HS2 201706300081" && level==0 && jtag_device_ctx=="jsn-JTAG-HS2-201706300081-13631093-0"}
fpga -file E:/kevin/myCode/microBlaze100/vitisJson/syncMain/_ide/bitstream/design_1_wrapper.bit
targets -set -nocase -filter {name =~ "*microblaze*#0" && bscan=="USER2" }
loadhw -hw E:/kevin/myCode/microBlaze100/vitisJson/syncBlaze/export/syncBlaze/hw/design_1_wrapper.xsa -regs
configparams mdm-detect-bscan-mask 2
targets -set -nocase -filter {name =~ "*microblaze*#0" && bscan=="USER2" }
rst -system
after 3000
targets -set -nocase -filter {name =~ "*microblaze*#0" && bscan=="USER2" }
dow E:/kevin/myCode/microBlaze100/vitisJson/syncMain/Debug/syncMain.elf
----------------End of Script----------------

16:54:43 INFO  : Context for processor 'microblaze_0' is selected.
16:54:43 INFO  : 'con' command is executed.
16:54:43 INFO  : ----------------XSDB Script (After Launch)----------------
targets -set -nocase -filter {name =~ "*microblaze*#0" && bscan=="USER2" }
con
----------------End of Script----------------

16:54:43 INFO  : Launch script is exported to file 'E:\kevin\myCode\microBlaze100\vitisJson\syncMain_system\_ide\scripts\systemdebugger_syncmain_system_standalone.tcl'
17:46:58 INFO  : Hardware specification for platform project 'syncBlaze' is updated.
17:47:25 INFO  : Result from executing command 'getProjects': syncBlaze
17:47:25 INFO  : Result from executing command 'getPlatforms': syncBlaze|E:/kevin/myCode/microBlaze100/vitisJson/syncBlaze/export/syncBlaze/syncBlaze.xpfm;xilinx_vck190_base_202220_1|D:/Xilinx202202/Vitis/2022.2/base_platforms/xilinx_vck190_base_202220_1/xilinx_vck190_base_202220_1.xpfm;xilinx_vck190_base_dfx_202220_1|D:/Xilinx202202/Vitis/2022.2/base_platforms/xilinx_vck190_base_dfx_202220_1/xilinx_vck190_base_dfx_202220_1.xpfm;xilinx_vmk180_base_202220_1|D:/Xilinx202202/Vitis/2022.2/base_platforms/xilinx_vmk180_base_202220_1/xilinx_vmk180_base_202220_1.xpfm;xilinx_zcu102_base_202220_1|D:/Xilinx202202/Vitis/2022.2/base_platforms/xilinx_zcu102_base_202220_1/xilinx_zcu102_base_202220_1.xpfm;xilinx_zcu102_base_dfx_202220_1|D:/Xilinx202202/Vitis/2022.2/base_platforms/xilinx_zcu102_base_dfx_202220_1/xilinx_zcu102_base_dfx_202220_1.xpfm;xilinx_zcu104_base_202220_1|D:/Xilinx202202/Vitis/2022.2/base_platforms/xilinx_zcu104_base_202220_1/xilinx_zcu104_base_202220_1.xpfm
17:47:37 ERROR : XSCT server calls should not be made from TCF thread.
java.lang.RuntimeException: XSCT server calls should not be made from TCF thread.
	at com.xilinx.sdk.xsdb.XSDBCommandManager.issueAndWait(XSDBCommandManager.java:392) [com.xilinx.sdk.xsdb_1.0.0.202210132147.jar:?]
	at com.xilinx.sdk.xsdb.XsdbCommandUtils.executeAndRespond(XsdbCommandUtils.java:325) [com.xilinx.sdk.xsdb_1.0.0.202210132147.jar:?]
	at com.xilinx.sdk.hw.internal.HwPlatform.dispose(HwPlatform.java:1325) [com.xilinx.sdk.hw_1.0.0.202210132147.jar:?]
	at com.xilinx.sdk.hw.internal.HwSpecFactory.removeHwSpec(HwSpecFactory.java:92) [com.xilinx.sdk.hw_1.0.0.202210132147.jar:?]
	at com.xilinx.sdk.hw.internal.HwSpecFactory.validateGetFromCache(HwSpecFactory.java:78) [com.xilinx.sdk.hw_1.0.0.202210132147.jar:?]
	at com.xilinx.sdk.hw.internal.HwSpecFactory.createHwSpec(HwSpecFactory.java:48) [com.xilinx.sdk.hw_1.0.0.202210132147.jar:?]
	at com.xilinx.sdx.sdsoc.debug.ui.SdsLaunchConfigUtil.createHwPlatform(SdsLaunchConfigUtil.java:57) [com.xilinx.sdx.sdsoc.debug.ui_1.0.0.202210132147.jar:?]
	at com.xilinx.sdx.sdsoc.debug.ui.SdsLaunchConfigModel.iniHwPlatform(SdsLaunchConfigModel.java:187) [com.xilinx.sdx.sdsoc.debug.ui_1.0.0.202210132147.jar:?]
	at com.xilinx.sdk.tcf.internal.debug.ui.common.BaseLaunchConfigModel.getHwPlatform(BaseLaunchConfigModel.java:577) [com.xilinx.sdk.tcf.debug_1.0.0.202210132147.jar:?]
	at com.xilinx.sdk.tcf.internal.debug.ui.common.BaseLaunchConfigModel.readCrossTriggerModel(BaseLaunchConfigModel.java:173) [com.xilinx.sdk.tcf.debug_1.0.0.202210132147.jar:?]
	at com.xilinx.sdk.tcf.internal.debug.ui.common.BaseLaunchConfigModel.readAndSetAttributes(BaseLaunchConfigModel.java:156) [com.xilinx.sdk.tcf.debug_1.0.0.202210132147.jar:?]
	at com.xilinx.sdx.sdsoc.debug.ui.SdsLaunchConfigModel.newInstance(SdsLaunchConfigModel.java:109) [com.xilinx.sdx.sdsoc.debug.ui_1.0.0.202210132147.jar:?]
	at com.xilinx.sdx.sdsoc.debug.launch.SdsTcfLaunchDelegate.createConfigModel(SdsTcfLaunchDelegate.java:85) [com.xilinx.sdx.sdsoc.debug_1.0.0.202210132147.jar:?]
	at com.xilinx.sdx.sdsoc.debug.launch.SdsTcfLaunchDelegate.generateReports(SdsTcfLaunchDelegate.java:641) [com.xilinx.sdx.sdsoc.debug_1.0.0.202210132147.jar:?]
	at com.xilinx.sdx.sdsoc.debug.launch.SdsTcfLaunchDelegate.onDisconnected(SdsTcfLaunchDelegate.java:615) [com.xilinx.sdx.sdsoc.debug_1.0.0.202210132147.jar:?]
	at org.eclipse.tcf.internal.debug.ui.model.TCFModelManager$1.onDisconnected(TCFModelManager.java:79) [org.eclipse.tcf.debug.ui_1.7.0.202210132147.jar:?]
	at org.eclipse.tcf.internal.debug.model.TCFLaunch.onDisconnected(TCFLaunch.java:532) [org.eclipse.tcf.debug_1.7.0.202210132147.jar:?]
	at org.eclipse.tcf.internal.debug.model.TCFLaunch$43.onChannelClosed(TCFLaunch.java:1643) [org.eclipse.tcf.debug_1.7.0.202210132147.jar:?]
	at org.eclipse.tcf.core.AbstractChannel$9.run(AbstractChannel.java:858) [org.eclipse.tcf.core_1.7.0.202210132147.jar:?]
	at org.eclipse.tcf.EventQueue.run(EventQueue.java:98) [org.eclipse.tcf_1.7.0.202210132147.jar:?]
	at java.lang.Thread.run(Thread.java:829) [?:?]
17:47:37 INFO  : Disconnected from the channel tcfchan#158.
17:47:45 INFO  : The hardware specification used by project 'syncMain' is out of sync with the platform. Resource files extracted from the hardware specification will be updated.
17:47:45 INFO  : The file 'E:\kevin\myCode\microBlaze100\vitisJson\syncMain\_ide\bitstream\design_1_wrapper.bit' stored in project is removed.
17:47:45 INFO  : The file 'E:\kevin\myCode\microBlaze100\vitisJson\syncMain\_ide\bitstream\design_1_wrapper.mmi' stored in project is removed.
17:47:45 INFO  : The updated bitstream files are copied from platform to folder 'E:\kevin\myCode\microBlaze100\vitisJson\syncMain\_ide\bitstream' in project 'syncMain'.
17:47:45 INFO  : Connected to target on host '127.0.0.1' and port '3121'.
17:47:45 INFO  : Jtag cable 'Digilent JTAG-HS2 201706300081' is selected.
17:47:45 INFO  : 'jtag frequency' command is executed.
17:47:45 INFO  : 'targets -set -filter {jtag_cable_name =~ "Digilent JTAG-HS2 201706300081" && level==0 && jtag_device_ctx=="jsn-JTAG-HS2-201706300081-13631093-0"}' command is executed.
17:47:48 INFO  : Device configured successfully with "E:/kevin/myCode/microBlaze100/vitisJson/syncMain/_ide/bitstream/design_1_wrapper.bit"
17:47:48 INFO  : Context for processor 'microblaze_0' is selected.
17:47:48 INFO  : Hardware design and registers information is loaded from 'E:/kevin/myCode/microBlaze100/vitisJson/syncBlaze/export/syncBlaze/hw/design_1_wrapper.xsa'.
17:47:48 INFO  : 'configparams mdm-detect-bscan-mask 2' command is executed.
17:47:48 INFO  : Context for processor 'microblaze_0' is selected.
17:47:48 INFO  : System reset is completed.
17:47:51 INFO  : 'after 3000' command is executed.
17:47:51 INFO  : Context for processor 'microblaze_0' is selected.
17:47:52 INFO  : The application 'E:/kevin/myCode/microBlaze100/vitisJson/syncMain/Debug/syncMain.elf' is downloaded to processor 'microblaze_0'.
17:47:52 INFO  : ----------------XSDB Script----------------
connect -url tcp:127.0.0.1:3121
targets -set -filter {jtag_cable_name =~ "Digilent JTAG-HS2 201706300081" && level==0 && jtag_device_ctx=="jsn-JTAG-HS2-201706300081-13631093-0"}
fpga -file E:/kevin/myCode/microBlaze100/vitisJson/syncMain/_ide/bitstream/design_1_wrapper.bit
targets -set -nocase -filter {name =~ "*microblaze*#0" && bscan=="USER2" }
loadhw -hw E:/kevin/myCode/microBlaze100/vitisJson/syncBlaze/export/syncBlaze/hw/design_1_wrapper.xsa -regs
configparams mdm-detect-bscan-mask 2
targets -set -nocase -filter {name =~ "*microblaze*#0" && bscan=="USER2" }
rst -system
after 3000
targets -set -nocase -filter {name =~ "*microblaze*#0" && bscan=="USER2" }
dow E:/kevin/myCode/microBlaze100/vitisJson/syncMain/Debug/syncMain.elf
----------------End of Script----------------

17:47:52 INFO  : Context for processor 'microblaze_0' is selected.
17:47:52 INFO  : 'con' command is executed.
17:47:52 INFO  : ----------------XSDB Script (After Launch)----------------
targets -set -nocase -filter {name =~ "*microblaze*#0" && bscan=="USER2" }
con
----------------End of Script----------------

17:47:52 INFO  : Launch script is exported to file 'E:\kevin\myCode\microBlaze100\vitisJson\syncMain_system\_ide\scripts\systemdebugger_syncmain_system_standalone.tcl'
17:47:53 INFO  : Checking for BSP changes to sync application flags for project 'syncMain'...
17:48:13 INFO  : Disconnected from the channel tcfchan#160.
17:48:14 INFO  : Connected to target on host '127.0.0.1' and port '3121'.
17:48:23 INFO  : ----------------XSDB Script----------------
connect -url tcp:127.0.0.1:3121
----------------End of Script----------------

17:48:23 ERROR : Could not find FPGA device on the board for connection 'Local'.


Troubleshooting hints:
1. Check whether board is connected to system properly.
2. In case of zynq board, check whether Digilent/Xilinx cable switch settings are correct.
3. If you are using Xilinx Platform Cable USB, ensure that status LED is green.
17:48:27 INFO  : Connected to target on host '127.0.0.1' and port '3121'.
17:48:27 INFO  : Jtag cable 'Digilent JTAG-HS2 201706300081' is selected.
17:48:27 INFO  : 'jtag frequency' command is executed.
17:48:27 INFO  : 'targets -set -filter {jtag_cable_name =~ "Digilent JTAG-HS2 201706300081" && level==0 && jtag_device_ctx=="jsn-JTAG-HS2-201706300081-13631093-0"}' command is executed.
17:48:30 INFO  : Device configured successfully with "E:/kevin/myCode/microBlaze100/vitisJson/syncMain/_ide/bitstream/design_1_wrapper.bit"
17:48:30 INFO  : Context for processor 'microblaze_0' is selected.
17:48:30 INFO  : Hardware design and registers information is loaded from 'E:/kevin/myCode/microBlaze100/vitisJson/syncBlaze/export/syncBlaze/hw/design_1_wrapper.xsa'.
17:48:30 INFO  : 'configparams mdm-detect-bscan-mask 2' command is executed.
17:48:30 INFO  : Context for processor 'microblaze_0' is selected.
17:48:30 INFO  : System reset is completed.
17:48:33 INFO  : 'after 3000' command is executed.
17:48:33 INFO  : Context for processor 'microblaze_0' is selected.
17:48:33 INFO  : The application 'E:/kevin/myCode/microBlaze100/vitisJson/syncMain/Debug/syncMain.elf' is downloaded to processor 'microblaze_0'.
17:48:33 INFO  : ----------------XSDB Script----------------
connect -url tcp:127.0.0.1:3121
targets -set -filter {jtag_cable_name =~ "Digilent JTAG-HS2 201706300081" && level==0 && jtag_device_ctx=="jsn-JTAG-HS2-201706300081-13631093-0"}
fpga -file E:/kevin/myCode/microBlaze100/vitisJson/syncMain/_ide/bitstream/design_1_wrapper.bit
targets -set -nocase -filter {name =~ "*microblaze*#0" && bscan=="USER2" }
loadhw -hw E:/kevin/myCode/microBlaze100/vitisJson/syncBlaze/export/syncBlaze/hw/design_1_wrapper.xsa -regs
configparams mdm-detect-bscan-mask 2
targets -set -nocase -filter {name =~ "*microblaze*#0" && bscan=="USER2" }
rst -system
after 3000
targets -set -nocase -filter {name =~ "*microblaze*#0" && bscan=="USER2" }
dow E:/kevin/myCode/microBlaze100/vitisJson/syncMain/Debug/syncMain.elf
----------------End of Script----------------

17:48:33 INFO  : Context for processor 'microblaze_0' is selected.
17:48:33 INFO  : 'con' command is executed.
17:48:33 INFO  : ----------------XSDB Script (After Launch)----------------
targets -set -nocase -filter {name =~ "*microblaze*#0" && bscan=="USER2" }
con
----------------End of Script----------------

17:48:33 INFO  : Launch script is exported to file 'E:\kevin\myCode\microBlaze100\vitisJson\syncMain_system\_ide\scripts\systemdebugger_syncmain_system_standalone.tcl'
17:51:03 INFO  : Hardware specification for platform project 'syncBlaze' is updated.
17:51:50 INFO  : Result from executing command 'getProjects': syncBlaze
17:51:50 INFO  : Result from executing command 'getPlatforms': syncBlaze|E:/kevin/myCode/microBlaze100/vitisJson/syncBlaze/export/syncBlaze/syncBlaze.xpfm;xilinx_vck190_base_202220_1|D:/Xilinx202202/Vitis/2022.2/base_platforms/xilinx_vck190_base_202220_1/xilinx_vck190_base_202220_1.xpfm;xilinx_vck190_base_dfx_202220_1|D:/Xilinx202202/Vitis/2022.2/base_platforms/xilinx_vck190_base_dfx_202220_1/xilinx_vck190_base_dfx_202220_1.xpfm;xilinx_vmk180_base_202220_1|D:/Xilinx202202/Vitis/2022.2/base_platforms/xilinx_vmk180_base_202220_1/xilinx_vmk180_base_202220_1.xpfm;xilinx_zcu102_base_202220_1|D:/Xilinx202202/Vitis/2022.2/base_platforms/xilinx_zcu102_base_202220_1/xilinx_zcu102_base_202220_1.xpfm;xilinx_zcu102_base_dfx_202220_1|D:/Xilinx202202/Vitis/2022.2/base_platforms/xilinx_zcu102_base_dfx_202220_1/xilinx_zcu102_base_dfx_202220_1.xpfm;xilinx_zcu104_base_202220_1|D:/Xilinx202202/Vitis/2022.2/base_platforms/xilinx_zcu104_base_202220_1/xilinx_zcu104_base_202220_1.xpfm
17:52:04 INFO  : Disconnected from the channel tcfchan#161.
17:52:06 INFO  : Checking for BSP changes to sync application flags for project 'syncMain'...
17:52:12 INFO  : Checking for BSP changes to sync application flags for project 'syncMain'...
17:52:20 INFO  : Connected to target on host '127.0.0.1' and port '3121'.
17:52:20 INFO  : Jtag cable 'Digilent JTAG-HS2 201706300081' is selected.
17:52:20 INFO  : 'jtag frequency' command is executed.
17:52:20 INFO  : 'targets -set -filter {jtag_cable_name =~ "Digilent JTAG-HS2 201706300081" && level==0 && jtag_device_ctx=="jsn-JTAG-HS2-201706300081-13631093-0"}' command is executed.
17:52:23 INFO  : Device configured successfully with "E:/kevin/myCode/microBlaze100/vitisJson/syncMain/_ide/bitstream/design_1_wrapper.bit"
17:52:23 INFO  : Context for processor 'microblaze_0' is selected.
17:52:23 INFO  : Hardware design and registers information is loaded from 'E:/kevin/myCode/microBlaze100/vitisJson/syncBlaze/export/syncBlaze/hw/design_1_wrapper.xsa'.
17:52:23 INFO  : 'configparams mdm-detect-bscan-mask 2' command is executed.
17:52:23 INFO  : Context for processor 'microblaze_0' is selected.
17:52:23 INFO  : System reset is completed.
17:52:26 INFO  : 'after 3000' command is executed.
17:52:26 INFO  : Context for processor 'microblaze_0' is selected.
17:52:27 INFO  : The application 'E:/kevin/myCode/microBlaze100/vitisJson/syncMain/Debug/syncMain.elf' is downloaded to processor 'microblaze_0'.
17:52:27 INFO  : ----------------XSDB Script----------------
connect -url tcp:127.0.0.1:3121
targets -set -filter {jtag_cable_name =~ "Digilent JTAG-HS2 201706300081" && level==0 && jtag_device_ctx=="jsn-JTAG-HS2-201706300081-13631093-0"}
fpga -file E:/kevin/myCode/microBlaze100/vitisJson/syncMain/_ide/bitstream/design_1_wrapper.bit
targets -set -nocase -filter {name =~ "*microblaze*#0" && bscan=="USER2" }
loadhw -hw E:/kevin/myCode/microBlaze100/vitisJson/syncBlaze/export/syncBlaze/hw/design_1_wrapper.xsa -regs
configparams mdm-detect-bscan-mask 2
targets -set -nocase -filter {name =~ "*microblaze*#0" && bscan=="USER2" }
rst -system
after 3000
targets -set -nocase -filter {name =~ "*microblaze*#0" && bscan=="USER2" }
dow E:/kevin/myCode/microBlaze100/vitisJson/syncMain/Debug/syncMain.elf
----------------End of Script----------------

17:52:27 INFO  : Context for processor 'microblaze_0' is selected.
17:52:27 INFO  : 'con' command is executed.
17:52:27 INFO  : ----------------XSDB Script (After Launch)----------------
targets -set -nocase -filter {name =~ "*microblaze*#0" && bscan=="USER2" }
con
----------------End of Script----------------

17:52:27 INFO  : Launch script is exported to file 'E:\kevin\myCode\microBlaze100\vitisJson\syncMain_system\_ide\scripts\systemdebugger_syncmain_system_standalone.tcl'
18:13:31 INFO  : Disconnected from the channel tcfchan#163.
18:13:40 INFO  : Hardware specification for platform project 'syncBlaze' is updated.
18:13:51 INFO  : Result from executing command 'getProjects': syncBlaze
18:13:51 INFO  : Result from executing command 'getPlatforms': syncBlaze|E:/kevin/myCode/microBlaze100/vitisJson/syncBlaze/export/syncBlaze/syncBlaze.xpfm;xilinx_vck190_base_202220_1|D:/Xilinx202202/Vitis/2022.2/base_platforms/xilinx_vck190_base_202220_1/xilinx_vck190_base_202220_1.xpfm;xilinx_vck190_base_dfx_202220_1|D:/Xilinx202202/Vitis/2022.2/base_platforms/xilinx_vck190_base_dfx_202220_1/xilinx_vck190_base_dfx_202220_1.xpfm;xilinx_vmk180_base_202220_1|D:/Xilinx202202/Vitis/2022.2/base_platforms/xilinx_vmk180_base_202220_1/xilinx_vmk180_base_202220_1.xpfm;xilinx_zcu102_base_202220_1|D:/Xilinx202202/Vitis/2022.2/base_platforms/xilinx_zcu102_base_202220_1/xilinx_zcu102_base_202220_1.xpfm;xilinx_zcu102_base_dfx_202220_1|D:/Xilinx202202/Vitis/2022.2/base_platforms/xilinx_zcu102_base_dfx_202220_1/xilinx_zcu102_base_dfx_202220_1.xpfm;xilinx_zcu104_base_202220_1|D:/Xilinx202202/Vitis/2022.2/base_platforms/xilinx_zcu104_base_202220_1/xilinx_zcu104_base_202220_1.xpfm
18:14:15 INFO  : Checking for BSP changes to sync application flags for project 'syncMain'...
18:14:21 INFO  : The hardware specification used by project 'syncMain' is out of sync with the platform. Resource files extracted from the hardware specification will be updated.
18:14:21 INFO  : The file 'E:\kevin\myCode\microBlaze100\vitisJson\syncMain\_ide\bitstream\design_1_wrapper.bit' stored in project is removed.
18:14:21 INFO  : The file 'E:\kevin\myCode\microBlaze100\vitisJson\syncMain\_ide\bitstream\design_1_wrapper.mmi' stored in project is removed.
18:14:21 INFO  : The updated bitstream files are copied from platform to folder 'E:\kevin\myCode\microBlaze100\vitisJson\syncMain\_ide\bitstream' in project 'syncMain'.
18:14:23 INFO  : Connected to target on host '127.0.0.1' and port '3121'.
18:14:24 INFO  : Jtag cable 'Digilent JTAG-HS2 201706300081' is selected.
18:14:24 INFO  : 'jtag frequency' command is executed.
18:14:24 INFO  : 'targets -set -filter {jtag_cable_name =~ "Digilent JTAG-HS2 201706300081" && level==0 && jtag_device_ctx=="jsn-JTAG-HS2-201706300081-13631093-0"}' command is executed.
18:14:27 INFO  : Device configured successfully with "E:/kevin/myCode/microBlaze100/vitisJson/syncMain/_ide/bitstream/design_1_wrapper.bit"
18:14:27 INFO  : Context for processor 'microblaze_0' is selected.
18:14:27 INFO  : Hardware design and registers information is loaded from 'E:/kevin/myCode/microBlaze100/vitisJson/syncBlaze/export/syncBlaze/hw/design_1_wrapper.xsa'.
18:14:27 INFO  : 'configparams mdm-detect-bscan-mask 2' command is executed.
18:14:27 INFO  : Context for processor 'microblaze_0' is selected.
18:14:27 INFO  : System reset is completed.
18:14:30 INFO  : 'after 3000' command is executed.
18:14:30 INFO  : Context for processor 'microblaze_0' is selected.
18:14:30 INFO  : The application 'E:/kevin/myCode/microBlaze100/vitisJson/syncMain/Debug/syncMain.elf' is downloaded to processor 'microblaze_0'.
18:14:30 INFO  : ----------------XSDB Script----------------
connect -url tcp:127.0.0.1:3121
targets -set -filter {jtag_cable_name =~ "Digilent JTAG-HS2 201706300081" && level==0 && jtag_device_ctx=="jsn-JTAG-HS2-201706300081-13631093-0"}
fpga -file E:/kevin/myCode/microBlaze100/vitisJson/syncMain/_ide/bitstream/design_1_wrapper.bit
targets -set -nocase -filter {name =~ "*microblaze*#0" && bscan=="USER2" }
loadhw -hw E:/kevin/myCode/microBlaze100/vitisJson/syncBlaze/export/syncBlaze/hw/design_1_wrapper.xsa -regs
configparams mdm-detect-bscan-mask 2
targets -set -nocase -filter {name =~ "*microblaze*#0" && bscan=="USER2" }
rst -system
after 3000
targets -set -nocase -filter {name =~ "*microblaze*#0" && bscan=="USER2" }
dow E:/kevin/myCode/microBlaze100/vitisJson/syncMain/Debug/syncMain.elf
----------------End of Script----------------

18:14:30 INFO  : Context for processor 'microblaze_0' is selected.
18:14:30 INFO  : 'con' command is executed.
18:14:30 INFO  : ----------------XSDB Script (After Launch)----------------
targets -set -nocase -filter {name =~ "*microblaze*#0" && bscan=="USER2" }
con
----------------End of Script----------------

18:14:30 INFO  : Launch script is exported to file 'E:\kevin\myCode\microBlaze100\vitisJson\syncMain_system\_ide\scripts\systemdebugger_syncmain_system_standalone.tcl'
18:36:29 INFO  : Disconnected from the channel tcfchan#165.
18:36:38 INFO  : Hardware specification for platform project 'syncBlaze' is updated.
18:36:56 INFO  : Result from executing command 'getProjects': syncBlaze
18:36:56 INFO  : Result from executing command 'getPlatforms': syncBlaze|E:/kevin/myCode/microBlaze100/vitisJson/syncBlaze/export/syncBlaze/syncBlaze.xpfm;xilinx_vck190_base_202220_1|D:/Xilinx202202/Vitis/2022.2/base_platforms/xilinx_vck190_base_202220_1/xilinx_vck190_base_202220_1.xpfm;xilinx_vck190_base_dfx_202220_1|D:/Xilinx202202/Vitis/2022.2/base_platforms/xilinx_vck190_base_dfx_202220_1/xilinx_vck190_base_dfx_202220_1.xpfm;xilinx_vmk180_base_202220_1|D:/Xilinx202202/Vitis/2022.2/base_platforms/xilinx_vmk180_base_202220_1/xilinx_vmk180_base_202220_1.xpfm;xilinx_zcu102_base_202220_1|D:/Xilinx202202/Vitis/2022.2/base_platforms/xilinx_zcu102_base_202220_1/xilinx_zcu102_base_202220_1.xpfm;xilinx_zcu102_base_dfx_202220_1|D:/Xilinx202202/Vitis/2022.2/base_platforms/xilinx_zcu102_base_dfx_202220_1/xilinx_zcu102_base_dfx_202220_1.xpfm;xilinx_zcu104_base_202220_1|D:/Xilinx202202/Vitis/2022.2/base_platforms/xilinx_zcu104_base_202220_1/xilinx_zcu104_base_202220_1.xpfm
18:37:37 INFO  : Checking for BSP changes to sync application flags for project 'syncMain'...
18:37:44 INFO  : The hardware specification used by project 'syncMain' is out of sync with the platform. Resource files extracted from the hardware specification will be updated.
18:37:44 INFO  : The file 'E:\kevin\myCode\microBlaze100\vitisJson\syncMain\_ide\bitstream\design_1_wrapper.bit' stored in project is removed.
18:37:44 INFO  : The file 'E:\kevin\myCode\microBlaze100\vitisJson\syncMain\_ide\bitstream\design_1_wrapper.mmi' stored in project is removed.
18:37:44 INFO  : The updated bitstream files are copied from platform to folder 'E:\kevin\myCode\microBlaze100\vitisJson\syncMain\_ide\bitstream' in project 'syncMain'.
18:37:47 INFO  : Connected to target on host '127.0.0.1' and port '3121'.
18:37:47 INFO  : Jtag cable 'Digilent JTAG-HS2 201706300081' is selected.
18:37:47 INFO  : 'jtag frequency' command is executed.
18:37:47 INFO  : 'targets -set -filter {jtag_cable_name =~ "Digilent JTAG-HS2 201706300081" && level==0 && jtag_device_ctx=="jsn-JTAG-HS2-201706300081-13631093-0"}' command is executed.
18:37:50 INFO  : Device configured successfully with "E:/kevin/myCode/microBlaze100/vitisJson/syncMain/_ide/bitstream/design_1_wrapper.bit"
18:37:50 INFO  : Context for processor 'microblaze_0' is selected.
18:37:50 INFO  : Hardware design and registers information is loaded from 'E:/kevin/myCode/microBlaze100/vitisJson/syncBlaze/export/syncBlaze/hw/design_1_wrapper.xsa'.
18:37:50 INFO  : 'configparams mdm-detect-bscan-mask 2' command is executed.
18:37:50 INFO  : Context for processor 'microblaze_0' is selected.
18:37:50 INFO  : System reset is completed.
18:37:53 INFO  : 'after 3000' command is executed.
18:37:53 INFO  : Context for processor 'microblaze_0' is selected.
18:37:53 INFO  : The application 'E:/kevin/myCode/microBlaze100/vitisJson/syncMain/Debug/syncMain.elf' is downloaded to processor 'microblaze_0'.
18:37:53 INFO  : ----------------XSDB Script----------------
connect -url tcp:127.0.0.1:3121
targets -set -filter {jtag_cable_name =~ "Digilent JTAG-HS2 201706300081" && level==0 && jtag_device_ctx=="jsn-JTAG-HS2-201706300081-13631093-0"}
fpga -file E:/kevin/myCode/microBlaze100/vitisJson/syncMain/_ide/bitstream/design_1_wrapper.bit
targets -set -nocase -filter {name =~ "*microblaze*#0" && bscan=="USER2" }
loadhw -hw E:/kevin/myCode/microBlaze100/vitisJson/syncBlaze/export/syncBlaze/hw/design_1_wrapper.xsa -regs
configparams mdm-detect-bscan-mask 2
targets -set -nocase -filter {name =~ "*microblaze*#0" && bscan=="USER2" }
rst -system
after 3000
targets -set -nocase -filter {name =~ "*microblaze*#0" && bscan=="USER2" }
dow E:/kevin/myCode/microBlaze100/vitisJson/syncMain/Debug/syncMain.elf
----------------End of Script----------------

18:37:54 INFO  : Context for processor 'microblaze_0' is selected.
18:37:54 INFO  : 'con' command is executed.
18:37:54 INFO  : ----------------XSDB Script (After Launch)----------------
targets -set -nocase -filter {name =~ "*microblaze*#0" && bscan=="USER2" }
con
----------------End of Script----------------

18:37:54 INFO  : Launch script is exported to file 'E:\kevin\myCode\microBlaze100\vitisJson\syncMain_system\_ide\scripts\systemdebugger_syncmain_system_standalone.tcl'
19:01:03 INFO  : Hardware specification for platform project 'syncBlaze' is updated.
19:01:13 INFO  : Result from executing command 'getProjects': syncBlaze
19:01:13 INFO  : Result from executing command 'getPlatforms': syncBlaze|E:/kevin/myCode/microBlaze100/vitisJson/syncBlaze/export/syncBlaze/syncBlaze.xpfm;xilinx_vck190_base_202220_1|D:/Xilinx202202/Vitis/2022.2/base_platforms/xilinx_vck190_base_202220_1/xilinx_vck190_base_202220_1.xpfm;xilinx_vck190_base_dfx_202220_1|D:/Xilinx202202/Vitis/2022.2/base_platforms/xilinx_vck190_base_dfx_202220_1/xilinx_vck190_base_dfx_202220_1.xpfm;xilinx_vmk180_base_202220_1|D:/Xilinx202202/Vitis/2022.2/base_platforms/xilinx_vmk180_base_202220_1/xilinx_vmk180_base_202220_1.xpfm;xilinx_zcu102_base_202220_1|D:/Xilinx202202/Vitis/2022.2/base_platforms/xilinx_zcu102_base_202220_1/xilinx_zcu102_base_202220_1.xpfm;xilinx_zcu102_base_dfx_202220_1|D:/Xilinx202202/Vitis/2022.2/base_platforms/xilinx_zcu102_base_dfx_202220_1/xilinx_zcu102_base_dfx_202220_1.xpfm;xilinx_zcu104_base_202220_1|D:/Xilinx202202/Vitis/2022.2/base_platforms/xilinx_zcu104_base_202220_1/xilinx_zcu104_base_202220_1.xpfm
19:01:27 ERROR : XSCT server calls should not be made from TCF thread.
java.lang.RuntimeException: XSCT server calls should not be made from TCF thread.
	at com.xilinx.sdk.xsdb.XSDBCommandManager.issueAndWait(XSDBCommandManager.java:392) [com.xilinx.sdk.xsdb_1.0.0.202210132147.jar:?]
	at com.xilinx.sdk.xsdb.XsdbCommandUtils.executeAndRespond(XsdbCommandUtils.java:325) [com.xilinx.sdk.xsdb_1.0.0.202210132147.jar:?]
	at com.xilinx.sdk.hw.internal.HwPlatform.dispose(HwPlatform.java:1325) [com.xilinx.sdk.hw_1.0.0.202210132147.jar:?]
	at com.xilinx.sdk.hw.internal.HwSpecFactory.removeHwSpec(HwSpecFactory.java:92) [com.xilinx.sdk.hw_1.0.0.202210132147.jar:?]
	at com.xilinx.sdk.hw.internal.HwSpecFactory.validateGetFromCache(HwSpecFactory.java:78) [com.xilinx.sdk.hw_1.0.0.202210132147.jar:?]
	at com.xilinx.sdk.hw.internal.HwSpecFactory.createHwSpec(HwSpecFactory.java:48) [com.xilinx.sdk.hw_1.0.0.202210132147.jar:?]
	at com.xilinx.sdx.sdsoc.debug.ui.SdsLaunchConfigUtil.createHwPlatform(SdsLaunchConfigUtil.java:57) [com.xilinx.sdx.sdsoc.debug.ui_1.0.0.202210132147.jar:?]
	at com.xilinx.sdx.sdsoc.debug.ui.SdsLaunchConfigModel.iniHwPlatform(SdsLaunchConfigModel.java:187) [com.xilinx.sdx.sdsoc.debug.ui_1.0.0.202210132147.jar:?]
	at com.xilinx.sdk.tcf.internal.debug.ui.common.BaseLaunchConfigModel.getHwPlatform(BaseLaunchConfigModel.java:577) [com.xilinx.sdk.tcf.debug_1.0.0.202210132147.jar:?]
	at com.xilinx.sdk.tcf.internal.debug.ui.common.BaseLaunchConfigModel.readCrossTriggerModel(BaseLaunchConfigModel.java:173) [com.xilinx.sdk.tcf.debug_1.0.0.202210132147.jar:?]
	at com.xilinx.sdk.tcf.internal.debug.ui.common.BaseLaunchConfigModel.readAndSetAttributes(BaseLaunchConfigModel.java:156) [com.xilinx.sdk.tcf.debug_1.0.0.202210132147.jar:?]
	at com.xilinx.sdx.sdsoc.debug.ui.SdsLaunchConfigModel.newInstance(SdsLaunchConfigModel.java:109) [com.xilinx.sdx.sdsoc.debug.ui_1.0.0.202210132147.jar:?]
	at com.xilinx.sdx.sdsoc.debug.launch.SdsTcfLaunchDelegate.createConfigModel(SdsTcfLaunchDelegate.java:85) [com.xilinx.sdx.sdsoc.debug_1.0.0.202210132147.jar:?]
	at com.xilinx.sdx.sdsoc.debug.launch.SdsTcfLaunchDelegate.generateReports(SdsTcfLaunchDelegate.java:641) [com.xilinx.sdx.sdsoc.debug_1.0.0.202210132147.jar:?]
	at com.xilinx.sdx.sdsoc.debug.launch.SdsTcfLaunchDelegate.onDisconnected(SdsTcfLaunchDelegate.java:615) [com.xilinx.sdx.sdsoc.debug_1.0.0.202210132147.jar:?]
	at org.eclipse.tcf.internal.debug.ui.model.TCFModelManager$1.onDisconnected(TCFModelManager.java:79) [org.eclipse.tcf.debug.ui_1.7.0.202210132147.jar:?]
	at org.eclipse.tcf.internal.debug.model.TCFLaunch.onDisconnected(TCFLaunch.java:532) [org.eclipse.tcf.debug_1.7.0.202210132147.jar:?]
	at org.eclipse.tcf.internal.debug.model.TCFLaunch$43.onChannelClosed(TCFLaunch.java:1643) [org.eclipse.tcf.debug_1.7.0.202210132147.jar:?]
	at org.eclipse.tcf.core.AbstractChannel$9.run(AbstractChannel.java:858) [org.eclipse.tcf.core_1.7.0.202210132147.jar:?]
	at org.eclipse.tcf.EventQueue.run(EventQueue.java:98) [org.eclipse.tcf_1.7.0.202210132147.jar:?]
	at java.lang.Thread.run(Thread.java:829) [?:?]
19:01:27 INFO  : Disconnected from the channel tcfchan#167.
19:01:29 INFO  : Checking for BSP changes to sync application flags for project 'syncMain'...
19:01:36 INFO  : The hardware specification used by project 'syncMain' is out of sync with the platform. Resource files extracted from the hardware specification will be updated.
19:01:36 INFO  : The file 'E:\kevin\myCode\microBlaze100\vitisJson\syncMain\_ide\bitstream\design_1_wrapper.bit' stored in project is removed.
19:01:36 INFO  : The file 'E:\kevin\myCode\microBlaze100\vitisJson\syncMain\_ide\bitstream\design_1_wrapper.mmi' stored in project is removed.
19:01:36 INFO  : The updated bitstream files are copied from platform to folder 'E:\kevin\myCode\microBlaze100\vitisJson\syncMain\_ide\bitstream' in project 'syncMain'.
19:01:36 INFO  : Connected to target on host '127.0.0.1' and port '3121'.
19:01:36 INFO  : Jtag cable 'Digilent JTAG-HS2 201706300081' is selected.
19:01:36 INFO  : 'jtag frequency' command is executed.
19:01:36 INFO  : 'targets -set -filter {jtag_cable_name =~ "Digilent JTAG-HS2 201706300081" && level==0 && jtag_device_ctx=="jsn-JTAG-HS2-201706300081-13631093-0"}' command is executed.
19:01:39 INFO  : Device configured successfully with "E:/kevin/myCode/microBlaze100/vitisJson/syncMain/_ide/bitstream/design_1_wrapper.bit"
19:01:39 INFO  : Context for processor 'microblaze_0' is selected.
19:01:39 INFO  : Hardware design and registers information is loaded from 'E:/kevin/myCode/microBlaze100/vitisJson/syncBlaze/export/syncBlaze/hw/design_1_wrapper.xsa'.
19:01:39 INFO  : 'configparams mdm-detect-bscan-mask 2' command is executed.
19:01:39 INFO  : Context for processor 'microblaze_0' is selected.
19:01:39 INFO  : System reset is completed.
19:01:42 INFO  : 'after 3000' command is executed.
19:01:42 INFO  : Context for processor 'microblaze_0' is selected.
19:01:43 INFO  : The application 'E:/kevin/myCode/microBlaze100/vitisJson/syncMain/Debug/syncMain.elf' is downloaded to processor 'microblaze_0'.
19:01:43 INFO  : ----------------XSDB Script----------------
connect -url tcp:127.0.0.1:3121
targets -set -filter {jtag_cable_name =~ "Digilent JTAG-HS2 201706300081" && level==0 && jtag_device_ctx=="jsn-JTAG-HS2-201706300081-13631093-0"}
fpga -file E:/kevin/myCode/microBlaze100/vitisJson/syncMain/_ide/bitstream/design_1_wrapper.bit
targets -set -nocase -filter {name =~ "*microblaze*#0" && bscan=="USER2" }
loadhw -hw E:/kevin/myCode/microBlaze100/vitisJson/syncBlaze/export/syncBlaze/hw/design_1_wrapper.xsa -regs
configparams mdm-detect-bscan-mask 2
targets -set -nocase -filter {name =~ "*microblaze*#0" && bscan=="USER2" }
rst -system
after 3000
targets -set -nocase -filter {name =~ "*microblaze*#0" && bscan=="USER2" }
dow E:/kevin/myCode/microBlaze100/vitisJson/syncMain/Debug/syncMain.elf
----------------End of Script----------------

19:01:43 INFO  : Context for processor 'microblaze_0' is selected.
19:01:43 INFO  : 'con' command is executed.
19:01:43 INFO  : ----------------XSDB Script (After Launch)----------------
targets -set -nocase -filter {name =~ "*microblaze*#0" && bscan=="USER2" }
con
----------------End of Script----------------

19:01:43 INFO  : Launch script is exported to file 'E:\kevin\myCode\microBlaze100\vitisJson\syncMain_system\_ide\scripts\systemdebugger_syncmain_system_standalone.tcl'
09:44:43 INFO  : Disconnected from the channel tcfchan#169.
09:44:44 INFO  : Connected to target on host '127.0.0.1' and port '3121'.
09:44:45 INFO  : Jtag cable 'Digilent JTAG-HS2 201706300081' is selected.
09:44:45 INFO  : 'jtag frequency' command is executed.
09:44:45 INFO  : 'targets -set -filter {jtag_cable_name =~ "Digilent JTAG-HS2 201706300081" && level==0 && jtag_device_ctx=="jsn-JTAG-HS2-201706300081-13631093-0"}' command is executed.
09:44:48 INFO  : Device configured successfully with "E:/kevin/myCode/microBlaze100/vitisJson/syncMain/_ide/bitstream/design_1_wrapper.bit"
09:44:48 INFO  : Context for processor 'microblaze_0' is selected.
09:44:48 INFO  : Hardware design and registers information is loaded from 'E:/kevin/myCode/microBlaze100/vitisJson/syncBlaze/export/syncBlaze/hw/design_1_wrapper.xsa'.
09:44:48 INFO  : 'configparams mdm-detect-bscan-mask 2' command is executed.
09:44:48 INFO  : Context for processor 'microblaze_0' is selected.
09:44:48 INFO  : System reset is completed.
09:44:51 INFO  : 'after 3000' command is executed.
09:44:51 INFO  : Context for processor 'microblaze_0' is selected.
09:44:51 INFO  : The application 'E:/kevin/myCode/microBlaze100/vitisJson/syncMain/Debug/syncMain.elf' is downloaded to processor 'microblaze_0'.
09:44:51 INFO  : ----------------XSDB Script----------------
connect -url tcp:127.0.0.1:3121
targets -set -filter {jtag_cable_name =~ "Digilent JTAG-HS2 201706300081" && level==0 && jtag_device_ctx=="jsn-JTAG-HS2-201706300081-13631093-0"}
fpga -file E:/kevin/myCode/microBlaze100/vitisJson/syncMain/_ide/bitstream/design_1_wrapper.bit
targets -set -nocase -filter {name =~ "*microblaze*#0" && bscan=="USER2" }
loadhw -hw E:/kevin/myCode/microBlaze100/vitisJson/syncBlaze/export/syncBlaze/hw/design_1_wrapper.xsa -regs
configparams mdm-detect-bscan-mask 2
targets -set -nocase -filter {name =~ "*microblaze*#0" && bscan=="USER2" }
rst -system
after 3000
targets -set -nocase -filter {name =~ "*microblaze*#0" && bscan=="USER2" }
dow E:/kevin/myCode/microBlaze100/vitisJson/syncMain/Debug/syncMain.elf
----------------End of Script----------------

09:44:51 INFO  : Context for processor 'microblaze_0' is selected.
09:44:51 INFO  : 'con' command is executed.
09:44:51 INFO  : ----------------XSDB Script (After Launch)----------------
targets -set -nocase -filter {name =~ "*microblaze*#0" && bscan=="USER2" }
con
----------------End of Script----------------

09:44:51 INFO  : Launch script is exported to file 'E:\kevin\myCode\microBlaze100\vitisJson\syncMain_system\_ide\scripts\systemdebugger_syncmain_system_standalone.tcl'
15:52:46 INFO  : Hardware specification for platform project 'syncBlaze' is updated.
15:53:13 INFO  : Result from executing command 'getProjects': syncBlaze
15:53:14 INFO  : Result from executing command 'getPlatforms': syncBlaze|E:/kevin/myCode/microBlaze100/vitisJson/syncBlaze/export/syncBlaze/syncBlaze.xpfm;xilinx_vck190_base_202220_1|D:/Xilinx202202/Vitis/2022.2/base_platforms/xilinx_vck190_base_202220_1/xilinx_vck190_base_202220_1.xpfm;xilinx_vck190_base_dfx_202220_1|D:/Xilinx202202/Vitis/2022.2/base_platforms/xilinx_vck190_base_dfx_202220_1/xilinx_vck190_base_dfx_202220_1.xpfm;xilinx_vmk180_base_202220_1|D:/Xilinx202202/Vitis/2022.2/base_platforms/xilinx_vmk180_base_202220_1/xilinx_vmk180_base_202220_1.xpfm;xilinx_zcu102_base_202220_1|D:/Xilinx202202/Vitis/2022.2/base_platforms/xilinx_zcu102_base_202220_1/xilinx_zcu102_base_202220_1.xpfm;xilinx_zcu102_base_dfx_202220_1|D:/Xilinx202202/Vitis/2022.2/base_platforms/xilinx_zcu102_base_dfx_202220_1/xilinx_zcu102_base_dfx_202220_1.xpfm;xilinx_zcu104_base_202220_1|D:/Xilinx202202/Vitis/2022.2/base_platforms/xilinx_zcu104_base_202220_1/xilinx_zcu104_base_202220_1.xpfm
15:53:26 ERROR : XSCT server calls should not be made from TCF thread.
java.lang.RuntimeException: XSCT server calls should not be made from TCF thread.
	at com.xilinx.sdk.xsdb.XSDBCommandManager.issueAndWait(XSDBCommandManager.java:392) [com.xilinx.sdk.xsdb_1.0.0.202210132147.jar:?]
	at com.xilinx.sdk.xsdb.XsdbCommandUtils.executeAndRespond(XsdbCommandUtils.java:325) [com.xilinx.sdk.xsdb_1.0.0.202210132147.jar:?]
	at com.xilinx.sdk.hw.internal.HwPlatform.dispose(HwPlatform.java:1325) [com.xilinx.sdk.hw_1.0.0.202210132147.jar:?]
	at com.xilinx.sdk.hw.internal.HwSpecFactory.removeHwSpec(HwSpecFactory.java:92) [com.xilinx.sdk.hw_1.0.0.202210132147.jar:?]
	at com.xilinx.sdk.hw.internal.HwSpecFactory.validateGetFromCache(HwSpecFactory.java:78) [com.xilinx.sdk.hw_1.0.0.202210132147.jar:?]
	at com.xilinx.sdk.hw.internal.HwSpecFactory.createHwSpec(HwSpecFactory.java:48) [com.xilinx.sdk.hw_1.0.0.202210132147.jar:?]
	at com.xilinx.sdx.sdsoc.debug.ui.SdsLaunchConfigUtil.createHwPlatform(SdsLaunchConfigUtil.java:57) [com.xilinx.sdx.sdsoc.debug.ui_1.0.0.202210132147.jar:?]
	at com.xilinx.sdx.sdsoc.debug.ui.SdsLaunchConfigModel.iniHwPlatform(SdsLaunchConfigModel.java:187) [com.xilinx.sdx.sdsoc.debug.ui_1.0.0.202210132147.jar:?]
	at com.xilinx.sdk.tcf.internal.debug.ui.common.BaseLaunchConfigModel.getHwPlatform(BaseLaunchConfigModel.java:577) [com.xilinx.sdk.tcf.debug_1.0.0.202210132147.jar:?]
	at com.xilinx.sdk.tcf.internal.debug.ui.common.BaseLaunchConfigModel.readCrossTriggerModel(BaseLaunchConfigModel.java:173) [com.xilinx.sdk.tcf.debug_1.0.0.202210132147.jar:?]
	at com.xilinx.sdk.tcf.internal.debug.ui.common.BaseLaunchConfigModel.readAndSetAttributes(BaseLaunchConfigModel.java:156) [com.xilinx.sdk.tcf.debug_1.0.0.202210132147.jar:?]
	at com.xilinx.sdx.sdsoc.debug.ui.SdsLaunchConfigModel.newInstance(SdsLaunchConfigModel.java:109) [com.xilinx.sdx.sdsoc.debug.ui_1.0.0.202210132147.jar:?]
	at com.xilinx.sdx.sdsoc.debug.launch.SdsTcfLaunchDelegate.createConfigModel(SdsTcfLaunchDelegate.java:85) [com.xilinx.sdx.sdsoc.debug_1.0.0.202210132147.jar:?]
	at com.xilinx.sdx.sdsoc.debug.launch.SdsTcfLaunchDelegate.generateReports(SdsTcfLaunchDelegate.java:641) [com.xilinx.sdx.sdsoc.debug_1.0.0.202210132147.jar:?]
	at com.xilinx.sdx.sdsoc.debug.launch.SdsTcfLaunchDelegate.onDisconnected(SdsTcfLaunchDelegate.java:615) [com.xilinx.sdx.sdsoc.debug_1.0.0.202210132147.jar:?]
	at org.eclipse.tcf.internal.debug.ui.model.TCFModelManager$1.onDisconnected(TCFModelManager.java:79) [org.eclipse.tcf.debug.ui_1.7.0.202210132147.jar:?]
	at org.eclipse.tcf.internal.debug.model.TCFLaunch.onDisconnected(TCFLaunch.java:532) [org.eclipse.tcf.debug_1.7.0.202210132147.jar:?]
	at org.eclipse.tcf.internal.debug.model.TCFLaunch$43.onChannelClosed(TCFLaunch.java:1643) [org.eclipse.tcf.debug_1.7.0.202210132147.jar:?]
	at org.eclipse.tcf.core.AbstractChannel$9.run(AbstractChannel.java:858) [org.eclipse.tcf.core_1.7.0.202210132147.jar:?]
	at org.eclipse.tcf.EventQueue.run(EventQueue.java:98) [org.eclipse.tcf_1.7.0.202210132147.jar:?]
	at java.lang.Thread.run(Thread.java:829) [?:?]
15:53:26 INFO  : Disconnected from the channel tcfchan#170.
15:53:29 INFO  : Checking for BSP changes to sync application flags for project 'syncMain'...
15:53:38 INFO  : The hardware specification used by project 'syncMain' is out of sync with the platform. Resource files extracted from the hardware specification will be updated.
15:53:38 INFO  : The file 'E:\kevin\myCode\microBlaze100\vitisJson\syncMain\_ide\bitstream\design_1_wrapper.bit' stored in project is removed.
15:53:38 INFO  : The file 'E:\kevin\myCode\microBlaze100\vitisJson\syncMain\_ide\bitstream\design_1_wrapper.mmi' stored in project is removed.
15:53:38 INFO  : The updated bitstream files are copied from platform to folder 'E:\kevin\myCode\microBlaze100\vitisJson\syncMain\_ide\bitstream' in project 'syncMain'.
15:53:41 INFO  : Connected to target on host '127.0.0.1' and port '3121'.
15:53:41 INFO  : Jtag cable 'Digilent JTAG-HS2 201706300081' is selected.
15:53:41 INFO  : 'jtag frequency' command is executed.
15:53:41 INFO  : 'targets -set -filter {jtag_cable_name =~ "Digilent JTAG-HS2 201706300081" && level==0 && jtag_device_ctx=="jsn-JTAG-HS2-201706300081-13631093-0"}' command is executed.
15:53:44 INFO  : Device configured successfully with "E:/kevin/myCode/microBlaze100/vitisJson/syncMain/_ide/bitstream/design_1_wrapper.bit"
15:53:44 INFO  : Context for processor 'microblaze_0' is selected.
15:53:44 INFO  : Hardware design and registers information is loaded from 'E:/kevin/myCode/microBlaze100/vitisJson/syncBlaze/export/syncBlaze/hw/design_1_wrapper.xsa'.
15:53:44 INFO  : 'configparams mdm-detect-bscan-mask 2' command is executed.
15:53:44 INFO  : Context for processor 'microblaze_0' is selected.
15:53:44 INFO  : System reset is completed.
15:53:47 INFO  : 'after 3000' command is executed.
15:53:47 INFO  : Context for processor 'microblaze_0' is selected.
15:53:48 INFO  : The application 'E:/kevin/myCode/microBlaze100/vitisJson/syncMain/Debug/syncMain.elf' is downloaded to processor 'microblaze_0'.
15:53:48 INFO  : ----------------XSDB Script----------------
connect -url tcp:127.0.0.1:3121
targets -set -filter {jtag_cable_name =~ "Digilent JTAG-HS2 201706300081" && level==0 && jtag_device_ctx=="jsn-JTAG-HS2-201706300081-13631093-0"}
fpga -file E:/kevin/myCode/microBlaze100/vitisJson/syncMain/_ide/bitstream/design_1_wrapper.bit
targets -set -nocase -filter {name =~ "*microblaze*#0" && bscan=="USER2" }
loadhw -hw E:/kevin/myCode/microBlaze100/vitisJson/syncBlaze/export/syncBlaze/hw/design_1_wrapper.xsa -regs
configparams mdm-detect-bscan-mask 2
targets -set -nocase -filter {name =~ "*microblaze*#0" && bscan=="USER2" }
rst -system
after 3000
targets -set -nocase -filter {name =~ "*microblaze*#0" && bscan=="USER2" }
dow E:/kevin/myCode/microBlaze100/vitisJson/syncMain/Debug/syncMain.elf
----------------End of Script----------------

15:53:48 INFO  : Context for processor 'microblaze_0' is selected.
15:53:48 INFO  : 'con' command is executed.
15:53:48 INFO  : ----------------XSDB Script (After Launch)----------------
targets -set -nocase -filter {name =~ "*microblaze*#0" && bscan=="USER2" }
con
----------------End of Script----------------

15:53:48 INFO  : Launch script is exported to file 'E:\kevin\myCode\microBlaze100\vitisJson\syncMain_system\_ide\scripts\systemdebugger_syncmain_system_standalone.tcl'
16:13:18 INFO  : Disconnected from the channel tcfchan#172.
16:13:25 INFO  : Hardware specification for platform project 'syncBlaze' is updated.
16:13:41 INFO  : Result from executing command 'getProjects': syncBlaze
16:13:41 INFO  : Result from executing command 'getPlatforms': syncBlaze|E:/kevin/myCode/microBlaze100/vitisJson/syncBlaze/export/syncBlaze/syncBlaze.xpfm;xilinx_vck190_base_202220_1|D:/Xilinx202202/Vitis/2022.2/base_platforms/xilinx_vck190_base_202220_1/xilinx_vck190_base_202220_1.xpfm;xilinx_vck190_base_dfx_202220_1|D:/Xilinx202202/Vitis/2022.2/base_platforms/xilinx_vck190_base_dfx_202220_1/xilinx_vck190_base_dfx_202220_1.xpfm;xilinx_vmk180_base_202220_1|D:/Xilinx202202/Vitis/2022.2/base_platforms/xilinx_vmk180_base_202220_1/xilinx_vmk180_base_202220_1.xpfm;xilinx_zcu102_base_202220_1|D:/Xilinx202202/Vitis/2022.2/base_platforms/xilinx_zcu102_base_202220_1/xilinx_zcu102_base_202220_1.xpfm;xilinx_zcu102_base_dfx_202220_1|D:/Xilinx202202/Vitis/2022.2/base_platforms/xilinx_zcu102_base_dfx_202220_1/xilinx_zcu102_base_dfx_202220_1.xpfm;xilinx_zcu104_base_202220_1|D:/Xilinx202202/Vitis/2022.2/base_platforms/xilinx_zcu104_base_202220_1/xilinx_zcu104_base_202220_1.xpfm
16:13:49 INFO  : The hardware specification used by project 'syncMain' is out of sync with the platform. Resource files extracted from the hardware specification will be updated.
16:13:49 INFO  : The file 'E:\kevin\myCode\microBlaze100\vitisJson\syncMain\_ide\bitstream\design_1_wrapper.bit' stored in project is removed.
16:13:49 INFO  : The file 'E:\kevin\myCode\microBlaze100\vitisJson\syncMain\_ide\bitstream\design_1_wrapper.mmi' stored in project is removed.
16:13:49 INFO  : The updated bitstream files are copied from platform to folder 'E:\kevin\myCode\microBlaze100\vitisJson\syncMain\_ide\bitstream' in project 'syncMain'.
16:13:51 INFO  : Connected to target on host '127.0.0.1' and port '3121'.
16:13:51 INFO  : Jtag cable 'Digilent JTAG-HS2 201706300081' is selected.
16:13:51 INFO  : 'jtag frequency' command is executed.
16:13:51 INFO  : 'targets -set -filter {jtag_cable_name =~ "Digilent JTAG-HS2 201706300081" && level==0 && jtag_device_ctx=="jsn-JTAG-HS2-201706300081-13631093-0"}' command is executed.
16:13:55 INFO  : Device configured successfully with "E:/kevin/myCode/microBlaze100/vitisJson/syncMain/_ide/bitstream/design_1_wrapper.bit"
16:13:55 INFO  : Context for processor 'microblaze_0' is selected.
16:13:55 INFO  : Hardware design and registers information is loaded from 'E:/kevin/myCode/microBlaze100/vitisJson/syncBlaze/export/syncBlaze/hw/design_1_wrapper.xsa'.
16:13:55 INFO  : 'configparams mdm-detect-bscan-mask 2' command is executed.
16:13:55 INFO  : Context for processor 'microblaze_0' is selected.
16:13:55 INFO  : System reset is completed.
16:13:58 INFO  : 'after 3000' command is executed.
16:13:58 INFO  : Context for processor 'microblaze_0' is selected.
16:13:58 INFO  : The application 'E:/kevin/myCode/microBlaze100/vitisJson/syncMain/Debug/syncMain.elf' is downloaded to processor 'microblaze_0'.
16:13:58 INFO  : ----------------XSDB Script----------------
connect -url tcp:127.0.0.1:3121
targets -set -filter {jtag_cable_name =~ "Digilent JTAG-HS2 201706300081" && level==0 && jtag_device_ctx=="jsn-JTAG-HS2-201706300081-13631093-0"}
fpga -file E:/kevin/myCode/microBlaze100/vitisJson/syncMain/_ide/bitstream/design_1_wrapper.bit
targets -set -nocase -filter {name =~ "*microblaze*#0" && bscan=="USER2" }
loadhw -hw E:/kevin/myCode/microBlaze100/vitisJson/syncBlaze/export/syncBlaze/hw/design_1_wrapper.xsa -regs
configparams mdm-detect-bscan-mask 2
targets -set -nocase -filter {name =~ "*microblaze*#0" && bscan=="USER2" }
rst -system
after 3000
targets -set -nocase -filter {name =~ "*microblaze*#0" && bscan=="USER2" }
dow E:/kevin/myCode/microBlaze100/vitisJson/syncMain/Debug/syncMain.elf
----------------End of Script----------------

16:13:58 INFO  : Context for processor 'microblaze_0' is selected.
16:13:58 INFO  : 'con' command is executed.
16:13:58 INFO  : ----------------XSDB Script (After Launch)----------------
targets -set -nocase -filter {name =~ "*microblaze*#0" && bscan=="USER2" }
con
----------------End of Script----------------

16:13:58 INFO  : Launch script is exported to file 'E:\kevin\myCode\microBlaze100\vitisJson\syncMain_system\_ide\scripts\systemdebugger_syncmain_system_standalone.tcl'
16:14:01 INFO  : Checking for BSP changes to sync application flags for project 'syncMain'...
16:14:08 INFO  : Disconnected from the channel tcfchan#174.
16:14:10 INFO  : Connected to target on host '127.0.0.1' and port '3121'.
16:14:10 INFO  : Jtag cable 'Digilent JTAG-HS2 201706300081' is selected.
16:14:10 INFO  : 'jtag frequency' command is executed.
16:14:10 INFO  : 'targets -set -filter {jtag_cable_name =~ "Digilent JTAG-HS2 201706300081" && level==0 && jtag_device_ctx=="jsn-JTAG-HS2-201706300081-13631093-0"}' command is executed.
16:14:13 INFO  : Device configured successfully with "E:/kevin/myCode/microBlaze100/vitisJson/syncMain/_ide/bitstream/design_1_wrapper.bit"
16:14:13 INFO  : Context for processor 'microblaze_0' is selected.
16:14:13 INFO  : Hardware design and registers information is loaded from 'E:/kevin/myCode/microBlaze100/vitisJson/syncBlaze/export/syncBlaze/hw/design_1_wrapper.xsa'.
16:14:13 INFO  : 'configparams mdm-detect-bscan-mask 2' command is executed.
16:14:13 INFO  : Context for processor 'microblaze_0' is selected.
16:14:13 INFO  : System reset is completed.
16:14:16 INFO  : 'after 3000' command is executed.
16:14:16 INFO  : Context for processor 'microblaze_0' is selected.
16:14:16 INFO  : The application 'E:/kevin/myCode/microBlaze100/vitisJson/syncMain/Debug/syncMain.elf' is downloaded to processor 'microblaze_0'.
16:14:16 INFO  : ----------------XSDB Script----------------
connect -url tcp:127.0.0.1:3121
targets -set -filter {jtag_cable_name =~ "Digilent JTAG-HS2 201706300081" && level==0 && jtag_device_ctx=="jsn-JTAG-HS2-201706300081-13631093-0"}
fpga -file E:/kevin/myCode/microBlaze100/vitisJson/syncMain/_ide/bitstream/design_1_wrapper.bit
targets -set -nocase -filter {name =~ "*microblaze*#0" && bscan=="USER2" }
loadhw -hw E:/kevin/myCode/microBlaze100/vitisJson/syncBlaze/export/syncBlaze/hw/design_1_wrapper.xsa -regs
configparams mdm-detect-bscan-mask 2
targets -set -nocase -filter {name =~ "*microblaze*#0" && bscan=="USER2" }
rst -system
after 3000
targets -set -nocase -filter {name =~ "*microblaze*#0" && bscan=="USER2" }
dow E:/kevin/myCode/microBlaze100/vitisJson/syncMain/Debug/syncMain.elf
----------------End of Script----------------

16:14:17 INFO  : Context for processor 'microblaze_0' is selected.
16:14:17 INFO  : 'con' command is executed.
16:14:17 INFO  : ----------------XSDB Script (After Launch)----------------
targets -set -nocase -filter {name =~ "*microblaze*#0" && bscan=="USER2" }
con
----------------End of Script----------------

16:14:17 INFO  : Launch script is exported to file 'E:\kevin\myCode\microBlaze100\vitisJson\syncMain_system\_ide\scripts\systemdebugger_syncmain_system_standalone.tcl'
16:23:56 INFO  : Disconnected from the channel tcfchan#175.
